[H[2J[3J======================================
Select Gazebo World
======================================

 > Warehouse
   Depot
   Maze

Use ↑ ↓ to select, Enter to confirm.
[H[2J[3J======================================
Start Gazebo GUI?
======================================

 > Enable Gazebo GUI
   Disable Gazebo GUI

Use ↑ ↓ to select, Enter to confirm.
[H[2J[3J======================================
Start Gazebo GUI?
======================================

   Enable Gazebo GUI
 > Disable Gazebo GUI

Use ↑ ↓ to select, Enter to confirm.
[H[2J[3J======================================
Starting TurtleBot4 SLAM
======================================

World      : warehouse
Gazebo GUI : false

[INFO] [launch]: All log files can be found below /home/tsehsun/.ros/log/2026-08-03-23-45-18-485301-tsehsun-Zenbook-UX5401ZA-UX5401ZA-36772
[INFO] [launch]: Default logging verbosity is set to INFO
[INFO] [rtabmap-46]: process started with pid [36941]
[INFO] [rtabmap_viz-47]: process started with pid [36944]
[INFO] [gazebo-1]: process started with pid [36791]
[INFO] [robot_state_publisher-2]: process started with pid [36792]
[INFO] [joint_state_publisher-3]: process started with pid [36794]
[INFO] [robot_state_publisher-4]: process started with pid [36795]
[INFO] [static_transform_publisher-5]: process started with pid [36796]
[INFO] [create-6]: process started with pid [36797]
[INFO] [create-7]: process started with pid [36798]
[INFO] [parameter_bridge-8]: process started with pid [36799]
[INFO] [parameter_bridge-9]: process started with pid [36800]
[INFO] [parameter_bridge-10]: process started with pid [36801]
[INFO] [parameter_bridge-11]: process started with pid [36802]
[INFO] [parameter_bridge-12]: process started with pid [36803]
[INFO] [parameter_bridge-13]: process started with pid [36804]
[INFO] [parameter_bridge-14]: process started with pid [36807]
[INFO] [parameter_bridge-15]: process started with pid [36808]
[INFO] [parameter_bridge-16]: process started with pid [36809]
[INFO] [parameter_bridge-17]: process started with pid [36810]
[INFO] [parameter_bridge-18]: process started with pid [36813]
[INFO] [parameter_bridge-19]: process started with pid [36814]
[INFO] [parameter_bridge-20]: process started with pid [36815]
[INFO] [parameter_bridge-21]: process started with pid [36816]
[INFO] [parameter_bridge-22]: process started with pid [36819]
[INFO] [parameter_bridge-23]: process started with pid [36820]
[INFO] [parameter_bridge-24]: process started with pid [36821]
[INFO] [parameter_bridge-25]: process started with pid [36822]
[INFO] [parameter_bridge-26]: process started with pid [36823]
[INFO] [parameter_bridge-27]: process started with pid [36824]
[INFO] [parameter_bridge-28]: process started with pid [36825]
[INFO] [turtlebot4_node-29]: process started with pid [36826]
[INFO] [turtlebot4_gz_hmi_node-30]: process started with pid [36827]
[INFO] [spawner-31]: process started with pid [36828]
[INFO] [hazards_vector_publisher-32]: process started with pid [36829]
[INFO] [ir_intensity_vector_publisher-33]: process started with pid [36830]
[INFO] [motion_control-34]: process started with pid [36831]
[INFO] [wheel_status_publisher-35]: process started with pid [36838]
[INFO] [mock_publisher-36]: process started with pid [36841]
[INFO] [robot_state-37]: process started with pid [36844]
[INFO] [kidnap_estimator_publisher-38]: process started with pid [36851]
[INFO] [ui_mgr-39]: process started with pid [36853]
[INFO] [pose_republisher_node-40]: process started with pid [36857]
[INFO] [sensors_node-41]: process started with pid [36873]
[INFO] [interface_buttons_node-42]: process started with pid [36889]
[INFO] [static_transform_publisher-43]: process started with pid [36903]
[INFO] [static_transform_publisher-44]: process started with pid [36907]
[INFO] [parameter_bridge-45]: process started with pid [36933]
[INFO] [controller_server-48]: process started with pid [36955]
[INFO] [smoother_server-49]: process started with pid [36989]
[INFO] [planner_server-50]: process started with pid [37013]
[INFO] [route_server-51]: process started with pid [37014]
[INFO] [behavior_server-52]: process started with pid [37019]
[INFO] [bt_navigator-53]: process started with pid [37040]
[INFO] [waypoint_follower-54]: process started with pid [37044]
[INFO] [velocity_smoother-55]: process started with pid [37065]
[INFO] [collision_monitor-56]: process started with pid [37070]
[INFO] [opennav_docking-57]: process started with pid [37082]
[INFO] [lifecycle_manager-58]: process started with pid [37096]
[INFO] [slam_manager-59]: process started with pid [37114]
[INFO] [exploration_manager-60]: process started with pid [37125]
[static_transform_publisher-5] [WARN] [1785771919.473186688] []: Old-style arguments are deprecated; see --help for new-style arguments
[create-6] [INFO] [1785771919.550989144] [ros_gz_sim]: Requesting list of world names.
[turtlebot4_node-29] [INFO] [1785771919.585603014] [turtlebot4_node]: Init Turtlebot4 Node Main
[static_transform_publisher-44] [WARN] [1785771919.600012540] []: Old-style arguments are deprecated; see --help for new-style arguments
[static_transform_publisher-43] [WARN] [1785771919.650496142] []: Old-style arguments are deprecated; see --help for new-style arguments
[static_transform_publisher-5] [INFO] [1785771919.850188772] [tf_odom_std_dock_link_publisher]: Spinning until stopped - publishing transform
[static_transform_publisher-5] translation: ('0.157000', '0.000000', '0.000000')
[static_transform_publisher-5] rotation: ('0.000000', '0.000000', '1.000000', '0.000000')
[static_transform_publisher-5] from 'odom' to 'std_dock_link'
[parameter_bridge-26] [INFO] [1785771919.852248652] [hmi_led_msg_bridge]: Creating ROS->GZ Bridge: [/hmi/led/power (std_msgs/msg/Int32) -> /hmi/led/power (gz.msgs.Int32)] (Lazy 0)
[parameter_bridge-26] [INFO] [1785771919.858215532] [hmi_led_msg_bridge]: Creating ROS->GZ Bridge: [/hmi/led/motors (std_msgs/msg/Int32) -> /hmi/led/motors (gz.msgs.Int32)] (Lazy 0)
[parameter_bridge-26] [INFO] [1785771919.859902402] [hmi_led_msg_bridge]: Creating ROS->GZ Bridge: [/hmi/led/comms (std_msgs/msg/Int32) -> /hmi/led/comms (gz.msgs.Int32)] (Lazy 0)
[parameter_bridge-26] [INFO] [1785771919.864575275] [hmi_led_msg_bridge]: Creating ROS->GZ Bridge: [/hmi/led/wifi (std_msgs/msg/Int32) -> /hmi/led/wifi (gz.msgs.Int32)] (Lazy 0)
[parameter_bridge-26] [INFO] [1785771919.869228925] [hmi_led_msg_bridge]: Creating ROS->GZ Bridge: [/hmi/led/battery (std_msgs/msg/Int32) -> /hmi/led/battery (gz.msgs.Int32)] (Lazy 0)
[parameter_bridge-26] [INFO] [1785771919.871138895] [hmi_led_msg_bridge]: Creating ROS->GZ Bridge: [/hmi/led/user1 (std_msgs/msg/Int32) -> /hmi/led/user1 (gz.msgs.Int32)] (Lazy 0)
[parameter_bridge-26] [INFO] [1785771919.876280888] [hmi_led_msg_bridge]: Creating ROS->GZ Bridge: [/hmi/led/user2 (std_msgs/msg/Int32) -> /hmi/led/user2 (gz.msgs.Int32)] (Lazy 0)
[hazards_vector_publisher-32] [INFO] [1785771919.898130131] [hazards_vector_publisher]: Advertised topic: hazard_detection
[hazards_vector_publisher-32] [INFO] [1785771919.899671111] [hazards_vector_publisher]: Subscription to topic: _internal/bumper/event
[hazards_vector_publisher-32] [INFO] [1785771919.903412593] [hazards_vector_publisher]: Subscription to topic: _internal/cliff_front_left/event
[hazards_vector_publisher-32] [INFO] [1785771919.904970920] [hazards_vector_publisher]: Subscription to topic: _internal/cliff_front_right/event
[hazards_vector_publisher-32] [INFO] [1785771919.907530384] [hazards_vector_publisher]: Subscription to topic: _internal/cliff_side_left/event
[hazards_vector_publisher-32] [INFO] [1785771919.908883194] [hazards_vector_publisher]: Subscription to topic: _internal/cliff_side_right/event
[hazards_vector_publisher-32] [INFO] [1785771919.910125102] [hazards_vector_publisher]: Subscription to topic: _internal/wheel_drop/left_wheel/event
[hazards_vector_publisher-32] [INFO] [1785771919.911903775] [hazards_vector_publisher]: Subscription to topic: _internal/wheel_drop/right_wheel/event
[hazards_vector_publisher-32] [INFO] [1785771919.913250733] [hazards_vector_publisher]: Subscription to topic: _internal/backup_limit
[mock_publisher-36] [INFO] [1785771919.923541342] [mock_publisher]: Advertised mocked topic: slip_status
[robot_state-37] [INFO] [1785771919.925907867] [robot_state]: Advertised topic: battery_state
[robot_state-37] [INFO] [1785771919.942535337] [robot_state]: Subscription to topic: dock_status
[parameter_bridge-18] [INFO] [1785771919.980977003] [ir_intensity_front_left_bridge]: Creating GZ->ROS Bridge: [/world/warehouse/model/turtlebot4/link/ir_intensity_front_left/sensor/ir_intensity_front_left/scan (ignition.msgs.LaserScan) -> /world/warehouse/model/turtlebot4/link/ir_intensity_front_left/sensor/ir_intensity_front_left/scan (sensor_msgs/msg/LaserScan)] (Lazy 0)
[ui_mgr-39] [INFO] [1785771919.983184099] [ui_mgr]: Subscription to topic: cmd_lightring
[ui_mgr-39] [INFO] [1785771919.984598779] [ui_mgr]: Subscription to topic: cmd_audio
[robot_state-37] [INFO] [1785771919.997537658] [robot_state]: Advertised topic: stop_status
[robot_state-37] [INFO] [1785771920.009333245] [robot_state]: Subscription to topic: odom
[robot_state_publisher-4] [WARN] [1785771920.032656332] [kdl_parser]: The root link std_dock_link has an inertia specified in the URDF, but KDL does not support a root link with an inertia.  As a workaround, you can add an extra dummy link to your URDF.
[robot_state_publisher-4] [INFO] [1785771920.032858858] [dock_state_publisher]: Robot initialized
[robot_state_publisher-2] [WARN] [1785771920.034135137] [kdl_parser]: The root link base_link has an inertia specified in the URDF, but KDL does not support a root link with an inertia.  As a workaround, you can add an extra dummy link to your URDF.
[robot_state_publisher-2] [INFO] [1785771920.034583899] [robot_state_publisher]: Robot initialized
[ir_intensity_vector_publisher-33] [INFO] [1785771920.110813814] [ir_intensity_vector_publisher]: Advertised topic: ir_intensity
[parameter_bridge-20] [INFO] [1785771920.150031727] [ir_intensity_left_bridge]: Creating GZ->ROS Bridge: [/world/warehouse/model/turtlebot4/link/ir_intensity_left/sensor/ir_intensity_left/scan (ignition.msgs.LaserScan) -> /world/warehouse/model/turtlebot4/link/ir_intensity_left/sensor/ir_intensity_left/scan (sensor_msgs/msg/LaserScan)] (Lazy 0)
[ir_intensity_vector_publisher-33] [INFO] [1785771920.155394342] [ir_intensity_vector_publisher]: Subscription to topic: _internal/ir_intensity_front_center_left
[ir_intensity_vector_publisher-33] [INFO] [1785771920.156557860] [ir_intensity_vector_publisher]: Subscription to topic: _internal/ir_intensity_front_center_right
[ir_intensity_vector_publisher-33] [INFO] [1785771920.173330575] [ir_intensity_vector_publisher]: Subscription to topic: _internal/ir_intensity_front_left
[ir_intensity_vector_publisher-33] [INFO] [1785771920.178380719] [ir_intensity_vector_publisher]: Subscription to topic: _internal/ir_intensity_front_right
[ir_intensity_vector_publisher-33] [INFO] [1785771920.179292961] [ir_intensity_vector_publisher]: Subscription to topic: _internal/ir_intensity_left
[ir_intensity_vector_publisher-33] [INFO] [1785771920.180810190] [ir_intensity_vector_publisher]: Subscription to topic: _internal/ir_intensity_right
[ir_intensity_vector_publisher-33] [INFO] [1785771920.202648795] [ir_intensity_vector_publisher]: Subscription to topic: _internal/ir_intensity_side_left
[parameter_bridge-27] [INFO] [1785771920.246614786] [lidar_bridge]: Creating GZ->ROS Bridge: [/world/warehouse/model/turtlebot4/link/rplidar_link/sensor/rplidar/scan (gz.msgs.LaserScan) -> /world/warehouse/model/turtlebot4/link/rplidar_link/sensor/rplidar/scan (sensor_msgs/msg/LaserScan)] (Lazy 0)
[wheel_status_publisher-35] [INFO] [1785771920.250332198] [wheel_status_publisher]: Advertised topic: wheel_vels
[wheel_status_publisher-35] [INFO] [1785771920.252062122] [wheel_status_publisher]: Advertised topic: wheel_ticks
[turtlebot4_node-29] [INFO] [1785771920.256192298] [turtlebot4_node]: Buttons Init
[parameter_bridge-8] [INFO] [1785771920.324885342] [cmd_vel_bridge]: Creating GZ->ROS Bridge: [/cmd_vel (ignition.msgs.Twist) -> /cmd_vel (geometry_msgs/msg/TwistStamped)] (Lazy 0)
[parameter_bridge-8] [INFO] [1785771920.329152805] [cmd_vel_bridge]: Creating ROS->GZ Bridge: [/model/turtlebot4/cmd_vel (geometry_msgs/msg/TwistStamped) -> /model/turtlebot4/cmd_vel (ignition.msgs.Twist)] (Lazy 0)
[create-7] [INFO] [1785771920.330227533] [ros_gz_sim]: Requesting list of world names.
[parameter_bridge-23] [INFO] [1785771920.372958036] [buttons_msg_bridge]: Creating GZ->ROS Bridge: [/create3_buttons (ignition.msgs.Int32) -> /create3_buttons (std_msgs/msg/Int32)] (Lazy 0)
[kidnap_estimator_publisher-38] [INFO] [1785771920.383986402] [kidnap_estimator_publisher]: Advertised topic: kidnap_status
[kidnap_estimator_publisher-38] [INFO] [1785771920.386492389] [kidnap_estimator_publisher]: Subscription to topic: hazard_detection
[parameter_bridge-21] [INFO] [1785771920.394616425] [ir_intensity_right_bridge]: Creating GZ->ROS Bridge: [/world/warehouse/model/turtlebot4/link/ir_intensity_right/sensor/ir_intensity_right/scan (ignition.msgs.LaserScan) -> /world/warehouse/model/turtlebot4/link/ir_intensity_right/sensor/ir_intensity_right/scan (sensor_msgs/msg/LaserScan)] (Lazy 0)
[turtlebot4_node-29] [INFO] [1785771920.395576223] [turtlebot4_node]: Init Display
[planner_server-50] [INFO] [1785771920.410054140] [planner_server]: 
[planner_server-50] 	planner_server lifecycle node launched. 
[planner_server-50] 	Waiting on external lifecycle transitions to activate
[planner_server-50] 	See https://design.ros2.org/articles/node_lifecycle.html for more information.
[planner_server-50] [INFO] [1785771920.430776929] [planner_server]: Creating
[turtlebot4_node-29] [INFO] [1785771920.465210525] [turtlebot4_node]: Leds Init
[parameter_bridge-16] [INFO] [1785771920.465443825] [ir_intensity_front_center_left_bridge]: Creating GZ->ROS Bridge: [/world/warehouse/model/turtlebot4/link/ir_intensity_front_center_left/sensor/ir_intensity_front_center_left/scan (ignition.msgs.LaserScan) -> /world/warehouse/model/turtlebot4/link/ir_intensity_front_center_left/sensor/ir_intensity_front_center_left/scan (sensor_msgs/msg/LaserScan)] (Lazy 0)
[parameter_bridge-13] [INFO] [1785771920.492949340] [cliff_front_right_bridge]: Creating GZ->ROS Bridge: [/world/warehouse/model/turtlebot4/link/base_link/sensor/cliff_front_right/scan (ignition.msgs.LaserScan) -> /world/warehouse/model/turtlebot4/link/base_link/sensor/cliff_front_right/scan (sensor_msgs/msg/LaserScan)] (Lazy 0)
[static_transform_publisher-44] [INFO] [1785771920.532463695] [camera_stf]: Spinning until stopped - publishing transform
[static_transform_publisher-44] translation: ('0.000000', '0.000000', '0.000000')
[static_transform_publisher-44] rotation: ('0.499952', '-0.500000', '0.500000', '0.500048')
[static_transform_publisher-44] from 'oakd_rgb_camera_optical_frame' to 'turtlebot4/oakd_rgb_camera_frame/rgbd_camera'
[parameter_bridge-45] [INFO] [1785771920.550388143] [clock_bridge]: Creating GZ->ROS Bridge: [/clock (gz.msgs.Clock) -> /clock (rosgraph_msgs/msg/Clock)] (Lazy 0)
[planner_server-50] [INFO] [1785771920.577514754] [global_costmap.global_costmap]: 
[planner_server-50] 	global_costmap lifecycle node launched. 
[planner_server-50] 	Waiting on external lifecycle transitions to activate
[planner_server-50] 	See https://design.ros2.org/articles/node_lifecycle.html for more information.
[parameter_bridge-19] [INFO] [1785771920.592664898] [ir_intensity_front_right_bridge]: Creating GZ->ROS Bridge: [/world/warehouse/model/turtlebot4/link/ir_intensity_front_right/sensor/ir_intensity_front_right/scan (ignition.msgs.LaserScan) -> /world/warehouse/model/turtlebot4/link/ir_intensity_front_right/sensor/ir_intensity_front_right/scan (sensor_msgs/msg/LaserScan)] (Lazy 0)
[opennav_docking-57] [INFO] [1785771920.598850313] [docking_server]: 
[opennav_docking-57] 	docking_server lifecycle node launched. 
[opennav_docking-57] 	Waiting on external lifecycle transitions to activate
[opennav_docking-57] 	See https://design.ros2.org/articles/node_lifecycle.html for more information.
[opennav_docking-57] [INFO] [1785771920.599006075] [docking_server]: Creating docking_server
[planner_server-50] [INFO] [1785771920.606475365] [global_costmap.global_costmap]: Creating Costmap
[bt_navigator-53] [INFO] [1785771920.608088529] [bt_navigator]: 
[bt_navigator-53] 	bt_navigator lifecycle node launched. 
[bt_navigator-53] 	Waiting on external lifecycle transitions to activate
[bt_navigator-53] 	See https://design.ros2.org/articles/node_lifecycle.html for more information.
[bt_navigator-53] [INFO] [1785771920.612175054] [bt_navigator]: Creating
[controller_server-48] [INFO] [1785771920.612138067] [controller_server]: 
[controller_server-48] 	controller_server lifecycle node launched. 
[controller_server-48] 	Waiting on external lifecycle transitions to activate
[controller_server-48] 	See https://design.ros2.org/articles/node_lifecycle.html for more information.
[parameter_bridge-10] [INFO] [1785771920.613091389] [odom_base_tf_bridge]: Creating GZ->ROS Bridge: [/model/turtlebot4/tf (ignition.msgs.Pose_V) -> /model/turtlebot4/tf (tf2_msgs/msg/TFMessage)] (Lazy 0)
[rtabmap_viz-47] qt.qpa.plugin: Could not find the Qt platform plugin "wayland" in ""
[turtlebot4_node-29] [INFO] [1785771920.620856800] [turtlebot4_node]: Turtlebot4 standard running.
[parameter_bridge-17] [INFO] [1785771920.630087105] [ir_intensity_front_center_right_bridge]: Creating GZ->ROS Bridge: [/world/warehouse/model/turtlebot4/link/ir_intensity_front_center_right/sensor/ir_intensity_front_center_right/scan (ignition.msgs.LaserScan) -> /world/warehouse/model/turtlebot4/link/ir_intensity_front_center_right/sensor/ir_intensity_front_center_right/scan (sensor_msgs/msg/LaserScan)] (Lazy 0)
[smoother_server-49] [INFO] [1785771920.632251021] [smoother_server]: 
[smoother_server-49] 	smoother_server lifecycle node launched. 
[smoother_server-49] 	Waiting on external lifecycle transitions to activate
[smoother_server-49] 	See https://design.ros2.org/articles/node_lifecycle.html for more information.
[controller_server-48] [INFO] [1785771920.634703062] [controller_server]: Creating controller server
[smoother_server-49] [INFO] [1785771920.636054676] [smoother_server]: Creating smoother server
[collision_monitor-56] [INFO] [1785771920.653694625] [collision_monitor]: 
[collision_monitor-56] 	collision_monitor lifecycle node launched. 
[collision_monitor-56] 	Waiting on external lifecycle transitions to activate
[collision_monitor-56] 	See https://design.ros2.org/articles/node_lifecycle.html for more information.
[lifecycle_manager-58] [INFO] [1785771920.685464328] [lifecycle_manager_navigation]: Creating
[velocity_smoother-55] [INFO] [1785771920.690148976] [velocity_smoother]: 
[velocity_smoother-55] 	velocity_smoother lifecycle node launched. 
[velocity_smoother-55] 	Waiting on external lifecycle transitions to activate
[velocity_smoother-55] 	See https://design.ros2.org/articles/node_lifecycle.html for more information.
[lifecycle_manager-58] [INFO] [1785771920.699256390] [lifecycle_manager_navigation]: [34m[1mCreating and initializing lifecycle service clients[0m[0m
[parameter_bridge-15] [INFO] [1785771920.702969439] [cliff_side_right_bridge]: Creating GZ->ROS Bridge: [/world/warehouse/model/turtlebot4/link/base_link/sensor/cliff_side_right/scan (ignition.msgs.LaserScan) -> /world/warehouse/model/turtlebot4/link/base_link/sensor/cliff_side_right/scan (sensor_msgs/msg/LaserScan)] (Lazy 0)
[behavior_server-52] [INFO] [1785771920.714393371] [behavior_server]: 
[behavior_server-52] 	behavior_server lifecycle node launched. 
[behavior_server-52] 	Waiting on external lifecycle transitions to activate
[behavior_server-52] 	See https://design.ros2.org/articles/node_lifecycle.html for more information.
[waypoint_follower-54] [INFO] [1785771920.724076516] [waypoint_follower]: 
[waypoint_follower-54] 	waypoint_follower lifecycle node launched. 
[waypoint_follower-54] 	Waiting on external lifecycle transitions to activate
[waypoint_follower-54] 	See https://design.ros2.org/articles/node_lifecycle.html for more information.
[waypoint_follower-54] [INFO] [1785771920.726431529] [waypoint_follower]: Creating
[parameter_bridge-24] [INFO] [1785771920.729022280] [hmi_display_msg_bridge]: Creating ROS->GZ Bridge: [/hmi/display/raw (std_msgs/msg/String) -> /hmi/display/raw (gz.msgs.StringMsg)] (Lazy 0)
[parameter_bridge-24] [INFO] [1785771920.734134315] [hmi_display_msg_bridge]: Creating ROS->GZ Bridge: [/hmi/display/selected (std_msgs/msg/Int32) -> /hmi/display/selected (gz.msgs.Int32)] (Lazy 0)
[controller_server-48] [INFO] [1785771920.861686185] [local_costmap.local_costmap]: 
[controller_server-48] 	local_costmap lifecycle node launched. 
[controller_server-48] 	Waiting on external lifecycle transitions to activate
[controller_server-48] 	See https://design.ros2.org/articles/node_lifecycle.html for more information.
[controller_server-48] [INFO] [1785771920.863061612] [local_costmap.local_costmap]: Creating Costmap
[parameter_bridge-22] [INFO] [1785771920.866972015] [ir_intensity_side_left_bridge]: Creating GZ->ROS Bridge: [/world/warehouse/model/turtlebot4/link/ir_intensity_side_left/sensor/ir_intensity_side_left/scan (ignition.msgs.LaserScan) -> /world/warehouse/model/turtlebot4/link/ir_intensity_side_left/sensor/ir_intensity_side_left/scan (sensor_msgs/msg/LaserScan)] (Lazy 0)
[parameter_bridge-9] [INFO] [1785771920.892653982] [pose_bridge]: Creating GZ->ROS Bridge: [/model/turtlebot4/pose (ignition.msgs.Pose_V) -> /model/turtlebot4/pose (tf2_msgs/msg/TFMessage)] (Lazy 0)
[parameter_bridge-9] [INFO] [1785771920.918257114] [pose_bridge]: Creating GZ->ROS Bridge: [/model/standard_dock/pose (ignition.msgs.Pose_V) -> /model/standard_dock/pose (tf2_msgs/msg/TFMessage)] (Lazy 0)
[parameter_bridge-14] [INFO] [1785771920.962662902] [cliff_side_left_bridge]: Creating GZ->ROS Bridge: [/world/warehouse/model/turtlebot4/link/base_link/sensor/cliff_side_left/scan (ignition.msgs.LaserScan) -> /world/warehouse/model/turtlebot4/link/base_link/sensor/cliff_side_left/scan (sensor_msgs/msg/LaserScan)] (Lazy 0)
[parameter_bridge-25] [INFO] [1785771920.975479808] [hmi_buttons_msg_bridge]: Creating GZ->ROS Bridge: [/hmi/buttons (gz.msgs.Int32) -> /hmi/buttons (std_msgs/msg/Int32)] (Lazy 0)
[motion_control-34] [INFO] [1785771921.014600353] [motion_control]: Enabling REFLEX_BUMP
[parameter_bridge-28] [INFO] [1785771921.014995549] [camera_bridge]: Creating GZ->ROS Bridge: [/world/warehouse/model/turtlebot4/link/oakd_rgb_camera_frame/sensor/rgbd_camera/image (gz.msgs.Image) -> /world/warehouse/model/turtlebot4/link/oakd_rgb_camera_frame/sensor/rgbd_camera/image (sensor_msgs/msg/Image)] (Lazy 0)
[motion_control-34] [INFO] [1785771921.016132580] [motion_control]: Enabling REFLEX_CLIFF
[motion_control-34] [INFO] [1785771921.018773098] [motion_control]: Enabling REFLEX_STUCK
[motion_control-34] [INFO] [1785771921.019006493] [motion_control]: Enabling REFLEX_WHEEL_DROP
[parameter_bridge-28] [INFO] [1785771921.032983534] [camera_bridge]: Creating GZ->ROS Bridge: [/world/warehouse/model/turtlebot4/link/oakd_rgb_camera_frame/sensor/rgbd_camera/depth_image (gz.msgs.Image) -> /world/warehouse/model/turtlebot4/link/oakd_rgb_camera_frame/sensor/rgbd_camera/depth_image (sensor_msgs/msg/Image)] (Lazy 0)
[parameter_bridge-28] [INFO] [1785771921.037577236] [camera_bridge]: Creating GZ->ROS Bridge: [/world/warehouse/model/turtlebot4/link/oakd_rgb_camera_frame/sensor/rgbd_camera/points (gz.msgs.PointCloudPacked) -> /world/warehouse/model/turtlebot4/link/oakd_rgb_camera_frame/sensor/rgbd_camera/points (sensor_msgs/msg/PointCloud2)] (Lazy 0)
[parameter_bridge-28] [INFO] [1785771921.042478387] [camera_bridge]: Creating GZ->ROS Bridge: [/world/warehouse/model/turtlebot4/link/oakd_rgb_camera_frame/sensor/rgbd_camera/camera_info (gz.msgs.CameraInfo) -> /world/warehouse/model/turtlebot4/link/oakd_rgb_camera_frame/sensor/rgbd_camera/camera_info (sensor_msgs/msg/CameraInfo)] (Lazy 0)
[route_server-51] [INFO] [1785771921.043361316] [route_server]: 
[route_server-51] 	route_server lifecycle node launched. 
[route_server-51] 	Waiting on external lifecycle transitions to activate
[route_server-51] 	See https://design.ros2.org/articles/node_lifecycle.html for more information.
[parameter_bridge-12] [INFO] [1785771921.233450681] [cliff_front_left_bridge]: Creating GZ->ROS Bridge: [/world/warehouse/model/turtlebot4/link/base_link/sensor/cliff_front_left/scan (ignition.msgs.LaserScan) -> /world/warehouse/model/turtlebot4/link/base_link/sensor/cliff_front_left/scan (sensor_msgs/msg/LaserScan)] (Lazy 0)
[static_transform_publisher-43] [INFO] [1785771921.332824260] [rplidar_stf]: Spinning until stopped - publishing transform
[static_transform_publisher-43] translation: ('0.000000', '0.000000', '0.000000')
[static_transform_publisher-43] rotation: ('0.000000', '0.000000', '0.000000', '1.000000')
[static_transform_publisher-43] from 'rplidar_link' to 'turtlebot4/rplidar_link/rplidar'
[parameter_bridge-11] [INFO] [1785771921.393078256] [bumper_contact_bridge]: Creating GZ->ROS Bridge: [/bumper_contact (ignition.msgs.Contacts) -> /bumper_contact (ros_gz_interfaces/msg/Contacts)] (Lazy 0)
[rtabmap-46] [0m[INFO] [1785771921.432098225] [rtabmap]: rtabmap(maps): latch                      = true[0m
[rtabmap-46] [0m[INFO] [1785771921.432469848] [rtabmap]: rtabmap(maps): map_filter_radius          = 0.000000[0m
[rtabmap-46] [0m[INFO] [1785771921.432500096] [rtabmap]: rtabmap(maps): map_filter_angle           = 30.000000[0m
[rtabmap-46] [0m[INFO] [1785771921.432517624] [rtabmap]: rtabmap(maps): map_cleanup                = true[0m
[rtabmap-46] [0m[INFO] [1785771921.432529365] [rtabmap]: rtabmap(maps): map_always_update          = false[0m
[rtabmap-46] [0m[INFO] [1785771921.432544377] [rtabmap]: rtabmap(maps): map_empty_ray_tracing      = true[0m
[rtabmap-46] [0m[INFO] [1785771921.432555885] [rtabmap]: rtabmap(maps): map_cache_loaded_on_init   = true[0m
[rtabmap-46] [0m[INFO] [1785771921.432567362] [rtabmap]: rtabmap(maps): cloud_output_voxelized     = true[0m
[rtabmap-46] [0m[INFO] [1785771921.432577224] [rtabmap]: rtabmap(maps): cloud_subtract_filtering   = false[0m
[rtabmap-46] [0m[INFO] [1785771921.432587437] [rtabmap]: rtabmap(maps): cloud_subtract_filtering_min_neighbors = 2[0m
[rtabmap-46] [0m[INFO] [1785771921.433057151] [rtabmap]: rtabmap(maps): octomap_tree_depth         = 16[0m
[slam_manager-59] [INFO] [1785771921.475416902] [slam_manager]: Selected SLAM backend: rtabmap
[slam_manager-59] [INFO] [1785771921.477606475] [slam_manager]: Starting RTAB-Map backend wrapper...
[joint_state_publisher-3] [INFO] [1785771921.513905503] [joint_state_publisher]: Waiting for robot_description to be published on the robot_description topic...
[parameter_bridge-24] [INFO] [1785771921.667914570] [hmi_display_msg_bridge]: Passing message from ROS std_msgs/msg/Int32 to Gazebo gz.msgs.Int32 (showing msg only once per type)
[parameter_bridge-24] [INFO] [1785771921.668034325] [hmi_display_msg_bridge]: Passing message from ROS std_msgs/msg/String to Gazebo gz.msgs.StringMsg (showing msg only once per type)
[spawner-31] [INFO] [1785771921.669981779] [spawner_joint_state_broadcaster]: waiting for service /controller_manager/list_controllers to become available...
[parameter_bridge-26] [INFO] [1785771921.771781434] [hmi_led_msg_bridge]: Passing message from ROS std_msgs/msg/Int32 to Gazebo gz.msgs.Int32 (showing msg only once per type)
[joint_state_publisher-3] [INFO] [1785771921.920466155] [joint_state_publisher]: Got description, configuring robot
[rtabmap_viz-47] [0m[INFO] [1785771922.057460989] [rtabmap_viz]: rtabmap_viz: rtabmap_node_name   = rtabmap[0m
[rtabmap_viz-47] [0m[INFO] [1785771922.057890557] [rtabmap_viz]: rtabmap_viz: odometry_node_name  = rgbd_odometry[0m
[rtabmap_viz-47] [0m[INFO] [1785771922.057926247] [rtabmap_viz]: rtabmap_viz: Using configuration from "/home/tsehsun/.ros/rtabmapGUI.ini"[0m
[rtabmap-46] [0m[INFO] [1785771922.122151651] [rtabmap]: rtabmap: frame_id      = "base_link"[0m
[rtabmap-46] [0m[INFO] [1785771922.122211139] [rtabmap]: rtabmap: odom_frame_id = ""[0m
[rtabmap-46] [0m[INFO] [1785771922.122224261] [rtabmap]: rtabmap: ground_truth_frame_id = "" -> ground_truth_base_frame_id = ""[0m
[rtabmap-46] [0m[INFO] [1785771922.122236802] [rtabmap]: rtabmap: map_frame_id  = "map"[0m
[rtabmap-46] [0m[INFO] [1785771922.122248357] [rtabmap]: rtabmap: log_to_rosout_level  = 4[0m
[rtabmap-46] [0m[INFO] [1785771922.122261916] [rtabmap]: rtabmap: initial_pose  = ""[0m
[rtabmap-46] [0m[INFO] [1785771922.122277512] [rtabmap]: rtabmap: use_action_for_goal  = false[0m
[rtabmap-46] [0m[INFO] [1785771922.122289972] [rtabmap]: rtabmap: tf_delay      = 0.050000[0m
[rtabmap-46] [0m[INFO] [1785771922.122308024] [rtabmap]: rtabmap: tf_tolerance  = 0.100000[0m
[rtabmap-46] [0m[INFO] [1785771922.122320690] [rtabmap]: rtabmap: odom_sensor_sync   = false[0m
[rtabmap-46] [0m[INFO] [1785771922.122330925] [rtabmap]: rtabmap: pub_loc_pose_only_when_localizing = false[0m
[rtabmap-46] [0m[INFO] [1785771922.122342166] [rtabmap]: rtabmap: wait_for_transform = 0.200000[0m
[rtabmap-46] [0m[INFO] [1785771922.122353946] [rtabmap]: rtabmap: staleness_factor = 0.000000[0m
[rtabmap-46] [0m[INFO] [1785771922.122365664] [rtabmap]: rtabmap: gen_scan  = false[0m
[rtabmap-46] [0m[INFO] [1785771922.122376233] [rtabmap]: rtabmap: gen_depth  = false[0m
[lifecycle_manager-58] [INFO] [1785771922.259994634] [lifecycle_manager_navigation]: [34m[1mStarting managed nodes bringup...[0m[0m
[lifecycle_manager-58] [INFO] [1785771922.260097828] [lifecycle_manager_navigation]: [34m[1mConfiguring controller_server[0m[0m
[controller_server-48] [INFO] [1785771922.261664237] [controller_server]: Configuring controller interface
[controller_server-48] [INFO] [1785771922.261718753] [controller_server]: getting progress checker plugins..
[controller_server-48] [INFO] [1785771922.262242735] [controller_server]: getting goal checker plugins..
[controller_server-48] [INFO] [1785771922.262494756] [controller_server]: Controller frequency set to 20.0000Hz
[controller_server-48] [INFO] [1785771922.262590902] [local_costmap.local_costmap]: Configuring
[controller_server-48] [INFO] [1785771922.295301354] [local_costmap.local_costmap]: Using plugin "static_layer"
[controller_server-48] [INFO] [1785771922.308391685] [local_costmap.local_costmap]: Subscribing to the map topic (/map) with transient local durability
[controller_server-48] [INFO] [1785771922.314382175] [local_costmap.local_costmap]: Initialized plugin "static_layer"
[controller_server-48] [INFO] [1785771922.314459006] [local_costmap.local_costmap]: Using plugin "voxel_layer"
[controller_server-48] [INFO] [1785771922.323877586] [local_costmap.local_costmap]: Subscribed to Topics: scan
[controller_server-48] [INFO] [1785771922.376104015] [local_costmap.local_costmap]: Initialized plugin "voxel_layer"
[controller_server-48] [INFO] [1785771922.376167307] [local_costmap.local_costmap]: Using plugin "inflation_layer"
[rtabmap-46] [0m[INFO] [1785771922.379369607] [rtabmap]: Setting RTAB-Map parameter "Mem/IncrementalMemory"="true" (rosparam)[0m
[controller_server-48] [INFO] [1785771922.379487001] [local_costmap.local_costmap]: Initialized plugin "inflation_layer"
[rtabmap-46] [0m[INFO] [1785771922.380155266] [rtabmap]: Setting RTAB-Map parameter "Mem/InitWMWithAllNodes"="false" (rosparam)[0m
[gazebo-1] [1;32m[Msg] [0m[1;32mGazebo Sim Server v[0m[1;32m8.11.0[0m[1;32m[0m
[gazebo-1] [1;32m[Msg] [0m[1;32mLoading SDF world file[[0m[1;32m/opt/ros/jazzy/share/turtlebot4_gz_bringup/worlds/warehouse.sdf[0m[1;32m].[0m
[gazebo-1] [1;32m[Msg] [0m[1;32mServing entity system service on [[0m[1;32m/[0m[1;32mentity/system/add[0m[1;32m][0m[1;32m[0m
[gazebo-1] [1;36m[Dbg] [Physics.cc:906] [0m[1;36mLoaded [[0m[1;36mgz::physics::dartsim::Plugin[0m[1;36m] from library [[0m[1;36m/opt/ros/jazzy/opt/gz_physics_vendor/lib/gz-physics-7/engine-plugins/libgz-physics-dartsim-plugin.so[0m[1;36m][0m[1;36m[0m
[gazebo-1] [1;36m[Dbg] [SystemManager.cc:80] [0m[1;36mLoaded system [[0m[1;36mgz::sim::systems::Physics[0m[1;36m] for entity [[0m[1;36m1[0m[1;36m][0m[1;36m[0m
[gazebo-1] [1;32m[Msg] [0m[1;32mCreate[0m[1;32m service on [[0m[1;32m/world/warehouse/create_multiple[0m[1;32m] (async)[0m[1;32m[0m
[gazebo-1] [1;32m[Msg] [0m[1;32mCreate[0m[1;32m service on [[0m[1;32m/world/warehouse/create_multiple/blocking[0m[1;32m] (blocking)[0m[1;32m[0m
[gazebo-1] [1;32m[Msg] [0m[1;32mRemove[0m[1;32m service on [[0m[1;32m/world/warehouse/remove[0m[1;32m] (async)[0m[1;32m[0m
[gazebo-1] [1;32m[Msg] [0m[1;32mRemove[0m[1;32m service on [[0m[1;32m/world/warehouse/remove/blocking[0m[1;32m] (blocking)[0m[1;32m[0m
[gazebo-1] [1;32m[Msg] [0m[1;32mPose[0m[1;32m service on [[0m[1;32m/world/warehouse/set_pose[0m[1;32m] (async)[0m[1;32m[0m
[gazebo-1] [1;32m[Msg] [0m[1;32mPose[0m[1;32m service on [[0m[1;32m/world/warehouse/set_pose/blocking[0m[1;32m] (blocking)[0m[1;32m[0m
[gazebo-1] [1;32m[Msg] [0m[1;32mPose[0m[1;32m service on [[0m[1;32m/world/warehouse/set_pose_vector[0m[1;32m] (async)[0m[1;32m[0m
[gazebo-1] [1;32m[Msg] [0m[1;32mPose[0m[1;32m service on [[0m[1;32m/world/warehouse/set_pose_vector/blocking[0m[1;32m] (blocking)[0m[1;32m[0m
[gazebo-1] [1;32m[Msg] [0m[1;32mLight configuration[0m[1;32m service on [[0m[1;32m/world/warehouse/light_config[0m[1;32m] (async)[0m[1;32m[0m
[gazebo-1] [1;32m[Msg] [0m[1;32mLight configuration[0m[1;32m service on [[0m[1;32m/world/warehouse/light_config/blocking[0m[1;32m] (blocking)[0m[1;32m[0m
[gazebo-1] [1;32m[Msg] [0m[1;32mPhysics[0m[1;32m service on [[0m[1;32m/world/warehouse/set_physics[0m[1;32m] (async)[0m[1;32m[0m
[gazebo-1] [1;32m[Msg] [0m[1;32mPhysics[0m[1;32m service on [[0m[1;32m/world/warehouse/set_physics/blocking[0m[1;32m] (blocking)[0m[1;32m[0m
[gazebo-1] [1;32m[Msg] [0m[1;32mSphericalCoordinates[0m[1;32m service on [[0m[1;32m/world/warehouse/set_spherical_coordinates[0m[1;32m] (async)[0m[1;32m[0m
[gazebo-1] [1;32m[Msg] [0m[1;32mSphericalCoordinates[0m[1;32m service on [[0m[1;32m/world/warehouse/set_spherical_coordinates/blocking[0m[1;32m] (blocking)[0m[1;32m[0m
[gazebo-1] [1;32m[Msg] [0m[1;32mEnable collision[0m[1;32m service on [[0m[1;32m/world/warehouse/enable_collision[0m[1;32m] (async)[0m[1;32m[0m
[gazebo-1] [1;32m[Msg] [0m[1;32mEnable collision[0m[1;32m service on [[0m[1;32m/world/warehouse/enable_collision/blocking[0m[1;32m] (blocking)[0m[1;32m[0m
[gazebo-1] [1;32m[Msg] [0m[1;32mDisable collision[0m[1;32m service on [[0m[1;32m/world/warehouse/disable_collision[0m[1;32m] (async)[0m[1;32m[0m
[gazebo-1] [1;32m[Msg] [0m[1;32mDisable collision[0m[1;32m service on [[0m[1;32m/world/warehouse/disable_collision/blocking[0m[1;32m] (blocking)[0m[1;32m[0m
[gazebo-1] [1;32m[Msg] [0m[1;32mMaterial[0m[1;32m service on [[0m[1;32m/world/warehouse/visual_config[0m[1;32m] (async)[0m[1;32m[0m
[gazebo-1] [1;32m[Msg] [0m[1;32mMaterial[0m[1;32m service on [[0m[1;32m/world/warehouse/visual_config/blocking[0m[1;32m] (blocking)[0m[1;32m[0m
[gazebo-1] [1;32m[Msg] [0m[1;32mMaterial[0m[1;32m service on [[0m[1;32m/world/warehouse/wheel_slip[0m[1;32m] (async)[0m[1;32m[0m
[gazebo-1] [1;32m[Msg] [0m[1;32mMaterial[0m[1;32m service on [[0m[1;32m/world/warehouse/wheel_slip/blocking[0m[1;32m] (blocking)[0m[1;32m[0m
[gazebo-1] [1;36m[Dbg] [SystemManager.cc:80] [0m[1;36mLoaded system [[0m[1;36mgz::sim::systems::UserCommands[0m[1;36m] for entity [[0m[1;36m1[0m[1;36m][0m[1;36m[0m
[controller_server-48] [INFO] [1785771922.493824787] [controller_server]: Created progress_checker : progress_checker of type nav2_controller::SimpleProgressChecker
[controller_server-48] [INFO] [1785771922.495519558] [controller_server]: Controller Server has progress_checker  progress checkers available.
[controller_server-48] [INFO] [1785771922.500241853] [controller_server]: Created goal checker : general_goal_checker of type nav2_controller::SimpleGoalChecker
[controller_server-48] [INFO] [1785771922.505861711] [controller_server]: Controller Server has general_goal_checker  goal checkers available.
[controller_server-48] [INFO] [1785771922.514465953] [controller_server]: Created controller : FollowPath of type nav2_rotation_shim_controller::RotationShimController
[controller_server-48] [INFO] [1785771922.528094282] [controller_server]: Created internal controller for rotation shimming: FollowPath of type nav2_mppi_controller::MPPIController
[create-6] [INFO] [1785771922.534052961] [ros_gz_sim]: Waiting messages on topic [robot_description].
[controller_server-48] [INFO] [1785771922.544927865] [controller_server]: Controller period is equal to model dt. Control sequence shifting is ON
[controller_server-48] [INFO] [1785771922.556364567] [controller_server]: ConstraintCritic instantiated with 1 power and 4.000000 weight.
[controller_server-48] [INFO] [1785771922.556460172] [controller_server]: Critic loaded : mppi::critics::ConstraintCritic
[rtabmap-46] [0m[INFO] [1785771922.561076017] [rtabmap]: Update RTAB-Map parameter "Grid/3D"="true" from arguments[0m
[rtabmap-46] [0m[INFO] [1785771922.561147292] [rtabmap]: Update RTAB-Map parameter "Grid/RayTracing"="true" from arguments[0m
[rtabmap-46] [0m[INFO] [1785771922.561163847] [rtabmap]: Update RTAB-Map parameter "Grid/Sensor"="1" from arguments[0m
[rtabmap-46] [0m[INFO] [1785771922.561177723] [rtabmap]: Update RTAB-Map parameter "RGBD/OptimizeMaxError"="0" from arguments[0m
[rtabmap-46] [0m[INFO] [1785771922.561193348] [rtabmap]: Update RTAB-Map parameter "RGBD/ProximityBySpace"="false" from arguments[0m
[rtabmap-46] [0m[INFO] [1785771922.561206315] [rtabmap]: Update RTAB-Map parameter "RGBD/ProximityByTime"="false" from arguments[0m
[rtabmap-46] [0m[INFO] [1785771922.561218986] [rtabmap]: Update RTAB-Map parameter "Rtabmap/LoopThr"="0.11" from arguments[0m
[rtabmap-46] [0m[INFO] [1785771922.561231586] [rtabmap]: Update RTAB-Map parameter "VhEp/Enabled"="false" from arguments[0m
[rtabmap-46] [0m[INFO] [1785771922.561244032] [rtabmap]: Update RTAB-Map parameter "VhEp/MatchCountMin"="12" from arguments[0m
[rtabmap-46] [0m[INFO] [1785771922.561256506] [rtabmap]: Update RTAB-Map parameter "VhEp/RansacParam1"="2.0" from arguments[0m
[rtabmap-46] [0m[INFO] [1785771922.561268999] [rtabmap]: Update RTAB-Map parameter "VhEp/RansacParam2"="0.99" from arguments[0m
[rtabmap-46] [0m[INFO] [1785771922.561282055] [rtabmap]: Update RTAB-Map parameter "Vis/MinInliers"="10" from arguments[0m
[rtabmap-46] [0m[INFO] [1785771922.561294840] [rtabmap]: Update RTAB-Map parameter "Vis/MinInliersDistribution"="0.0" from arguments[0m
[rtabmap-46] [0m[INFO] [1785771922.561707070] [rtabmap]: RTAB-Map detection rate = 1.000000 Hz[0m
[rtabmap-46] [0m[INFO] [1785771922.565732200] [rtabmap]: rtabmap: Deleted database "/home/tsehsun/.ros/rtabmap.db" (--delete_db_on_start or -d are set).[0m
[rtabmap-46] [0m[INFO] [1785771922.565866113] [rtabmap]: rtabmap: Using database from "/home/tsehsun/.ros/rtabmap.db" (0 MB).[0m
[controller_server-48] [INFO] [1785771922.564958879] [controller_server]: InflationCostCritic instantiated with 1 power and 300.000000 / 0.015000 weights. Critic will collision check based on footprint cost.
[controller_server-48] [INFO] [1785771922.565028921] [controller_server]: Critic loaded : mppi::critics::CostCritic
[controller_server-48] [INFO] [1785771922.566977579] [controller_server]: GoalCritic instantiated with 1 power and 5.000000 weight.
[controller_server-48] [INFO] [1785771922.567029814] [controller_server]: Critic loaded : mppi::critics::GoalCritic
[controller_server-48] [INFO] [1785771922.570648778] [controller_server]: GoalAngleCritic instantiated with 1 power, 3.000000 weight, 0.500000 angular threshold and symmetric_yaw_tolerance disabled
[controller_server-48] [INFO] [1785771922.570706732] [controller_server]: Critic loaded : mppi::critics::GoalAngleCritic
[controller_server-48] [INFO] [1785771922.574308238] [controller_server]: ReferenceTrajectoryCritic instantiated with 1 power and 14.000000 weight
[controller_server-48] [INFO] [1785771922.574369697] [controller_server]: Critic loaded : mppi::critics::PathAlignCritic
[controller_server-48] [INFO] [1785771922.576587758] [controller_server]: Critic loaded : mppi::critics::PathFollowCritic
[controller_server-48] [INFO] [1785771922.580609910] [controller_server]: PathAngleCritic instantiated with 1 power and 2.000000 weight. Mode set to: Forward Preference
[controller_server-48] [INFO] [1785771922.580727214] [controller_server]: Critic loaded : mppi::critics::PathAngleCritic
[controller_server-48] [INFO] [1785771922.583055644] [controller_server]: PreferForwardCritic instantiated with 1 power and 5.000000 weight.
[controller_server-48] [INFO] [1785771922.583110545] [controller_server]: Critic loaded : mppi::critics::PreferForwardCritic
[controller_server-48] [INFO] [1785771922.587468829] [controller_server]: Optimizer reset
[controller_server-48] [INFO] [1785771922.600720612] [MPPIController]: Configured MPPI Controller: FollowPath
[controller_server-48] [INFO] [1785771922.600782718] [controller_server]: Controller Server has FollowPath  controllers available.
[create-6] [INFO] [1785771922.625323707] [ros_gz_sim]: Entity creation successful.
[create-7] [INFO] [1785771922.630249611] [ros_gz_sim]: Waiting messages on topic [standard_dock_description].
[rtabmap-46] [0m[INFO] [1785771922.629485796] [rtabmap]: rtabmap: Database version = "0.23.8".[0m
[rtabmap-46] [0m[INFO] [1785771922.629575295] [rtabmap]: rtabmap: SLAM mode (Mem/IncrementalMemory=true)[0m
[lifecycle_manager-58] [INFO] [1785771922.631105188] [lifecycle_manager_navigation]: [34m[1mConfiguring smoother_server[0m[0m
[smoother_server-49] [INFO] [1785771922.631751384] [smoother_server]: Configuring smoother server
[create-7] [INFO] [1785771922.653126173] [ros_gz_sim]: Entity creation successful.
[smoother_server-49] [INFO] [1785771922.693061451] [smoother_server]: Created smoother : simple_smoother of type nav2_smoother::SimpleSmoother
[smoother_server-49] [INFO] [1785771922.705660319] [smoother_server]: Smoother Server has simple_smoother  smoothers available.
[lifecycle_manager-58] [INFO] [1785771922.737366728] [lifecycle_manager_navigation]: [34m[1mConfiguring planner_server[0m[0m
[rtabmap-46] [0m[INFO] [1785771922.762434987] [rtabmap]: Setup callbacks[0m
[rtabmap-46] [0m[INFO] [1785771922.763105382] [rtabmap]: rtabmap: subscribe_depth = true[0m
[rtabmap-46] [0m[INFO] [1785771922.763167094] [rtabmap]: rtabmap: subscribe_rgb = true[0m
[rtabmap-46] [0m[INFO] [1785771922.763195596] [rtabmap]: rtabmap: subscribe_stereo = false[0m
[rtabmap-46] [0m[INFO] [1785771922.763218998] [rtabmap]: rtabmap: subscribe_rgbd = false (rgbd_cameras=1)[0m
[rtabmap-46] [0m[INFO] [1785771922.763242883] [rtabmap]: rtabmap: subscribe_sensor_data = false[0m
[rtabmap-46] [0m[INFO] [1785771922.763266802] [rtabmap]: rtabmap: subscribe_odom = true[0m
[rtabmap-46] [0m[INFO] [1785771922.763297144] [rtabmap]: rtabmap: subscribe_odom_info = false[0m
[rtabmap-46] [0m[INFO] [1785771922.763317875] [rtabmap]: rtabmap: subscribe_user_data = false[0m
[rtabmap-46] [0m[INFO] [1785771922.763341466] [rtabmap]: rtabmap: subscribe_scan = true[0m
[rtabmap-46] [0m[INFO] [1785771922.763358792] [rtabmap]: rtabmap: subscribe_scan_cloud = false[0m
[rtabmap-46] [0m[INFO] [1785771922.763374661] [rtabmap]: rtabmap: subscribe_scan_descriptor = false[0m
[rtabmap-46] [0m[INFO] [1785771922.763392080] [rtabmap]: rtabmap: topic_queue_size = 10[0m
[rtabmap-46] [0m[INFO] [1785771922.763409946] [rtabmap]: rtabmap: sync_queue_size  = 10[0m
[rtabmap-46] [0m[INFO] [1785771922.763427414] [rtabmap]: rtabmap: qos_image       = 2[0m
[rtabmap-46] [0m[INFO] [1785771922.763444916] [rtabmap]: rtabmap: qos_camera_info = 2[0m
[rtabmap-46] [0m[INFO] [1785771922.763461450] [rtabmap]: rtabmap: qos_scan        = 2[0m
[rtabmap-46] [0m[INFO] [1785771922.763477363] [rtabmap]: rtabmap: qos_odom        = 2[0m
[rtabmap-46] [0m[INFO] [1785771922.763496966] [rtabmap]: rtabmap: qos_user_data   = 2[0m
[rtabmap-46] [0m[INFO] [1785771922.763513943] [rtabmap]: rtabmap: approx_sync     = true[0m
[rtabmap-46] [0m[INFO] [1785771922.763531124] [rtabmap]: rtabmap: image_transport = raw[0m
[rtabmap-46] [0m[INFO] [1785771922.763548483] [rtabmap]: rtabmap: depth_transport = raw[0m
[rtabmap-46] [0m[INFO] [1785771922.763592814] [rtabmap]: Setup depth callback[0m
[rtabmap-46] [0m[INFO] [1785771922.780737886] [rtabmap]: 
[rtabmap-46] rtabmap subscribed to (approx sync):
[rtabmap-46]    /odom \
[rtabmap-46]    /oakd/rgb/preview/image_raw \
[rtabmap-46]    /oakd/rgb/preview/depth \
[rtabmap-46]    /oakd/rgb/preview/camera_info \
[rtabmap-46]    /scan[0m
[INFO] [create-6]: process has finished cleanly [pid 36797]
[INFO] [create-7]: process has finished cleanly [pid 36798]
[gazebo-1] [1;36m[Dbg] [SystemManager.cc:80] [0m[1;36mLoaded system [[0m[1;36mgz::sim::systems::SceneBroadcaster[0m[1;36m] for entity [[0m[1;36m1[0m[1;36m][0m[1;36m[0m
[gazebo-1] [1;36m[Dbg] [SystemManager.cc:80] [0m[1;36mLoaded system [[0m[1;36mgz::sim::systems::Contact[0m[1;36m] for entity [[0m[1;36m1[0m[1;36m][0m[1;36m[0m
[gazebo-1] [1;32m[Msg] [0m[1;32mLoaded level [[0m[1;32mdefault[0m[1;32m][0m[1;32m[0m
[gazebo-1] [1;32m[Msg] [0m[1;32mServing world controls on [[0m[1;32m/world/warehouse[0m[1;32m/control], [[0m[1;32m/world/warehouse[0m[1;32m/control/state] and [[0m[1;32m/world/warehouse[0m[1;32m/playback/control][0m[1;32m[0m
[gazebo-1] [1;32m[Msg] [0m[1;32mServing GUI information on [[0m[1;32m/world/warehouse[0m[1;32m/[0m[1;32mgui/info[0m[1;32m][0m[1;32m[0m
[gazebo-1] [1;32m[Msg] [0m[1;32mWorld [[0m[1;32mwarehouse[0m[1;32m] initialized with [[0m[1;32mdefault_physics[0m[1;32m] physics profile.[0m[1;32m[0m
[gazebo-1] [1;32m[Msg] [0m[1;32mServing world SDF generation service on [[0m[1;32m/world/warehouse[0m[1;32m/[0m[1;32mgenerate_world_sdf[0m[1;32m][0m[1;32m[0m
[gazebo-1] [1;32m[Msg] [0m[1;32mServing world names on [[0m[1;32m/gazebo/worlds[0m[1;32m][0m[1;32m[0m
[gazebo-1] [1;32m[Msg] [0m[1;32mResource path add service on [[0m[1;32m/gazebo/resource_paths/add[0m[1;32m].[0m[1;32m[0m
[gazebo-1] [1;32m[Msg] [0m[1;32mResource path get service on [[0m[1;32m/gazebo/resource_paths/get[0m[1;32m].[0m[1;32m[0m
[gazebo-1] [1;32m[Msg] [0m[1;32mResource path resolve service on [[0m[1;32m/gazebo/resource_paths/resolve[0m[1;32m].[0m[1;32m[0m
[gazebo-1] [1;32m[Msg] [0m[1;32mResource paths published on [[0m[1;32m/gazebo/resource_paths[0m[1;32m].[0m[1;32m[0m
[gazebo-1] [1;32m[Msg] [0m[1;32mServer control service on [[0m[1;32m/server_control[0m[1;32m].[0m[1;32m[0m
[gazebo-1] [1;32m[Msg] [0m[1;32mFound no publishers on /stats, adding root stats topic[0m[1;32m[0m
[gazebo-1] [1;32m[Msg] [0m[1;32mFound no publishers on /clock, adding root clock topic[0m[1;32m[0m
[gazebo-1] [1;36m[Dbg] [SimulationRunner.cc:551] [0m[1;36mCreating PostUpdate worker threads: [0m[1;36m3[0m[1;36m[0m
[gazebo-1] [1;36m[Dbg] [SimulationRunner.cc:562] [0m[1;36mCreating postupdate worker thread ([0m[1;36m0[0m[1;36m)[0m[1;36m[0m
[gazebo-1] [1;36m[Dbg] [SimulationRunner.cc:562] [0m[1;36mCreating postupdate worker thread ([0m[1;36m1[0m[1;36m)[0m[1;36m[0m
[gazebo-1] [1;33mWarning [Utils.cc:132][0m [/sdf/model[@name="turtlebot4"]/joint[@name="wheel_drop_left_joint"]/physics/ode/provide_feedback:<urdf-string>:L0]: XML Element[provide_feedback], child of element[ode], not defined in SDF. Copying[provide_feedback] as children of [ode].
[gazebo-1] [1;33mWarning [Utils.cc:132][0m [/sdf/model[@name="turtlebot4"]/joint[@name="wheel_drop_right_joint"]/physics/ode/provide_feedback:<urdf-string>:L0]: XML Element[provide_feedback], child of element[ode], not defined in SDF. Copying[provide_feedback] as children of [ode].
[planner_server-50] [INFO] [1785771923.015354534] [planner_server]: Configuring
[planner_server-50] [INFO] [1785771923.015455215] [global_costmap.global_costmap]: Configuring
[gazebo-1] [1;33m[Wrn] [SdfEntityCreator.cc:933] [0m[1;33mGazebo does not support Ogre material scripts. See [0m[1;33mhttps://gazebosim.org/api/sim/8/migrationsdf.html#:~:text=Materials [0m[1;33mfor details.[0m[1;33m[0m
[gazebo-1] [1;33m[Wrn] [SdfEntityCreator.cc:949] [0m[1;33mUsing an internal gazebo.material to parse [0m[1;33mGazebo/DarkGrey[0m[1;33m[0m
[gazebo-1] [1;33m[Wrn] [SdfEntityCreator.cc:933] [0m[1;33mGazebo does not support Ogre material scripts. See [0m[1;33mhttps://gazebosim.org/api/sim/8/migrationsdf.html#:~:text=Materials [0m[1;33mfor details.[0m[1;33m[0m
[gazebo-1] [1;33m[Wrn] [SdfEntityCreator.cc:949] [0m[1;33mUsing an internal gazebo.material to parse [0m[1;33mGazebo/DarkGrey[0m[1;33m[0m
[gazebo-1] [1;33m[Wrn] [SdfEntityCreator.cc:933] [0m[1;33mGazebo does not support Ogre material scripts. See [0m[1;33mhttps://gazebosim.org/api/sim/8/migrationsdf.html#:~:text=Materials [0m[1;33mfor details.[0m[1;33m[0m
[gazebo-1] [1;33m[Wrn] [SdfEntityCreator.cc:949] [0m[1;33mUsing an internal gazebo.material to parse [0m[1;33mGazebo/DarkGrey[0m[1;33m[0m
[gazebo-1] [1;33m[Wrn] [SdfEntityCreator.cc:933] [0m[1;33mGazebo does not support Ogre material scripts. See [0m[1;33mhttps://gazebosim.org/api/sim/8/migrationsdf.html#:~:text=Materials [0m[1;33mfor details.[0m[1;33m[0m
[gazebo-1] [1;33m[Wrn] [SdfEntityCreator.cc:949] [0m[1;33mUsing an internal gazebo.material to parse [0m[1;33mGazebo/DarkGrey[0m[1;33m[0m
[exploration_manager-60] [INFO] [1785771923.063696591] [exploration_manager]: Selected exploration method: frontier
[exploration_manager-60] [INFO] [1785771923.067338801] [exploration_manager]: Starting Frontier Explorer...
[planner_server-50] [INFO] [1785771923.150990327] [global_costmap.global_costmap]: Using plugin "static_layer"
[planner_server-50] [INFO] [1785771923.169708959] [global_costmap.global_costmap]: Subscribing to the map topic (/map) with transient local durability
[planner_server-50] [INFO] [1785771923.179559770] [global_costmap.global_costmap]: Initialized plugin "static_layer"
[planner_server-50] [INFO] [1785771923.179613763] [global_costmap.global_costmap]: Using plugin "obstacle_layer"
[planner_server-50] [INFO] [1785771923.184865868] [global_costmap.global_costmap]: Subscribed to Topics: scan
[planner_server-50] [INFO] [1785771923.199734810] [global_costmap.global_costmap]: Initialized plugin "obstacle_layer"
[planner_server-50] [INFO] [1785771923.199807792] [global_costmap.global_costmap]: Using plugin "inflation_layer"
[planner_server-50] [INFO] [1785771923.217295805] [global_costmap.global_costmap]: Initialized plugin "inflation_layer"
[gazebo-1] [INFO] [1785771923.267175989] [gz_ros_control]: [gz_ros2_control] Fixed joint ['bumper_joint'] (Entity='215') is skipped.
[gazebo-1] [INFO] [1785771923.267386231] [gz_ros_control]: [gz_ros2_control] Fixed joint ['front_caster_joint'] (Entity='216') is skipped.
[gazebo-1] [INFO] [1785771923.267403823] [gz_ros_control]: [gz_ros2_control] Fixed joint ['front_left_bottom_weight_block_joint'] (Entity='217') is skipped.
[gazebo-1] [INFO] [1785771923.267414684] [gz_ros_control]: [gz_ros2_control] Fixed joint ['front_left_top_weight_block_joint'] (Entity='218') is skipped.
[gazebo-1] [INFO] [1785771923.267423344] [gz_ros_control]: [gz_ros2_control] Fixed joint ['front_right_bottom_weight_block_joint'] (Entity='219') is skipped.
[gazebo-1] [INFO] [1785771923.267431949] [gz_ros_control]: [gz_ros2_control] Fixed joint ['front_right_top_weight_block_joint'] (Entity='220') is skipped.
[gazebo-1] [INFO] [1785771923.267440695] [gz_ros_control]: [gz_ros2_control] Fixed joint ['imu_joint'] (Entity='221') is skipped.
[gazebo-1] [INFO] [1785771923.267446609] [gz_ros_control]: [gz_ros2_control] Fixed joint ['ir_intensity_front_center_left_joint'] (Entity='222') is skipped.
[gazebo-1] [INFO] [1785771923.267454395] [gz_ros_control]: [gz_ros2_control] Fixed joint ['ir_intensity_front_center_right_joint'] (Entity='223') is skipped.
[gazebo-1] [INFO] [1785771923.267461842] [gz_ros_control]: [gz_ros2_control] Fixed joint ['ir_intensity_front_left_joint'] (Entity='224') is skipped.
[gazebo-1] [INFO] [1785771923.267470683] [gz_ros_control]: [gz_ros2_control] Fixed joint ['ir_intensity_front_right_joint'] (Entity='225') is skipped.
[gazebo-1] [INFO] [1785771923.267478520] [gz_ros_control]: [gz_ros2_control] Fixed joint ['ir_intensity_left_joint'] (Entity='226') is skipped.
[gazebo-1] [INFO] [1785771923.267486700] [gz_ros_control]: [gz_ros2_control] Fixed joint ['ir_intensity_right_joint'] (Entity='227') is skipped.
[gazebo-1] [INFO] [1785771923.267495099] [gz_ros_control]: [gz_ros2_control] Fixed joint ['ir_intensity_side_left_joint'] (Entity='228') is skipped.
[gazebo-1] [INFO] [1785771923.267503055] [gz_ros_control]: [gz_ros2_control] Fixed joint ['ir_omni_joint'] (Entity='229') is skipped.
[gazebo-1] [INFO] [1785771923.267510650] [gz_ros_control]: [gz_ros2_control] Fixed joint ['mouse_joint'] (Entity='230') is skipped.
[gazebo-1] [INFO] [1785771923.267517530] [gz_ros_control]: [gz_ros2_control] Fixed joint ['front_left_tower_standoff_joint'] (Entity='231') is skipped.
[gazebo-1] [INFO] [1785771923.267526061] [gz_ros_control]: [gz_ros2_control] Fixed joint ['front_right_tower_standoff_joint'] (Entity='232') is skipped.
[gazebo-1] [INFO] [1785771923.267534474] [gz_ros_control]: [gz_ros2_control] Fixed joint ['oakd_camera_bracket_joint'] (Entity='233') is skipped.
[gazebo-1] [INFO] [1785771923.267541243] [gz_ros_control]: [gz_ros2_control] Fixed joint ['oakd_joint'] (Entity='234') is skipped.
[gazebo-1] [INFO] [1785771923.267548553] [gz_ros_control]: [gz_ros2_control] Fixed joint ['oakd_imu_joint'] (Entity='235') is skipped.
[gazebo-1] [INFO] [1785771923.267556047] [gz_ros_control]: [gz_ros2_control] Fixed joint ['oakd_left_camera_joint'] (Entity='236') is skipped.
[gazebo-1] [INFO] [1785771923.267565231] [gz_ros_control]: [gz_ros2_control] Fixed joint ['oakd_left_camera_optical_joint'] (Entity='237') is skipped.
[gazebo-1] [INFO] [1785771923.267573841] [gz_ros_control]: [gz_ros2_control] Fixed joint ['oakd_rgb_camera_joint'] (Entity='238') is skipped.
[gazebo-1] [INFO] [1785771923.267581545] [gz_ros_control]: [gz_ros2_control] Fixed joint ['oakd_rgb_camera_optical_joint'] (Entity='239') is skipped.
[gazebo-1] [INFO] [1785771923.267589161] [gz_ros_control]: [gz_ros2_control] Fixed joint ['oakd_right_camera_joint'] (Entity='240') is skipped.
[gazebo-1] [INFO] [1785771923.267598129] [gz_ros_control]: [gz_ros2_control] Fixed joint ['oakd_right_camera_optical_joint'] (Entity='241') is skipped.
[gazebo-1] [INFO] [1785771923.267605077] [gz_ros_control]: [gz_ros2_control] Fixed joint ['rear_left_tower_standoff_joint'] (Entity='242') is skipped.
[gazebo-1] [INFO] [1785771923.267611425] [gz_ros_control]: [gz_ros2_control] Fixed joint ['rear_right_tower_standoff_joint'] (Entity='243') is skipped.
[gazebo-1] [INFO] [1785771923.267618056] [gz_ros_control]: [gz_ros2_control] Fixed joint ['rplidar_joint'] (Entity='244') is skipped.
[gazebo-1] [INFO] [1785771923.267624498] [gz_ros_control]: [gz_ros2_control] Fixed joint ['tower_sensor_plate_joint'] (Entity='245') is skipped.
[gazebo-1] [INFO] [1785771923.272370849] [gz_ros_control]: Loading controller_manager
[planner_server-50] [INFO] [1785771923.473892774] [planner_server]: Created global planner plugin GridBased of type nav2_navfn_planner::NavfnPlanner
[planner_server-50] [INFO] [1785771923.473977518] [planner_server]: Configuring plugin GridBased of type NavfnPlanner
[gazebo-1] [INFO] [1785771923.480953268] [controller_manager]: Using ROS clock for triggering controller manager cycles.
[planner_server-50] [INFO] [1785771923.490490035] [planner_server]: Planner Server has GridBased  planners available.
[lifecycle_manager-58] [INFO] [1785771923.604551376] [lifecycle_manager_navigation]: [34m[1mConfiguring route_server[0m[0m
[route_server-51] [INFO] [1785771923.605498949] [route_server]: Configuring
[gazebo-1] [INFO] [1785771923.826447245] [controller_manager]: Subscribing to '/robot_description' topic for robot description.
[gazebo-1] [WARN] [1785771923.834396244] [gz_ros_control]: Waiting RM to load and initialize hardware...
[route_server-51] [INFO] [1785771923.929103952] [route_server]: Created GraphFileLoader GeoJsonGraphFileLoader of type nav2_route::GeoJsonGraphFileLoader
[route_server-51] [INFO] [1785771923.929151392] [route_server]: Configuring geojson graph file loader
[route_server-51] [INFO] [1785771923.929161515] [route_server]: No graph file provided to load yet.
[route_server-51] [INFO] [1785771923.940762919] [route_server]: Created edge cost function plugin DistanceScorer of type nav2_route::DistanceScorer
[route_server-51] [INFO] [1785771923.940819182] [route_server]: Configuring distance scorer.
[route_server-51] [INFO] [1785771923.942346938] [route_server]: Created edge cost function plugin DynamicEdgesScorer of type nav2_route::DynamicEdgesScorer
[route_server-51] [INFO] [1785771923.942403068] [route_server]: Configuring adjust edges scorer.
[route_server-51] [INFO] [1785771923.960929316] [route_server]: Created route operation AdjustSpeedLimit of type nav2_route::AdjustSpeedLimit
[route_server-51] [INFO] [1785771923.960988922] [route_server]: Configuring Adjust speed limit operation.
[route_server-51] [INFO] [1785771923.964623128] [route_server]: Created route operation ReroutingService of type nav2_route::ReroutingService
[route_server-51] [INFO] [1785771923.964675095] [route_server]: Configuring Rerouting service operation.
[lifecycle_manager-58] [INFO] [1785771923.972308525] [lifecycle_manager_navigation]: [34m[1mConfiguring behavior_server[0m[0m
[behavior_server-52] [INFO] [1785771923.972862027] [behavior_server]: Configuring
[behavior_server-52] [INFO] [1785771923.982838452] [behavior_server]: Creating behavior plugin spin of type nav2_behaviors::Spin
[behavior_server-52] [INFO] [1785771923.986499385] [behavior_server]: Creating behavior plugin backup of type nav2_behaviors::BackUp
[behavior_server-52] [INFO] [1785771923.989475219] [behavior_server]: Creating behavior plugin drive_on_heading of type nav2_behaviors::DriveOnHeading
[behavior_server-52] [INFO] [1785771923.993778305] [behavior_server]: Creating behavior plugin assisted_teleop of type nav2_behaviors::AssistedTeleop
[behavior_server-52] [INFO] [1785771923.999072068] [behavior_server]: Creating behavior plugin wait of type nav2_behaviors::Wait
[behavior_server-52] [INFO] [1785771924.014524136] [behavior_server]: Configuring spin
[behavior_server-52] [INFO] [1785771924.037675151] [behavior_server]: Configuring backup
[behavior_server-52] [INFO] [1785771924.059214721] [behavior_server]: Configuring drive_on_heading
[behavior_server-52] [INFO] [1785771924.078872518] [behavior_server]: Configuring assisted_teleop
[behavior_server-52] [INFO] [1785771924.101747976] [behavior_server]: Configuring wait
[lifecycle_manager-58] [INFO] [1785771924.120264062] [lifecycle_manager_navigation]: [34m[1mConfiguring velocity_smoother[0m[0m
[velocity_smoother-55] [INFO] [1785771924.120902557] [velocity_smoother]: Configuring velocity smoother
[lifecycle_manager-58] [INFO] [1785771924.134052780] [lifecycle_manager_navigation]: [34m[1mConfiguring collision_monitor[0m[0m
[collision_monitor-56] [INFO] [1785771924.134615122] [collision_monitor]: Configuring
[collision_monitor-56] [INFO] [1785771924.152775399] [collision_monitor]: [scan]: Creating Scan
[collision_monitor-56] [INFO] [1785771924.159324212] [collision_monitor]: [FootprintApproach]: Creating Polygon
[collision_monitor-56] [INFO] [1785771924.159944660] [collision_monitor]: [FootprintApproach]: Polygon points are not defined. Using dynamic subscription instead.
[collision_monitor-56] [INFO] [1785771924.167161236] [collision_monitor]: [FootprintApproach]: Making footprint subscriber on local_costmap/published_footprint topic
[lifecycle_manager-58] [INFO] [1785771924.196869902] [lifecycle_manager_navigation]: [34m[1mConfiguring bt_navigator[0m[0m
[bt_navigator-53] [INFO] [1785771924.197432756] [bt_navigator]: Configuring
[bt_navigator-53] [INFO] [1785771924.216167423] [bt_navigator]: Creating navigator id navigate_to_pose of type nav2_bt_navigator::NavigateToPoseNavigator
[rtabmap_viz-47] [33m[WARN] [1785771924.260420601] [rcl.logging_rosout]: Publisher already registered for node name: 'rtabmap_viz'. If this is due to multiple nodes with the same name then all logs for the logger named 'rtabmap_viz' will go out over the existing publisher. As soon as any node with that name is destructed it will unregister the publisher, preventing any further logs for that name from being published on the rosout topic.[0m
[rtabmap_viz-47] [0m[INFO] [1785771924.310120477] [rtabmap_viz]: Reading parameters from the ROS server...[0m
[rtabmap_viz-47] [0m[INFO] [1785771924.411719893] [rtabmap_viz]: Parameters read = 413[0m
[rtabmap_viz-47] [0m[INFO] [1785771924.411787747] [rtabmap_viz]: Parameters successfully read.[0m
[bt_navigator-53] [INFO] [1785771924.435945751] [bt_navigator]: Creating navigator id navigate_through_poses of type nav2_bt_navigator::NavigateThroughPosesNavigator
[lifecycle_manager-58] [INFO] [1785771924.504205617] [lifecycle_manager_navigation]: [34m[1mConfiguring waypoint_follower[0m[0m
[waypoint_follower-54] [INFO] [1785771924.504744128] [waypoint_follower]: Configuring
[waypoint_follower-54] [INFO] [1785771924.551344870] [waypoint_follower]: Created waypoint_task_executor : wait_at_waypoint of type nav2_waypoint_follower::WaitAtWaypoint
[lifecycle_manager-58] [INFO] [1785771924.553968550] [lifecycle_manager_navigation]: [34m[1mConfiguring docking_server[0m[0m
[opennav_docking-57] [INFO] [1785771924.554522677] [docking_server]: Configuring docking_server
[opennav_docking-57] [INFO] [1785771924.554570815] [docking_server]: Controller frequency set to 50.0000Hz
[opennav_docking-57] [INFO] [1785771924.613599276] [docking_server]: Created charging dock plugin simple_charging_dock of type opennav_docking::SimpleChargingDock
[opennav_docking-57] [WARN] [1785771924.627231791] [docking_server]: Dock database filepath nor dock parameters set. Docking actions can only be executed specifying the dock pose via the action request. Or update the dock database via the reload_database service.
[opennav_docking-57] [INFO] [1785771924.627289405] [docking_server]: Docking Server has 1 dock types and 0 dock instances available.
[lifecycle_manager-58] [INFO] [1785771924.630971992] [lifecycle_manager_navigation]: [34m[1mActivating controller_server[0m[0m
[controller_server-48] [INFO] [1785771924.631300854] [controller_server]: Activating
[controller_server-48] [INFO] [1785771924.631332694] [local_costmap.local_costmap]: Activating
[controller_server-48] [INFO] [1785771924.631339486] [local_costmap.local_costmap]: Checking transform
[controller_server-48] [INFO] [1785771924.631383201] [local_costmap.local_costmap]: Timed out waiting for transform from base_link to odom to become available, tf error: Could not find a connection between 'odom' and 'base_link' because they are not part of the same tree.Tf has two or more unconnected trees.
[rtabmap_viz-47] [0m[INFO] [1785771924.650155985] [rtabmap_viz]: rtabmap_viz: frame_id             = "base_link"[0m
[rtabmap_viz-47] [0m[INFO] [1785771924.650197166] [rtabmap_viz]: rtabmap_viz: odom_frame_id        = ""[0m
[rtabmap_viz-47] [0m[INFO] [1785771924.650208995] [rtabmap_viz]: rtabmap_viz: wait_for_transform   = 0.200000[0m
[rtabmap_viz-47] [0m[INFO] [1785771924.650228327] [rtabmap_viz]: rtabmap_viz: odom_sensor_sync     = false[0m
[rtabmap_viz-47] [0m[INFO] [1785771924.650233564] [rtabmap_viz]: rtabmap_viz: max_odom_update_rate = 10.000000[0m
[rtabmap_viz-47] [0m[INFO] [1785771924.650240914] [rtabmap_viz]: rtabmap_viz: subscribe_info_only  = false[0m
[rtabmap_viz-47] [0m[INFO] [1785771924.650245778] [rtabmap_viz]: rtabmap_viz: init_cache_path      = ""[0m
[rtabmap_viz-47] [0m[INFO] [1785771924.679508150] [rtabmap_viz]: rtabmap_viz: subscribe_depth = true[0m
[rtabmap_viz-47] [0m[INFO] [1785771924.679548651] [rtabmap_viz]: rtabmap_viz: subscribe_rgb = true[0m
[rtabmap_viz-47] [0m[INFO] [1785771924.679554180] [rtabmap_viz]: rtabmap_viz: subscribe_stereo = false[0m
[rtabmap_viz-47] [0m[INFO] [1785771924.679557482] [rtabmap_viz]: rtabmap_viz: subscribe_rgbd = false (rgbd_cameras=1)[0m
[rtabmap_viz-47] [0m[INFO] [1785771924.679561296] [rtabmap_viz]: rtabmap_viz: subscribe_sensor_data = false[0m
[rtabmap_viz-47] [0m[INFO] [1785771924.679564577] [rtabmap_viz]: rtabmap_viz: subscribe_odom = true[0m
[rtabmap_viz-47] [0m[INFO] [1785771924.679567887] [rtabmap_viz]: rtabmap_viz: subscribe_odom_info = false[0m
[rtabmap_viz-47] [0m[INFO] [1785771924.679570769] [rtabmap_viz]: rtabmap_viz: subscribe_user_data = false[0m
[rtabmap_viz-47] [0m[INFO] [1785771924.679573971] [rtabmap_viz]: rtabmap_viz: subscribe_scan = true[0m
[rtabmap_viz-47] [0m[INFO] [1785771924.679577224] [rtabmap_viz]: rtabmap_viz: subscribe_scan_cloud = false[0m
[rtabmap_viz-47] [0m[INFO] [1785771924.679580378] [rtabmap_viz]: rtabmap_viz: subscribe_scan_descriptor = false[0m
[rtabmap_viz-47] [0m[INFO] [1785771924.679585103] [rtabmap_viz]: rtabmap_viz: topic_queue_size = 10[0m
[rtabmap_viz-47] [0m[INFO] [1785771924.679589264] [rtabmap_viz]: rtabmap_viz: sync_queue_size  = 10[0m
[rtabmap_viz-47] [0m[INFO] [1785771924.679593326] [rtabmap_viz]: rtabmap_viz: qos_image       = 2[0m
[rtabmap_viz-47] [0m[INFO] [1785771924.679597479] [rtabmap_viz]: rtabmap_viz: qos_camera_info = 2[0m
[rtabmap_viz-47] [0m[INFO] [1785771924.679601359] [rtabmap_viz]: rtabmap_viz: qos_scan        = 2[0m
[rtabmap_viz-47] [0m[INFO] [1785771924.679604608] [rtabmap_viz]: rtabmap_viz: qos_odom        = 2[0m
[rtabmap_viz-47] [0m[INFO] [1785771924.679607788] [rtabmap_viz]: rtabmap_viz: qos_user_data   = 2[0m
[rtabmap_viz-47] [0m[INFO] [1785771924.679611268] [rtabmap_viz]: rtabmap_viz: approx_sync     = true[0m
[rtabmap_viz-47] [0m[INFO] [1785771924.679614587] [rtabmap_viz]: rtabmap_viz: image_transport = raw[0m
[rtabmap_viz-47] [0m[INFO] [1785771924.679617840] [rtabmap_viz]: rtabmap_viz: depth_transport = raw[0m
[rtabmap_viz-47] [0m[INFO] [1785771924.679634858] [rtabmap_viz]: Setup depth callback[0m
[rtabmap_viz-47] [0m[INFO] [1785771924.692946269] [rtabmap_viz]: 
[rtabmap_viz-47] rtabmap_viz subscribed to (approx sync):
[rtabmap_viz-47]    /odom \
[rtabmap_viz-47]    /oakd/rgb/preview/image_raw \
[rtabmap_viz-47]    /oakd/rgb/preview/depth \
[rtabmap_viz-47]    /oakd/rgb/preview/camera_info \
[rtabmap_viz-47]    /scan[0m
[rtabmap_viz-47] [0m[INFO] [1785771924.700408568] [rtabmap_viz]: rtabmap_viz started.[0m
[gazebo-1] [WARN] [1785771924.825118041] [controller_manager]: Waiting for data on 'robot_description' topic to finish initialization
[controller_server-48] [INFO] [1785771925.131450183] [local_costmap.local_costmap]: Timed out waiting for transform from base_link to odom to become available, tf error: Could not find a connection between 'odom' and 'base_link' because they are not part of the same tree.Tf has two or more unconnected trees.
[controller_server-48] [INFO] [1785771925.631472233] [local_costmap.local_costmap]: Timed out waiting for transform from base_link to odom to become available, tf error: Could not find a connection between 'odom' and 'base_link' because they are not part of the same tree.Tf has two or more unconnected trees.
[gazebo-1] [WARN] [1785771925.825101374] [controller_manager]: Waiting for data on 'robot_description' topic to finish initialization
[gazebo-1] [WARN] [1785771925.834607194] [gz_ros_control]: Waiting RM to load and initialize hardware...
[controller_server-48] [INFO] [1785771926.131424191] [local_costmap.local_costmap]: Timed out waiting for transform from base_link to odom to become available, tf error: Could not find a connection between 'odom' and 'base_link' because they are not part of the same tree.Tf has two or more unconnected trees.
[gazebo-1] [INFO] [1785771926.405090916] [controller_manager]: Received robot description from topic.
[gazebo-1] [INFO] [1785771926.405197770] [controller_manager]: Enforcing command limits is disabled. Command limits from URDF will be ignored.
[gazebo-1] [INFO] [1785771926.417944357] [gz_ros_control]: The position_proportional_gain has been set to: 0.1
[gazebo-1] [INFO] [1785771926.418014498] [gz_ros_control]: Loading joint: left_wheel_joint
[gazebo-1] [INFO] [1785771926.418025680] [gz_ros_control]: 	State:
[gazebo-1] [INFO] [1785771926.418036469] [gz_ros_control]: 		 velocity
[gazebo-1] [INFO] [1785771926.418041923] [gz_ros_control]: 		 position
[gazebo-1] [INFO] [1785771926.418050818] [gz_ros_control]: 	Command:
[gazebo-1] [INFO] [1785771926.418055359] [gz_ros_control]: 		 velocity
[gazebo-1] [INFO] [1785771926.418168155] [gz_ros_control]: Loading sensor: imu
[gazebo-1] [INFO] [1785771926.418177844] [gz_ros_control]: 	State:
[gazebo-1] [WARN] [1785771926.418183473] [gz_ros_control]: IMU sensor 'imu' not found in hardware_info, skipping.
[gazebo-1] [INFO] [1785771926.418627523] [controller_manager]: Initialize hardware 'left_wheel_controller' 
[gazebo-1] [WARN] [1785771926.418646106] [controller_manager.hardware_component.system.left_wheel_controller]: Executor is not available during hardware component initialization for 'left_wheel_controller'. Skipping node creation!
[gazebo-1] [INFO] [1785771926.418709072] [controller_manager]: Successful initialization of hardware 'left_wheel_controller'
[gazebo-1] [INFO] [1785771926.418806741] [gz_ros_control]: The position_proportional_gain has been set to: 0.1
[gazebo-1] [INFO] [1785771926.418824336] [gz_ros_control]: Loading joint: right_wheel_joint
[gazebo-1] [INFO] [1785771926.418833480] [gz_ros_control]: 	State:
[gazebo-1] [INFO] [1785771926.418837497] [gz_ros_control]: 		 velocity
[gazebo-1] [INFO] [1785771926.418841352] [gz_ros_control]: 		 position
[gazebo-1] [INFO] [1785771926.418845514] [gz_ros_control]: 	Command:
[gazebo-1] [INFO] [1785771926.418848704] [gz_ros_control]: 		 velocity
[gazebo-1] [INFO] [1785771926.418860452] [gz_ros_control]: Loading sensor: imu
[gazebo-1] [INFO] [1785771926.418864750] [gz_ros_control]: 	State:
[gazebo-1] [WARN] [1785771926.418868662] [gz_ros_control]: IMU sensor 'imu' not found in hardware_info, skipping.
[gazebo-1] [INFO] [1785771926.418887521] [controller_manager]: Initialize hardware 'right_wheel_controller' 
[gazebo-1] [WARN] [1785771926.418894063] [controller_manager.hardware_component.system.right_wheel_controller]: Executor is not available during hardware component initialization for 'right_wheel_controller'. Skipping node creation!
[gazebo-1] [INFO] [1785771926.418908454] [controller_manager]: Successful initialization of hardware 'right_wheel_controller'
[gazebo-1] [INFO] [1785771926.418963958] [controller_manager]: Activating component 'right_wheel_controller'.
[gazebo-1] [INFO] [1785771926.418973839] [resource_manager]: 'configure' hardware 'right_wheel_controller' 
[gazebo-1] [INFO] [1785771926.418979408] [gz_ros_control]: System Successfully configured!
[gazebo-1] [INFO] [1785771926.418983803] [resource_manager]: Successful 'configure' of hardware 'right_wheel_controller'
[gazebo-1] [INFO] [1785771926.418991385] [resource_manager]: 'activate' hardware 'right_wheel_controller' 
[gazebo-1] [INFO] [1785771926.419007712] [resource_manager]: Successful 'activate' of hardware 'right_wheel_controller'
[gazebo-1] [INFO] [1785771926.419080129] [controller_manager]: Activating component 'left_wheel_controller'.
[gazebo-1] [INFO] [1785771926.419084357] [resource_manager]: 'configure' hardware 'left_wheel_controller' 
[gazebo-1] [INFO] [1785771926.419105036] [gz_ros_control]: System Successfully configured!
[gazebo-1] [INFO] [1785771926.419109130] [resource_manager]: Successful 'configure' of hardware 'left_wheel_controller'
[gazebo-1] [INFO] [1785771926.419111979] [resource_manager]: 'activate' hardware 'left_wheel_controller' 
[gazebo-1] [INFO] [1785771926.419115210] [resource_manager]: Successful 'activate' of hardware 'left_wheel_controller'
[gazebo-1] [WARN] [1785771926.419135039] [controller_manager]: Component 'right_wheel_controller' does not have read or write statistics initialized, skipping registration.
[gazebo-1] [WARN] [1785771926.419142827] [controller_manager]: Component 'left_wheel_controller' does not have read or write statistics initialized, skipping registration.
[gazebo-1] [INFO] [1785771926.419148715] [controller_manager]: Resource Manager has been successfully initialized. Starting Controller Manager services...
[gazebo-1] [INFO] [1785771926.435219815] [controller_manager]: Loading controller : 'joint_state_broadcaster' of type 'joint_state_broadcaster/JointStateBroadcaster'
[gazebo-1] [INFO] [1785771926.435323904] [controller_manager]: Loading controller 'joint_state_broadcaster'
[gazebo-1] [WARN] [1785771926.442221559] [controller_manager]: The use of remapping arguments to the controller_manager node is deprecated. Please use the '--controller-ros-args' argument of the spawner to pass remapping arguments to the controller node.
[gazebo-1] [INFO] [1785771926.442314452] [controller_manager]: Controller 'joint_state_broadcaster' node arguments: --ros-args --params-file /opt/ros/jazzy/share/irobot_create_control/config/control.yaml --ros-args --remap ~/odom:=odom --remap /tf:=tf --remap /tf_static:=tf_static --remap /diagnostics:=diagnostics -p use_sim_time:=true --param use_sim_time:=true 
[spawner-31] [INFO] [1785771926.505420935] [spawner_joint_state_broadcaster]: Loaded joint_state_broadcaster
[gazebo-1] [INFO] [1785771926.508313446] [controller_manager]: Configuring controller: 'joint_state_broadcaster'
[gazebo-1] [INFO] [1785771926.508525770] [joint_state_broadcaster]: 'joints' or 'interfaces' parameter is empty. All available state interfaces will be published
[gazebo-1] [INFO] [1785771926.521921657] [controller_manager]: Activating controllers: [ joint_state_broadcaster ]
[controller_server-48] [INFO] [1785771926.631549103] [local_costmap.local_costmap]: Timed out waiting for transform from base_link to odom to become available, tf error: Could not find a connection between 'odom' and 'base_link' because they are not part of the same tree.Tf has two or more unconnected trees.
[controller_server-48] [INFO] [1785771927.131462057] [local_costmap.local_costmap]: Timed out waiting for transform from base_link to odom to become available, tf error: Could not find a connection between 'odom' and 'base_link' because they are not part of the same tree.Tf has two or more unconnected trees.
[controller_server-48] [INFO] [1785771927.631476885] [local_costmap.local_costmap]: Timed out waiting for transform from base_link to odom to become available, tf error: Could not find a connection between 'odom' and 'base_link' because they are not part of the same tree.Tf has two or more unconnected trees.
[gazebo-1] [1;33m[Wrn] [OBJLoader.cc:91] [0m[1;33mBoth `d` and `Tr` parameters defined for "Chair". Use the value of `d` for dissolve (line 8 in .mtl.)[0m
[gazebo-1] [1;33m[0m
[gazebo-1] [1;33m[Wrn] [OBJLoader.cc:91] [0m[1;33mBoth `d` and `Tr` parameters defined for "CoffeeTable". Use the value of `d` for dissolve (line 8 in .mtl.)[0m
[gazebo-1] [1;33m[0m
[gazebo-1] [1;36m[Dbg] [SystemManager.cc:80] [0m[1;36mLoaded system [[0m[1;36mgz_ros2_control::GazeboSimROS2ControlPlugin[0m[1;36m] for entity [[0m[1;36m132[0m[1;36m][0m[1;36m[0m
[gazebo-1] [1;36m[Dbg] [SystemManager.cc:80] [0m[1;36mLoaded system [[0m[1;36mgz::sim::systems::PosePublisher[0m[1;36m] for entity [[0m[1;36m132[0m[1;36m][0m[1;36m[0m
[gazebo-1] [1;36m[Dbg] [SystemManager.cc:80] [0m[1;36mLoaded system [[0m[1;36mgz::sim::systems::Contact[0m[1;36m] for entity [[0m[1;36m132[0m[1;36m][0m[1;36m[0m
[gazebo-1] [1;36m[Dbg] [Sensors.cc:697] [0m[1;36mConfiguring Sensors system[0m[1;36m[0m
[gazebo-1] [1;36m[Dbg] [Sensors.cc:557] [0m[1;36mSensorsPrivate::Run[0m[1;36m[0m
[gazebo-1] [1;36m[Dbg] [SystemManager.cc:80] [0m[1;36mLoaded system [[0m[1;36mgz::sim::systems::Sensors[0m[1;36m] for entity [[0m[1;36m132[0m[1;36m][0m[1;36m[0m
[gazebo-1] [1;36m[Dbg] [UserCommands.cc:1094] [0m[1;36m[Dbg] [Sensors.cc:532] [0m[1;36mSensorsPrivate::RenderThread started[0m[1;36m[Dbg] [Sensors.cc:532] Created entity [[0m[1;36m] named [[0m[1;36mturtlebot4[0m[1;36m][0m[1;36m[0m
[gazebo-1] [1;36m[Dbg] [Sensors.cc:337] [0m[1;36mWaiting for init[0m[1;36m[0m
[gazebo-1] [1;32m[Msg] [0m[1;32mContact system publishing on [0m[1;32m/bumper_contact[0m[1;32m[0m
[gazebo-1] [1;36m[Dbg] [SDFFeatures.cc:332] [0m[1;36mMesh construction from an SDF has not been implemented yet for [0m[1;36mdartsim. Use AttachMeshShapeFeature to use mesh shapes.[0m
[gazebo-1] [1;36m[Dbg] [SDFFeatures.cc:864] [0m[1;36mThe geometry element of collision [[0m[1;36mwarehouse_collision[0m[1;36m] [0m[1;36mcouldn't be created[0m
[gazebo-1] [1;36m[Dbg] [SDFFeatures.cc:332] [0m[1;36mMesh construction from an SDF has not been implemented yet for [0m[1;36mdartsim. Use AttachMeshShapeFeature to use mesh shapes.[0m
[gazebo-1] [1;36m[Dbg] [SDFFeatures.cc:864] [0m[1;36mThe geometry element of collision [[0m[1;36mcollision[0m[1;36m] [0m[1;36mcouldn't be created[0m
[gazebo-1] [1;36m[Dbg] [SDFFeatures.cc:332] [0m[1;36mMesh construction from an SDF has not been implemented yet for [0m[1;36mdartsim. Use AttachMeshShapeFeature to use mesh shapes.[0m
[gazebo-1] [1;36m[Dbg] [SDFFeatures.cc:864] [0m[1;36mThe geometry element of collision [[0m[1;36mcollision[0m[1;36m] [0m[1;36mcouldn't be created[0m
[gazebo-1] [1;36m[Dbg] [SDFFeatures.cc:332] [0m[1;36mMesh construction from an SDF has not been implemented yet for [0m[1;36mdartsim. Use AttachMeshShapeFeature to use mesh shapes.[0m
[gazebo-1] [1;36m[Dbg] [SDFFeatures.cc:864] [0m[1;36mThe geometry element of collision [[0m[1;36mcollision[0m[1;36m] [0m[1;36mcouldn't be created[0m
[gazebo-1] [1;36m[Dbg] [SDFFeatures.cc:332] [0m[1;36mMesh construction from an SDF has not been implemented yet for [0m[1;36mdartsim. Use AttachMeshShapeFeature to use mesh shapes.[0m
[gazebo-1] [1;36m[Dbg] [SDFFeatures.cc:864] [0m[1;36mThe geometry element of collision [[0m[1;36mcollision[0m[1;36m] [0m[1;36mcouldn't be created[0m
[gazebo-1] [1;36m[Dbg] [SDFFeatures.cc:332] [0m[1;36mMesh construction from an SDF has not been implemented yet for [0m[1;36mdartsim. Use AttachMeshShapeFeature to use mesh shapes.[0m
[gazebo-1] [1;36m[Dbg] [SDFFeatures.cc:864] [0m[1;36mThe geometry element of collision [[0m[1;36mcollision[0m[1;36m] [0m[1;36mcouldn't be created[0m
[gazebo-1] [1;36m[Dbg] [SDFFeatures.cc:332] [0m[1;36mMesh construction from an SDF has not been implemented yet for [0m[1;36mdartsim. Use AttachMeshShapeFeature to use mesh shapes.[0m
[gazebo-1] [1;36m[Dbg] [SDFFeatures.cc:864] [0m[1;36mThe geometry element of collision [[0m[1;36mbase_link_fixed_joint_lump__shell_collision_collision_1[0m[1;36m] [0m[1;36mcouldn't be created[0m
[gazebo-1] [1;36m[Dbg] [SDFFeatures.cc:332] [0m[1;36mMesh construction from an SDF has not been implemented yet for [0m[1;36mdartsim. Use AttachMeshShapeFeature to use mesh shapes.[0m
[gazebo-1] [1;36m[Dbg] [SDFFeatures.cc:864] [0m[1;36mThe geometry element of collision [[0m[1;36mbumper_collision[0m[1;36m] [0m[1;36mcouldn't be created[0m
[gazebo-1] [1;36m[Dbg] [SimulationFeatures.cc:90] [0m[1;36mSimulation timestep set to: [0m[1;36m0.003[0m[1;36m[0m
[gazebo-1] [ERROR] [1785771928.025911495] [gz_ros_control]: Desired controller update period (0.001 s) is faster than the gazebo simulation period (0.003 s).
[gazebo-1] [INFO] [1785771928.029313818] [controller_manager]: Successfully switched controllers!
[gazebo-1] [1;32m[Msg] [0m[1;32mServing scene information on [[0m[1;32m/world/warehouse[0m[1;32m/[0m[1;32mscene/info[0m[1;32m][0m[1;32m[0m
[gazebo-1] [1;32m[Msg] [0m[1;32mServing graph information on [[0m[1;32m/world/warehouse[0m[1;32m/[0m[1;32mscene/graph[0m[1;32m][0m[1;32m[0m
[gazebo-1] [1;32m[Msg] [0m[1;32mServing full state on [[0m[1;32m/world/warehouse[0m[1;32m/[0m[1;32mstate[0m[1;32m][0m[1;32m[0m
[gazebo-1] [1;32m[Msg] [0m[1;32mServing full state (async) on [[0m[1;32m/world/warehouse[0m[1;32m/[0m[1;32mstate_async[0m[1;32m][0m[1;32m[0m
[gazebo-1] [1;32m[Msg] [0m[1;32mPublishing scene information on [[0m[1;32m/world/warehouse/scene/info[0m[1;32m][0m[1;32m[0m
[gazebo-1] [1;32m[Msg] [0m[1;32mPublishing entity deletions on [[0m[1;32m/world/warehouse/scene/deletion[0m[1;32m][0m[1;32m[0m
[gazebo-1] [1;32m[Msg] [0m[1;32mPublishing state changes on [[0m[1;32m/world/warehouse/state[0m[1;32m][0m[1;32m[0m
[gazebo-1] [1;32m[Msg] [0m[1;32mPublishing pose messages on [[0m[1;32m/world/warehouse[0m[1;32m/[0m[1;32mpose/info[0m[1;32m][0m[1;32m[0m
[gazebo-1] [1;32m[Msg] [0m[1;32mPublishing dynamic pose messages on [[0m[1;32m/world/warehouse[0m[1;32m/[0m[1;32mdynamic_pose/info[0m[1;32m][0m[1;32m[0m
[gazebo-1] [1;36m[Dbg] [SimulationRunner.cc:578] [0m[1;36mExiting postupdate worker thread ([0m[1;36m1[0m[1;36m)[0m[1;36m[0m
[gazebo-1] [1;36mExiting postupdate worker thread ([0m[1;36mExiting postupdate worker thread ([0m[1;36m0[0m[1;36m)[0m[1;36m[0m
[gazebo-1] [1;36m[Dbg] [SimulationRunner.cc:551] [0m[1;36mCreating PostUpdate worker threads: [0m[1;36m7[0m[1;36m[0m
[gazebo-1] [1;36m[Dbg] [SimulationRunner.cc:562] [0m[1;36mCreating postupdate worker thread ([0m[1;36m0[0m[1;36m)[0m[1;36m[0m
[gazebo-1] [1;36m[Dbg] [SimulationRunner.cc:562] [0m[1;36mCreating postupdate worker thread ([0m[1;36m1[0m[1;36m)[0m[1;36m[0m
[gazebo-1] [1;36m[Dbg] [SimulationRunner.cc:562] [0m[1;36mCreating postupdate worker thread ([0m[1;36m2[0m[1;36m)[0m[1;36m[0m
[gazebo-1] [1;36m[Dbg] [SimulationRunner.cc:562] [0m[1;36mCreating postupdate worker thread ([0m[1;36m3[0m[1;36m)[0m[1;36m[0m
[gazebo-1] [1;36m[Dbg] [SimulationRunner.cc:562] [0m[1;36mCreating postupdate worker thread ([0m[1;36m4[0m[1;36m)[0m[1;36m[0m
[gazebo-1] [1;36m[Dbg] [SimulationRunner.cc:562] [0m[1;36mCreating postupdate worker thread ([0m[1;36m5[0m[1;36m)[0m[1;36m[0m
[gazebo-1] [1;36m[Dbg] [SystemManager.cc:80] [0m[1;36mLoaded system [[0m[1;36mgz::sim::systems::PosePublisher[0m[1;36m] for entity [[0m[1;36m250[0m[1;36m][0m[1;36m[0m
[gazebo-1] [1;36m[Dbg] [UserCommands.cc:1094] [0m[1;36mCreated entity [[0m[1;36m250[0m[1;36m] named [[0m[1;36mstandard_dock[0m[1;36m][0m[1;36m[0m
[gazebo-1] [1;36m[Dbg] [Sensors.cc:953] [0m[1;36mInitialization needed[0m[1;36m[0m
[gazebo-1] [1;36m[Dbg] [Sensors.cc:349] [0m[1;36mInitializing render context[0m[1;36m[0m
[gazebo-1] [1;36m[Dbg] [SimulationRunner.cc:578] [0m[1;36mExiting postupdate worker thread ([0m[1;32m[Msg] [0m[1;36m0[0m[1;36m)[0m[1;36m[0m
[gazebo-1] [1;32mLoading plugin [[0m[1;32mgz-rendering-ogre2[0m[1;32m][0m[1;32m[0m
[gazebo-1] [1;36m[Dbg] [SimulationRunner.cc:578] [0m[1;36mExiting postupdate worker thread ([0m[1;36m3[0m[1;36m)[0m[1;36mExiting postupdate worker thread ([0m[1;36m2[0m[1;36m)[Dbg] [SimulationRunner.cc:578] [0m[1;36m2[0m[1;36mExiting postupdate worker thread ([0m[1;36m)[0m[1;36mExiting postupdate worker thread ([0m[1;36m4[0m[1;36m[0m
[gazebo-1] [1;36m)[0m[1;36m[0m
[gazebo-1] [1;36m[Dbg] [SimulationRunner.cc:578] [0m[1;36mExiting postupdate worker thread ([0m[1;36m1[0m[1;36m)[0m[1;36m[0m
[gazebo-1] [1;36m[Dbg] [SimulationRunner.cc:578] [0m[1;36mExiting postupdate worker thread ([0m[1;36m5[0m[1;36m)[0m[1;36m[0m
[gazebo-1] [1;36m[Dbg] [SimulationRunner.cc:551] [0m[1;36mCreating PostUpdate worker threads: [0m[1;36m8[0m[1;36m[0m
[gazebo-1] [1;36m[Dbg] [SimulationRunner.cc:562] [0m[1;36mCreating postupdate worker thread ([0m[1;36m0[0m[1;36m)[0m[1;36m[0m
[gazebo-1] [1;36m[Dbg] [SimulationRunner.cc:562] [0m[1;36mCreating postupdate worker thread ([0m[1;36m1[0m[1;36m)[0m[1;36m[0m
[gazebo-1] [1;36m[Dbg] [SimulationRunner.cc:562] [0m[1;36mCreating postupdate worker thread ([0m[1;36m2[0m[1;36m)[0m[1;36m[0m
[spawner-31] [INFO] [1785771928.032333944] [spawner_joint_state_broadcaster]: Configured and activated joint_state_broadcaster
[controller_server-48] [INFO] [1785771928.131456141] [local_costmap.local_costmap]: Timed out waiting for transform from base_link to odom to become available, tf error: Could not find a connection between 'odom' and 'base_link' because they are not part of the same tree.Tf has two or more unconnected trees.
[INFO] [spawner-31]: process has finished cleanly [pid 36828]
[INFO] [spawner-61]: process started with pid [38143]
[gazebo-1] [1;36m[Dbg] [SimulationRunner.cc:562] [0m[1;36mCreating postupdate worker thread ([0m[1;36m3[0m[1;36m)[0m[1;36m[0m
[gazebo-1] [1;36m[Dbg] [SimulationRunner.cc:562] [0m[1;36mCreating postupdate worker thread ([0m[1;36m4[0m[1;36m)[0m[1;36m[0m
[gazebo-1] [1;36m[Dbg] [SimulationRunner.cc:562] [0m[1;36mCreating postupdate worker thread ([0m[1;36m5[0m[1;36m)[0m[1;36m[0m
[gazebo-1] [1;36m[Dbg] [SimulationRunner.cc:562] [0m[1;36mCreating postupdate worker thread ([0m[1;36m6[0m[1;36m)[0m[1;36m[0m
[spawner-61] [INFO] [1785771928.549662834] [spawner_diffdrive_controller]: waiting for service /controller_manager/list_controllers to become available...
[controller_server-48] [INFO] [1785771928.631437524] [local_costmap.local_costmap]: Timed out waiting for transform from base_link to odom to become available, tf error: Could not find a connection between 'odom' and 'base_link' because they are not part of the same tree.Tf has two or more unconnected trees.
[controller_server-48] [INFO] [1785771929.131426672] [local_costmap.local_costmap]: Timed out waiting for transform from base_link to odom to become available, tf error: Could not find a connection between 'odom' and 'base_link' because they are not part of the same tree.Tf has two or more unconnected trees.
[controller_server-48] [INFO] [1785771929.631433455] [local_costmap.local_costmap]: Timed out waiting for transform from base_link to odom to become available, tf error: Could not find a connection between 'odom' and 'base_link' because they are not part of the same tree.Tf has two or more unconnected trees.
[gazebo-1] [1;33m[Wrn] [ColladaLoader.cc:2395] [0m[1;33mTriangle input semantic: '[0m[1;33mCOLOR[0m[1;33m' is currently[0m[1;33m not supported[0m[1;33m[0m
[gazebo-1] [1;33m[Wrn] [ColladaLoader.cc:2395] [0m[1;33mTriangle input semantic: '[0m[1;33mCOLOR[0m[1;33m' is currently[0m[1;33m not supported[0m[1;33m[0m
[controller_server-48] [INFO] [1785771930.131462604] [local_costmap.local_costmap]: Timed out waiting for transform from base_link to odom to become available, tf error: Could not find a connection between 'odom' and 'base_link' because they are not part of the same tree.Tf has two or more unconnected trees.
[gazebo-1] [1;36m[Dbg] [RenderUtil.cc:2646] [0m[1;36mCreate scene [[0m[1;36mscene[0m[1;36m][0m[1;36m[0m
[gazebo-1] [1;36m[Dbg] [Sensors.cc:391] [0m[1;36mRendering Thread initialized[0m[1;36m[0m
[gazebo-1] [1;36m[Dbg] [Sensors.cc:953] [0m[1;36mInitialization needed[0m[1;36m[0m
[gazebo-1] [1;36m[Dbg] [RgbdCameraSensor.cc:210] [0m[1;36mRGB images for [[0m[1;36mturtlebot4::oakd_rgb_camera_frame::rgbd_camera[0m[1;36m] advertised on [[0m[1;36mworld/warehouse/model/turtlebot4/link/oakd_rgb_camera_frame/sensor/rgbd_camera[0m[1;36m/image][0m[1;36m[0m
[gazebo-1] [1;36m[Dbg] [RgbdCameraSensor.cc:224] [0m[1;36mDepth images for [[0m[1;36mturtlebot4::oakd_rgb_camera_frame::rgbd_camera[0m[1;36m] advertised on [[0m[1;36mworld/warehouse/model/turtlebot4/link/oakd_rgb_camera_frame/sensor/rgbd_camera[0m[1;36m/depth_image][0m[1;36m[0m
[gazebo-1] [1;36m[Dbg] [RgbdCameraSensor.cc:238] [0m[1;36mPoints for [[0m[1;36mturtlebot4::oakd_rgb_camera_frame::rgbd_camera[0m[1;36m] advertised on [[0m[1;36mworld/warehouse/model/turtlebot4/link/oakd_rgb_camera_frame/sensor/rgbd_camera[0m[1;36m/points][0m[1;36m[0m
[gazebo-1] [1;36m[Dbg] [CameraSensor.cc:695] [0m[1;36mCamera info for [[0m[1;36mturtlebot4::oakd_rgb_camera_frame::rgbd_camera[0m[1;36m] advertised on [[0m[1;36mworld/warehouse/model/turtlebot4/link/oakd_rgb_camera_frame/sensor/rgbd_camera/camera_info[0m[1;36m][0m[1;36m[0m
[gazebo-1] [1;36m[Dbg] [Lidar.cc:139] [0m[1;36mLaser scans for [[0m[1;36mturtlebot4::base_link::cliff_front_left[0m[1;36m] advertised on [[0m[1;36mworld/warehouse/model/turtlebot4/link/base_link/sensor/cliff_front_left/scan[0m[1;36m][0m[1;36m[0m
[gazebo-1] [1;36m[Dbg] [GpuLidarSensor.cc:164] [0m[1;36mLidar points for [[0m[1;36mturtlebot4::base_link::cliff_front_left[0m[1;36m] advertised on [[0m[1;36mworld/warehouse/model/turtlebot4/link/base_link/sensor/cliff_front_left/scan/points[0m[1;36m][0m[1;36m[0m
[gazebo-1] [1;36m[Dbg] [Lidar.cc:139] [0m[1;36mLaser scans for [[0m[1;36mturtlebot4::base_link::cliff_front_right[0m[1;36m] advertised on [[0m[1;36mworld/warehouse/model/turtlebot4/link/base_link/sensor/cliff_front_right/scan[0m[1;36m][0m[1;36m[0m
[gazebo-1] [1;36m[Dbg] [GpuLidarSensor.cc:164] [0m[1;36mLidar points for [[0m[1;36mturtlebot4::base_link::cliff_front_right[0m[1;36m] advertised on [[0m[1;36mworld/warehouse/model/turtlebot4/link/base_link/sensor/cliff_front_right/scan/points[0m[1;36m][0m[1;36m[0m
[gazebo-1] [1;36m[Dbg] [Lidar.cc:139] [0m[1;36mLaser scans for [[0m[1;36mturtlebot4::base_link::cliff_side_left[0m[1;36m] advertised on [[0m[1;36mworld/warehouse/model/turtlebot4/link/base_link/sensor/cliff_side_left/scan[0m[1;36m][0m[1;36m[0m
[gazebo-1] [1;36m[Dbg] [GpuLidarSensor.cc:164] [0m[1;36mLidar points for [[0m[1;36mturtlebot4::base_link::cliff_side_left[0m[1;36m] advertised on [[0m[1;36mworld/warehouse/model/turtlebot4/link/base_link/sensor/cliff_side_left/scan/points[0m[1;36m][0m[1;36m[0m
[gazebo-1] [1;36m[Dbg] [Lidar.cc:139] [0m[1;36mLaser scans for [[0m[1;36mturtlebot4::base_link::cliff_side_right[0m[1;36m] advertised on [[0m[1;36mworld/warehouse/model/turtlebot4/link/base_link/sensor/cliff_side_right/scan[0m[1;36m][0m[1;36m[0m
[gazebo-1] [1;36m[Dbg] [GpuLidarSensor.cc:164] [0m[1;36mLidar points for [[0m[1;36mturtlebot4::base_link::cliff_side_right[0m[1;36m] advertised on [[0m[1;36mworld/warehouse/model/turtlebot4/link/base_link/sensor/cliff_side_right/scan/points[0m[1;36m][0m[1;36m[0m
[gazebo-1] [1;36m[Dbg] [Lidar.cc:139] [0m[1;36mLaser scans for [[0m[1;36mturtlebot4::ir_intensity_front_center_left::ir_intensity_front_center_left[0m[1;36m] advertised on [[0m[1;36mworld/warehouse/model/turtlebot4/link/ir_intensity_front_center_left/sensor/ir_intensity_front_center_left/scan[0m[1;36m][0m[1;36m[0m
[gazebo-1] [1;36m[Dbg] [GpuLidarSensor.cc:164] [0m[1;36mLidar points for [[0m[1;36mturtlebot4::ir_intensity_front_center_left::ir_intensity_front_center_left[0m[1;36m] advertised on [[0m[1;36mworld/warehouse/model/turtlebot4/link/ir_intensity_front_center_left/sensor/ir_intensity_front_center_left/scan/points[0m[1;36m][0m[1;36m[0m
[gazebo-1] [1;36m[Dbg] [Lidar.cc:139] [0m[1;36mLaser scans for [[0m[1;36mturtlebot4::ir_intensity_front_center_right::ir_intensity_front_center_right[0m[1;36m] advertised on [[0m[1;36mworld/warehouse/model/turtlebot4/link/ir_intensity_front_center_right/sensor/ir_intensity_front_center_right/scan[0m[1;36m][0m[1;36m[0m
[gazebo-1] [1;36m[Dbg] [GpuLidarSensor.cc:164] [0m[1;36mLidar points for [[0m[1;36mturtlebot4::ir_intensity_front_center_right::ir_intensity_front_center_right[0m[1;36m] advertised on [[0m[1;36mworld/warehouse/model/turtlebot4/link/ir_intensity_front_center_right/sensor/ir_intensity_front_center_right/scan/points[0m[1;36m][0m[1;36m[0m
[gazebo-1] [1;36m[Dbg] [Lidar.cc:139] [0m[1;36mLaser scans for [[0m[1;36mturtlebot4::ir_intensity_front_left::ir_intensity_front_left[0m[1;36m] advertised on [[0m[1;36mworld/warehouse/model/turtlebot4/link/ir_intensity_front_left/sensor/ir_intensity_front_left/scan[0m[1;36m][0m[1;36m[0m
[gazebo-1] [1;36m[Dbg] [GpuLidarSensor.cc:164] [0m[1;36mLidar points for [[0m[1;36mturtlebot4::ir_intensity_front_left::ir_intensity_front_left[0m[1;36m] advertised on [[0m[1;36mworld/warehouse/model/turtlebot4/link/ir_intensity_front_left/sensor/ir_intensity_front_left/scan/points[0m[1;36m][0m[1;36m[0m
[gazebo-1] [1;36m[Dbg] [Lidar.cc:139] [0m[1;36mLaser scans for [[0m[1;36mturtlebot4::ir_intensity_front_right::ir_intensity_front_right[0m[1;36m] advertised on [[0m[1;36mworld/warehouse/model/turtlebot4/link/ir_intensity_front_right/sensor/ir_intensity_front_right/scan[0m[1;36m][0m[1;36m[0m
[gazebo-1] [1;36m[Dbg] [GpuLidarSensor.cc:164] [0m[1;36mLidar points for [[0m[1;36mturtlebot4::ir_intensity_front_right::ir_intensity_front_right[0m[1;36m] advertised on [[0m[1;36mworld/warehouse/model/turtlebot4/link/ir_intensity_front_right/sensor/ir_intensity_front_right/scan/points[0m[1;36m][0m[1;36m[0m
[gazebo-1] [1;36m[Dbg] [Lidar.cc:139] [0m[1;36mLaser scans for [[0m[1;36mturtlebot4::ir_intensity_left::ir_intensity_left[0m[1;36m] advertised on [[0m[1;36mworld/warehouse/model/turtlebot4/link/ir_intensity_left/sensor/ir_intensity_left/scan[0m[1;36m][0m[1;36m[0m
[gazebo-1] [1;36m[Dbg] [GpuLidarSensor.cc:164] [0m[1;36mLidar points for [[0m[1;36mturtlebot4::ir_intensity_left::ir_intensity_left[0m[1;36m] advertised on [[0m[1;36mworld/warehouse/model/turtlebot4/link/ir_intensity_left/sensor/ir_intensity_left/scan/points[0m[1;36m][0m[1;36m[0m
[gazebo-1] [1;36m[Dbg] [Lidar.cc:139] [0m[1;36mLaser scans for [[0m[1;36mturtlebot4::ir_intensity_right::ir_intensity_right[0m[1;36m] advertised on [[0m[1;36mworld/warehouse/model/turtlebot4/link/ir_intensity_right/sensor/ir_intensity_right/scan[0m[1;36m][0m[1;36m[0m
[gazebo-1] [1;36m[Dbg] [GpuLidarSensor.cc:164] [0m[1;36mLidar points for [[0m[1;36mturtlebot4::ir_intensity_right::ir_intensity_right[0m[1;36m] advertised on [[0m[1;36mworld/warehouse/model/turtlebot4/link/ir_intensity_right/sensor/ir_intensity_right/scan/points[0m[1;36m][0m[1;36m[0m
[gazebo-1] [1;36m[Dbg] [Lidar.cc:139] [0m[1;36mLaser scans for [[0m[1;36mturtlebot4::ir_intensity_side_left::ir_intensity_side_left[0m[1;36m] advertised on [[0m[1;36mworld/warehouse/model/turtlebot4/link/ir_intensity_side_left/sensor/ir_intensity_side_left/scan[0m[1;36m][0m[1;36m[0m
[gazebo-1] [1;36m[Dbg] [GpuLidarSensor.cc:164] [0m[1;36mLidar points for [[0m[1;36mturtlebot4::ir_intensity_side_left::ir_intensity_side_left[0m[1;36m] advertised on [[0m[1;36mworld/warehouse/model/turtlebot4/link/ir_intensity_side_left/sensor/ir_intensity_side_left/scan/points[0m[1;36m][0m[1;36m[0m
[gazebo-1] [1;36m[Dbg] [Lidar.cc:139] [0m[1;36mLaser scans for [[0m[1;36mturtlebot4::rplidar_link::rplidar[0m[1;36m] advertised on [[0m[1;36mworld/warehouse/model/turtlebot4/link/rplidar_link/sensor/rplidar/scan[0m[1;36m][0m[1;36m[0m
[gazebo-1] [1;36m[Dbg] [GpuLidarSensor.cc:164] [0m[1;36mLidar points for [[0m[1;36mturtlebot4::rplidar_link::rplidar[0m[1;36m] advertised on [[0m[1;36mworld/warehouse/model/turtlebot4/link/rplidar_link/sensor/rplidar/scan/points[0m[1;36m][0m[1;36m[0m
[parameter_bridge-8] [INFO] [1785771930.273261437] [cmd_vel_bridge]: Passing message from ROS geometry_msgs/msg/TwistStamped to Gazebo gz.msgs.Twist (showing msg only once per type)
[turtlebot4_node-29] [INFO] [1785771930.302344316] [turtlebot4_node]: OAKD stopped
[turtlebot4_node-29] [INFO] [1785771930.302390642] [turtlebot4_node]: RPLIDAR stopped
[spawner-61] [INFO] [1785771930.575074753] [spawner_diffdrive_controller]: Setting controller param "params_file" to "['/opt/ros/jazzy/share/irobot_create_control/config/control.yaml']" for diffdrive_controller
[controller_server-48] [INFO] [1785771930.631459700] [local_costmap.local_costmap]: Timed out waiting for transform from base_link to odom to become available, tf error: Could not find a connection between 'odom' and 'base_link' because they are not part of the same tree.Tf has two or more unconnected trees.
[gazebo-1] [INFO] [1785771930.918649879] [controller_manager]: Loading controller : 'diffdrive_controller' of type 'diff_drive_controller/DiffDriveController'
[gazebo-1] [INFO] [1785771930.918733186] [controller_manager]: Loading controller 'diffdrive_controller'
[gazebo-1] [WARN] [1785771930.931200114] [controller_manager]: The use of remapping arguments to the controller_manager node is deprecated. Please use the '--controller-ros-args' argument of the spawner to pass remapping arguments to the controller node.
[gazebo-1] [INFO] [1785771930.931311568] [controller_manager]: Controller 'diffdrive_controller' node arguments: --ros-args --params-file /opt/ros/jazzy/share/irobot_create_control/config/control.yaml --ros-args --remap ~/odom:=odom --remap /tf:=tf --remap /tf_static:=tf_static --remap /diagnostics:=diagnostics -p use_sim_time:=true --params-file /opt/ros/jazzy/share/irobot_create_control/config/control.yaml --param use_sim_time:=true 
[spawner-61] [INFO] [1785771931.002188048] [spawner_diffdrive_controller]: Loaded diffdrive_controller
[gazebo-1] [INFO] [1785771931.005645332] [controller_manager]: Configuring controller: 'diffdrive_controller'
[gazebo-1] [WARN] [1785771931.005860029] [diffdrive_controller]: [deprecated] has_jerk_limits parameter is deprecated, instead set the respective limits to NAN
[gazebo-1] [WARN] [1785771931.005885392] [diffdrive_controller]: [deprecated] has_jerk_limits parameter is deprecated, instead set the respective limits to NAN
[gazebo-1] [INFO] [1785771931.054077831] [controller_manager]: Activating controllers: [ diffdrive_controller ]
[gazebo-1] [WARN] [1785771931.055127952] [diffdrive_controller]: Can't accept new commands. subscriber is inactive
[gazebo-1] [INFO] [1785771931.057543309] [controller_manager]: Successfully switched controllers!
[spawner-61] [INFO] [1785771931.063568639] [spawner_diffdrive_controller]: Configured and activated diffdrive_controller
[gazebo-1] [WARN] [1785771931.115545396] [diffdrive_controller]: Received TwistStamped with zero timestamp, setting it to current time, this message will only be shown once
[controller_server-48] [INFO] [1785771931.131561200] [local_costmap.local_costmap]: start
[rtabmap-46] [33m[ WARN] (2026-08-03 23:45:31.184) Memory.cpp:6451::createSignature() Mem/SaveDepth16Format is set to false to use 32bits format but this is not compatible with the compressed depth format chosen (Mem/DepthCompressionFormat=".rvl"), depth images will be compressed in ".png" format instead. Explicitly set Mem/SaveDepth16Format to true to keep using ".rvl" format and images will be converted to 16bits for convenience (warning: that would remove all depth values over 65 meters). Explicitly set Mem/DepthCompressionFormat=".png" to suppress this warning. This warning is only printed once.[0m
[rtabmap-46] [33m[ WARN] (2026-08-03 23:45:31.238) MapsManager.cpp:899::publishMaps() Graph has changed! The whole cloud is regenerated.[0m
[planner_server-50] [INFO] [1785771931.239323833] [global_costmap.global_costmap]: StaticLayer: Resizing costmap to 113 X 136 at 0.050000 m/pix
[controller_server-48] [INFO] [1785771931.239374890] [local_costmap.local_costmap]: StaticLayer: Resizing static layer to 113 X 136 at 0.050000 m/pix
[rtabmap-46] [0m[INFO] [1785771931.240531683] [rtabmap]: rtabmap (1): Rate=1.00s, Limit=0.000s, Conversion=0.0011s, RTAB-Map=0.0710s, Maps update=0.0039s pub=0.0025s delay=0.0630s (local map=1, WM=1)[0m
[INFO] [spawner-61]: process has finished cleanly [pid 38143]
[controller_server-48] [INFO] [1785771931.335221634] [controller_server]: Activating controller: FollowPath of type nav2_rotation_shim_controller::RotationShimController
[controller_server-48] [WARN] [1785771931.335359975] [controller_server]: Parameter controller_server.verbose not found
[controller_server-48] [INFO] [1785771931.339236440] [controller_server]: Optimizer reset
[controller_server-48] [INFO] [1785771931.340280289] [MPPIController]: Activated MPPI Controller: FollowPath
[controller_server-48] [INFO] [1785771931.340360428] [controller_server]: Creating bond (controller_server) to lifecycle manager.
[lifecycle_manager-58] [INFO] [1785771931.456860698] [lifecycle_manager_navigation]: Server controller_server connected with bond.
[lifecycle_manager-58] [INFO] [1785771931.456909337] [lifecycle_manager_navigation]: [34m[1mActivating smoother_server[0m[0m
[smoother_server-49] [INFO] [1785771931.457504148] [smoother_server]: Activating
[smoother_server-49] [INFO] [1785771931.457534743] [smoother_server]: Creating bond (smoother_server) to lifecycle manager.
[lifecycle_manager-58] [INFO] [1785771931.567258277] [lifecycle_manager_navigation]: Server smoother_server connected with bond.
[lifecycle_manager-58] [INFO] [1785771931.567305257] [lifecycle_manager_navigation]: [34m[1mActivating planner_server[0m[0m
[planner_server-50] [INFO] [1785771931.567897960] [planner_server]: Activating
[planner_server-50] [INFO] [1785771931.567935534] [global_costmap.global_costmap]: Activating
[planner_server-50] [INFO] [1785771931.567945278] [global_costmap.global_costmap]: Checking transform
[planner_server-50] [INFO] [1785771931.568080975] [global_costmap.global_costmap]: start
[planner_server-50] [INFO] [1785771932.570005176] [planner_server]: Activating plugin GridBased of type NavfnPlanner
[planner_server-50] [INFO] [1785771932.573671801] [planner_server]: Creating bond (planner_server) to lifecycle manager.
[lifecycle_manager-58] [INFO] [1785771932.689781642] [lifecycle_manager_navigation]: Server planner_server connected with bond.
[lifecycle_manager-58] [INFO] [1785771932.689832130] [lifecycle_manager_navigation]: [34m[1mActivating route_server[0m[0m
[route_server-51] [INFO] [1785771932.690375358] [route_server]: Activating
[route_server-51] [INFO] [1785771932.690498659] [route_server]: Creating bond (route_server) to lifecycle manager.
[lifecycle_manager-58] [INFO] [1785771932.802597447] [lifecycle_manager_navigation]: Server route_server connected with bond.
[lifecycle_manager-58] [INFO] [1785771932.802647612] [lifecycle_manager_navigation]: [34m[1mActivating behavior_server[0m[0m
[behavior_server-52] [INFO] [1785771932.803251376] [behavior_server]: Activating
[behavior_server-52] [INFO] [1785771932.803276250] [behavior_server]: Activating spin
[behavior_server-52] [INFO] [1785771932.803286590] [behavior_server]: Activating backup
[behavior_server-52] [INFO] [1785771932.803294246] [behavior_server]: Activating drive_on_heading
[behavior_server-52] [INFO] [1785771932.803303293] [behavior_server]: Activating assisted_teleop
[behavior_server-52] [INFO] [1785771932.803311086] [behavior_server]: Activating wait
[behavior_server-52] [INFO] [1785771932.803323471] [behavior_server]: Creating bond (behavior_server) to lifecycle manager.
[lifecycle_manager-58] [INFO] [1785771932.916608265] [lifecycle_manager_navigation]: Server behavior_server connected with bond.
[lifecycle_manager-58] [INFO] [1785771932.916668539] [lifecycle_manager_navigation]: [34m[1mActivating velocity_smoother[0m[0m
[velocity_smoother-55] [INFO] [1785771932.917692412] [velocity_smoother]: Activating
[velocity_smoother-55] [INFO] [1785771932.917810752] [velocity_smoother]: Creating bond (velocity_smoother) to lifecycle manager.
[rtabmap-46] [0m[INFO] [1785771932.941611014] [rtabmap]: rtabmap (2): Rate=1.00s, Limit=0.000s, Conversion=0.0009s, RTAB-Map=0.0539s, Maps update=0.0030s pub=0.0006s delay=0.0480s (local map=1, WM=1)[0m
[lifecycle_manager-58] [INFO] [1785771933.034035496] [lifecycle_manager_navigation]: Server velocity_smoother connected with bond.
[lifecycle_manager-58] [INFO] [1785771933.034076700] [lifecycle_manager_navigation]: [34m[1mActivating collision_monitor[0m[0m
[collision_monitor-56] [INFO] [1785771933.034643026] [collision_monitor]: Activating
[collision_monitor-56] [INFO] [1785771933.034684208] [collision_monitor]: Creating bond (collision_monitor) to lifecycle manager.
[lifecycle_manager-58] [INFO] [1785771933.148572458] [lifecycle_manager_navigation]: Server collision_monitor connected with bond.
[lifecycle_manager-58] [INFO] [1785771933.148636697] [lifecycle_manager_navigation]: [34m[1mActivating bt_navigator[0m[0m
[bt_navigator-53] [INFO] [1785771933.149216742] [bt_navigator]: Activating
[gazebo-1] [1;36m[Dbg] [Lidar.cc:139] [0m[1;36mLaser scans for [[0m[1;36mstandard_dock::green_buoy_link::green_buoy[0m[1;36m] advertised on [[0m[1;36mworld/warehouse/model/standard_dock/link/green_buoy_link/sensor/green_buoy/scan[0m[1;36m][0m[1;36m[0m
[gazebo-1] [1;36m[Dbg] [GpuLidarSensor.cc:164] [0m[1;36mLidar points for [[0m[1;36mstandard_dock::green_buoy_link::green_buoy[0m[1;36m] advertised on [[0m[1;36mworld/warehouse/model/standard_dock/link/green_buoy_link/sensor/green_buoy/scan/points[0m[1;36m][0m[1;36m[0m
[gazebo-1] [1;36m[Dbg] [Lidar.cc:139] [0m[1;36mLaser scans for [[0m[1;36mstandard_dock::halo_link::halo[0m[1;36m] advertised on [[0m[1;36mworld/warehouse/model/standard_dock/link/halo_link/sensor/halo/scan[0m[1;36m][0m[1;36m[0m
[gazebo-1] [1;36m[Dbg] [GpuLidarSensor.cc:164] [0m[1;36mLidar points for [[0m[1;36mstandard_dock::halo_link::halo[0m[1;36m] advertised on [[0m[1;36mworld/warehouse/model/standard_dock/link/halo_link/sensor/halo/scan/points[0m[1;36m][0m[1;36m[0m
[gazebo-1] [1;36m[Dbg] [Lidar.cc:139] [0m[1;36mLaser scans for [[0m[1;36mstandard_dock::red_buoy_link::red_buoy[0m[1;36m] advertised on [[0m[1;36mworld/warehouse/model/standard_dock/link/red_buoy_link/sensor/red_buoy/scan[0m[1;36m][0m[1;36m[0m
[gazebo-1] [1;36m[Dbg] [GpuLidarSensor.cc:164] [0m[1;36mLidar points for [[0m[1;36mstandard_dock::red_buoy_link::red_buoy[0m[1;36m] advertised on [[0m[1;36mworld/warehouse/model/standard_dock/link/red_buoy_link/sensor/red_buoy/scan/points[0m[1;36m][0m[1;36m[0m
[gazebo-1] [1;36m[Dbg] [Lidar.cc:139] [0m[1;36mLaser scans for [[0m[1;36mstandard_dock::yellow_buoy_link::yellow_buoy[0m[1;36m] advertised on [[0m[1;36mworld/warehouse/model/standard_dock/link/yellow_buoy_link/sensor/yellow_buoy/scan[0m[1;36m][0m[1;36m[0m
[gazebo-1] [1;36m[Dbg] [GpuLidarSensor.cc:164] [0m[1;36mLidar points for [[0m[1;36mstandard_dock::yellow_buoy_link::yellow_buoy[0m[1;36m] advertised on [[0m[1;36mworld/warehouse/model/standard_dock/link/yellow_buoy_link/sensor/yellow_buoy/scan/points[0m[1;36m][0m[1;36m[0m
[bt_navigator-53] [INFO] [1785771933.348617832] [bt_navigator]: Creating bond (bt_navigator) to lifecycle manager.
[lifecycle_manager-58] [INFO] [1785771933.460723760] [lifecycle_manager_navigation]: Server bt_navigator connected with bond.
[lifecycle_manager-58] [INFO] [1785771933.460788740] [lifecycle_manager_navigation]: [34m[1mActivating waypoint_follower[0m[0m
[waypoint_follower-54] [INFO] [1785771933.461804284] [waypoint_follower]: Activating
[waypoint_follower-54] [INFO] [1785771933.461874541] [waypoint_follower]: Creating bond (waypoint_follower) to lifecycle manager.
[lifecycle_manager-58] [INFO] [1785771933.580171271] [lifecycle_manager_navigation]: Server waypoint_follower connected with bond.
[lifecycle_manager-58] [INFO] [1785771933.580247346] [lifecycle_manager_navigation]: [34m[1mActivating docking_server[0m[0m
[opennav_docking-57] [INFO] [1785771933.581227161] [docking_server]: Activating docking_server
[opennav_docking-57] [INFO] [1785771933.617463219] [docking_server]: Creating bond (docking_server) to lifecycle manager.
[lifecycle_manager-58] [INFO] [1785771933.726809378] [lifecycle_manager_navigation]: Server docking_server connected with bond.
[lifecycle_manager-58] [INFO] [1785771933.726894637] [lifecycle_manager_navigation]: [34m[1mManaged nodes are active[0m[0m
[lifecycle_manager-58] [INFO] [1785771933.726927943] [lifecycle_manager_navigation]: [34m[1mCreating bond timer...[0m[0m
[rtabmap-46] [0m[INFO] [1785771934.770749057] [rtabmap]: rtabmap (3): Rate=1.00s, Limit=0.000s, Conversion=0.0007s, RTAB-Map=0.0521s, Maps update=0.0049s pub=0.0007s delay=0.0690s (local map=1, WM=1)[0m
[rtabmap-46] [0m[INFO] [1785771936.524365535] [rtabmap]: rtabmap (4): Rate=1.00s, Limit=0.000s, Conversion=0.0009s, RTAB-Map=0.0598s, Maps update=0.0047s pub=0.0010s delay=0.0570s (local map=1, WM=1)[0m
[rtabmap-46] [0m[INFO] [1785771938.206936033] [rtabmap]: rtabmap (5): Rate=1.00s, Limit=0.000s, Conversion=0.0006s, RTAB-Map=0.0504s, Maps update=0.0036s pub=0.0009s delay=0.0480s (local map=1, WM=1)[0m
[exploration_manager-60] [INFO] [1785771938.941175064] [exploration_manager]: Sending undock goal...
[motion_control-34] [INFO] [1785771938.942770837] [motion_control]: Received new undock goal
[exploration_manager-60] [INFO] [1785771938.945166312] [exploration_manager]: Undock goal accepted.
[turtlebot4_node-29] [INFO] [1785771939.365109355] [turtlebot4_node]: OAKD started
[turtlebot4_node-29] [INFO] [1785771939.365193377] [turtlebot4_node]: RPLIDAR started
[rtabmap-46] [0m[INFO] [1785771939.920812559] [rtabmap]: rtabmap (6): Rate=1.00s, Limit=0.000s, Conversion=0.0008s, RTAB-Map=0.0678s, Maps update=0.0032s pub=0.0007s delay=0.0570s (local map=1, WM=1)[0m
[rtabmap-46] [0m[INFO] [1785771941.676423262] [rtabmap]: rtabmap (7): Rate=1.00s, Limit=0.000s, Conversion=0.0008s, RTAB-Map=0.0624s, Maps update=0.0034s pub=0.0013s delay=0.0630s (local map=2, WM=2)[0m
[controller_server-48] [INFO] [1785771941.731793947] [local_costmap.local_costmap]: StaticLayer: Resizing static layer to 118 X 136 at 0.050000 m/pix
[planner_server-50] [INFO] [1785771942.568274219] [global_costmap.global_costmap]: StaticLayer: Resizing costmap to 118 X 136 at 0.050000 m/pix
[rtabmap-46] [0m[INFO] [1785771943.383462638] [rtabmap]: rtabmap (8): Rate=1.00s, Limit=0.000s, Conversion=0.0007s, RTAB-Map=0.0584s, Maps update=0.0042s pub=0.0022s delay=0.0690s (local map=3, WM=3)[0m
[controller_server-48] [INFO] [1785771943.531804356] [local_costmap.local_costmap]: StaticLayer: Resizing static layer to 120 X 136 at 0.050000 m/pix
[planner_server-50] [INFO] [1785771943.568285836] [global_costmap.global_costmap]: StaticLayer: Resizing costmap to 120 X 136 at 0.050000 m/pix
[rtabmap-46] [0m[INFO] [1785771945.139579174] [rtabmap]: rtabmap (9): Rate=1.00s, Limit=0.000s, Conversion=0.0007s, RTAB-Map=0.0587s, Maps update=0.0049s pub=0.0013s delay=0.0690s (local map=4, WM=4)[0m
[controller_server-48] [INFO] [1785771945.331802322] [local_costmap.local_costmap]: StaticLayer: Resizing static layer to 122 X 162 at 0.050000 m/pix
[planner_server-50] [INFO] [1785771945.568250700] [global_costmap.global_costmap]: StaticLayer: Resizing costmap to 122 X 162 at 0.050000 m/pix
[rtabmap-46] [0m[INFO] [1785771946.879556126] [rtabmap]: rtabmap (10): Rate=1.00s, Limit=0.000s, Conversion=0.0006s, RTAB-Map=0.0663s, Maps update=0.0047s pub=0.0019s delay=0.0570s (local map=5, WM=5)[0m
[controller_server-48] [INFO] [1785771946.931792128] [local_costmap.local_costmap]: StaticLayer: Resizing static layer to 147 X 178 at 0.050000 m/pix
[exploration_manager-60] [INFO] [1785771947.492899836] [exploration_manager]: Initialization: waiting for undock...
[planner_server-50] [INFO] [1785771947.568251087] [global_costmap.global_costmap]: StaticLayer: Resizing costmap to 147 X 178 at 0.050000 m/pix
[rtabmap-46] [0m[INFO] [1785771948.658503757] [rtabmap]: rtabmap (11): Rate=1.00s, Limit=0.000s, Conversion=0.0005s, RTAB-Map=0.0737s, Maps update=0.0036s pub=0.0011s delay=0.0630s (local map=6, WM=6)[0m
[controller_server-48] [INFO] [1785771948.731817213] [local_costmap.local_costmap]: StaticLayer: Resizing static layer to 206 X 178 at 0.050000 m/pix
[planner_server-50] [INFO] [1785771949.568273781] [global_costmap.global_costmap]: StaticLayer: Resizing costmap to 206 X 178 at 0.050000 m/pix
[rtabmap-46] [0m[INFO] [1785771950.484142103] [rtabmap]: rtabmap (12): Rate=1.00s, Limit=0.000s, Conversion=0.0006s, RTAB-Map=0.0590s, Maps update=0.0068s pub=0.0017s delay=0.0600s (local map=7, WM=7)[0m
[controller_server-48] [INFO] [1785771950.531812013] [local_costmap.local_costmap]: StaticLayer: Resizing static layer to 220 X 178 at 0.050000 m/pix
[planner_server-50] [INFO] [1785771950.568261426] [global_costmap.global_costmap]: StaticLayer: Resizing costmap to 220 X 178 at 0.050000 m/pix
[rtabmap-46] [0m[INFO] [1785771952.266560489] [rtabmap]: rtabmap (13): Rate=1.00s, Limit=0.000s, Conversion=0.0006s, RTAB-Map=0.0561s, Maps update=0.0048s pub=0.0017s delay=0.0600s (local map=8, WM=8)[0m
[rtabmap-46] [0m[INFO] [1785771953.975738399] [rtabmap]: rtabmap (14): Rate=1.00s, Limit=0.000s, Conversion=0.0005s, RTAB-Map=0.0590s, Maps update=0.0066s pub=0.0015s delay=0.0630s (local map=9, WM=9)[0m
[controller_server-48] [INFO] [1785771954.131803801] [local_costmap.local_costmap]: StaticLayer: Resizing static layer to 220 X 187 at 0.050000 m/pix
[planner_server-50] [INFO] [1785771954.568440900] [global_costmap.global_costmap]: StaticLayer: Resizing costmap to 220 X 187 at 0.050000 m/pix
[motion_control-34] [INFO] [1785771954.938544004] [motion_control]: Undock Goal Succeeded
[exploration_manager-60] [INFO] [1785771954.940899006] [exploration_manager]: Undock finished with status: 4
[rtabmap-46] [0m[INFO] [1785771955.668433965] [rtabmap]: rtabmap (15): Rate=1.00s, Limit=0.000s, Conversion=0.0004s, RTAB-Map=0.0857s, Maps update=0.0043s pub=0.0011s delay=0.0750s (local map=9, WM=9)[0m
[exploration_manager-60] [INFO] [1785771956.018448771] [exploration_manager]: Initialization: undock done, start rotating.
[rtabmap-46] [0m[INFO] [1785771957.328114286] [rtabmap]: rtabmap (16): Rate=1.00s, Limit=0.000s, Conversion=0.0006s, RTAB-Map=0.0638s, Maps update=0.0035s pub=0.0008s delay=0.0630s (local map=9, WM=9)[0m
[rtabmap-46] [0m[INFO] [1785771958.988065346] [rtabmap]: rtabmap (17): Rate=1.00s, Limit=0.000s, Conversion=0.0005s, RTAB-Map=0.0576s, Maps update=0.0042s pub=0.0010s delay=0.0720s (local map=9, WM=9)[0m
[turtlebot4_node-29] [ERROR] [1785771960.312727353] [turtlebot4_node]: Service stop_motor unavailable.
[turtlebot4_node-29] [ERROR] [1785771960.323040135] [turtlebot4_node]: Service oakd/stop_camera unavailable.
[rtabmap-46] [0m[INFO] [1785771960.639112462] [rtabmap]: rtabmap (18): Rate=1.00s, Limit=0.000s, Conversion=0.0006s, RTAB-Map=0.0618s, Maps update=0.0041s pub=0.0009s delay=0.0600s (local map=9, WM=9)[0m
[rtabmap-46] [0m[INFO] [1785771962.312325972] [rtabmap]: rtabmap (19): Rate=1.00s, Limit=0.000s, Conversion=0.0004s, RTAB-Map=0.0602s, Maps update=0.0045s pub=0.0016s delay=0.0720s (local map=9, WM=9)[0m
[rtabmap-46] [0m[INFO] [1785771963.978653189] [rtabmap]: rtabmap (20): Rate=1.00s, Limit=0.000s, Conversion=0.0005s, RTAB-Map=0.0587s, Maps update=0.0049s pub=0.0007s delay=0.0720s (local map=9, WM=9)[0m
[exploration_manager-60] [INFO] [1785771964.195068991] [exploration_manager]: Initialization: rotating... 5.0s
[exploration_manager-60] [INFO] [1785771964.196365822] [exploration_manager]: Initialization finished. Starting exploration.
[rtabmap-46] [0m[INFO] [1785771965.648792318] [rtabmap]: rtabmap (21): Rate=1.00s, Limit=0.000s, Conversion=0.0005s, RTAB-Map=0.0551s, Maps update=0.0038s pub=0.0014s delay=0.0720s (local map=9, WM=9)[0m
[rtabmap-46] [0m[INFO] [1785771967.336460240] [rtabmap]: rtabmap (22): Rate=1.00s, Limit=0.000s, Conversion=0.0007s, RTAB-Map=0.0662s, Maps update=0.0042s pub=0.0013s delay=0.0600s (local map=9, WM=9)[0m
[rtabmap-46] [0m[INFO] [1785771969.027454562] [rtabmap]: rtabmap (23): Rate=1.00s, Limit=0.000s, Conversion=0.0005s, RTAB-Map=0.0608s, Maps update=0.0039s pub=0.0010s delay=0.0690s (local map=9, WM=9)[0m
[turtlebot4_node-29] [ERROR] [1785771969.375500823] [turtlebot4_node]: Service start_motor unavailable.
[turtlebot4_node-29] [ERROR] [1785771969.385849744] [turtlebot4_node]: Service oakd/start_camera unavailable.
[rtabmap-46] [0m[INFO] [1785771970.653017680] [rtabmap]: rtabmap (24): Rate=1.00s, Limit=0.000s, Conversion=0.0003s, RTAB-Map=0.0541s, Maps update=0.0033s pub=0.0012s delay=0.0480s (local map=9, WM=9)[0m
[rtabmap-46] [0m[INFO] [1785771972.395196739] [rtabmap]: rtabmap (25): Rate=1.00s, Limit=0.000s, Conversion=0.0005s, RTAB-Map=0.0674s, Maps update=0.0054s pub=0.0007s delay=0.0630s (local map=9, WM=9)[0m
[exploration_manager-60] [INFO] [1785771972.444974409] [exploration_manager]: === Exploration Step ===
[exploration_manager-60] [INFO] [1785771972.447174004] [exploration_manager]: Calling compute_next_goal()
[exploration_manager-60] [INFO] [1785771972.447793173] [exploration_manager]: DEBUG: compute_next_goal entered
[exploration_manager-60] [INFO] [1785771972.451863155] [exploration_manager]: Map stats: width=220, height=187, free=20596, occupied=519, unknown=20025
[exploration_manager-60] [INFO] [1785771972.484248015] [exploration_manager]: Frontier cluster candidate: size=66, unknown=1316, distance=4.78, revisit_penalty=0.0, score=1281.39, goal=(-3.95, -3.15)
[exploration_manager-60] [INFO] [1785771972.485896134] [exploration_manager]: Frontier cluster candidate: size=251, unknown=722, distance=4.78, revisit_penalty=0.0, score=724.37, goal=(4.25, -1.30)
[exploration_manager-60] [INFO] [1785771972.487686183] [exploration_manager]: Frontier cluster candidate: size=165, unknown=1298, distance=1.48, revisit_penalty=0.0, score=1316.17, goal=(-1.40, -1.05)
[exploration_manager-60] [INFO] [1785771972.489320333] [exploration_manager]: Frontier cluster candidate: size=173, unknown=924, distance=4.68, revisit_penalty=0.0, score=911.85, goal=(-4.95, -0.85)
[exploration_manager-60] [INFO] [1785771972.490657999] [exploration_manager]: Frontier cluster candidate: size=29, unknown=560, distance=4.25, revisit_penalty=0.0, score=523.26, goal=(3.90, -0.10)
[exploration_manager-60] [INFO] [1785771972.491924300] [exploration_manager]: Frontier cluster candidate: size=932, unknown=560, distance=3.73, revisit_penalty=0.0, score=709.10, goal=(-2.35, 3.15)
[exploration_manager-60] [INFO] [1785771972.493075295] [exploration_manager]: Frontier cluster candidate: size=169, unknown=1016, distance=5.01, revisit_penalty=0.0, score=999.66, goal=(4.20, 2.10)
[exploration_manager-60] [INFO] [1785771972.494006856] [exploration_manager]: Frontier cluster candidate: size=32, unknown=59, distance=1.68, revisit_penalty=0.0, score=48.60, goal=(-1.00, 1.55)
[exploration_manager-60] [INFO] [1785771972.495597471] [exploration_manager]: Frontier cluster candidate: size=1009, unknown=534, distance=3.64, revisit_penalty=0.0, score=699.42, goal=(0.80, 3.45)
[exploration_manager-60] [INFO] [1785771972.496606039] [exploration_manager]: Frontier cluster candidate: size=36, unknown=86, distance=2.06, revisit_penalty=0.0, score=72.60, goal=(-1.15, 1.90)
[exploration_manager-60] [INFO] [1785771972.497254533] [exploration_manager]: Frontier candidates=3322, clusters=74, valid_clusters=10
[exploration_manager-60] [INFO] [1785771972.497567343] [exploration_manager]: DEBUG: calling visualize_debug()
[exploration_manager-60] [INFO] [1785771973.318662318] [exploration_manager]: Debug map saved to: /home/tsehsun/frontier_debug/frontier_debug_latest.png
[exploration_manager-60] [INFO] [1785771973.320045162] [exploration_manager]: Best frontier cluster selected: cluster_size=165, unknown=1298, score=1316.17, x=-1.40, y=-1.05, dist=1.48
[exploration_manager-60] [INFO] [1785771973.321350502] [exploration_manager]: Goal generated successfully.
[exploration_manager-60] [INFO] [1785771973.321907432] [exploration_manager]: Sending frontier goal to Nav2: x=-1.40, y=-1.05
[bt_navigator-53] [INFO] [1785771973.323371520] [bt_navigator]: Begin navigating from current location (-0.35, -0.00) to (-1.40, -1.05)
[exploration_manager-60] [INFO] [1785771973.325485610] [exploration_manager]: Navigation goal accepted.
[controller_server-48] [INFO] [1785771973.344532306] [controller_server]: Received a goal, begin computing control effort.
[controller_server-48] [WARN] [1785771973.344581573] [controller_server]: No goal checker was specified in parameter 'current_goal_checker'. Server will use only plugin loaded general_goal_checker . This warning will appear once.
[controller_server-48] [WARN] [1785771973.344593806] [controller_server]: No progress checker was specified in parameter 'current_progress_checker'. Server will use only plugin loaded progress_checker . This warning will appear once.
[controller_server-48] [WARN] [1785771973.395479915] [controller_server]: Control loop missed its desired rate of 20.0000 Hz. Current loop rate is 47.6190 Hz.
[rtabmap-46] [0m[INFO] [1785771974.094936131] [rtabmap]: rtabmap (26): Rate=1.00s, Limit=0.000s, Conversion=0.0005s, RTAB-Map=0.0582s, Maps update=0.0039s pub=0.0019s delay=0.0570s (local map=10, WM=10)[0m
[controller_server-48] [INFO] [1785771974.131820655] [local_costmap.local_costmap]: StaticLayer: Resizing static layer to 220 X 195 at 0.050000 m/pix
[controller_server-48] [INFO] [1785771974.395665478] [controller_server]: Passing new path to controller.
[planner_server-50] [INFO] [1785771974.568282001] [global_costmap.global_costmap]: StaticLayer: Resizing costmap to 220 X 195 at 0.050000 m/pix
[controller_server-48] [INFO] [1785771975.395605065] [controller_server]: Passing new path to controller.
[rtabmap-46] [0m[INFO] [1785771975.946452410] [rtabmap]: rtabmap (27): Rate=1.00s, Limit=0.000s, Conversion=0.0005s, RTAB-Map=0.0827s, Maps update=0.0037s pub=0.0022s delay=0.0690s (local map=11, WM=11)[0m
[controller_server-48] [INFO] [1785771976.131790372] [local_costmap.local_costmap]: StaticLayer: Resizing static layer to 220 X 210 at 0.050000 m/pix
[controller_server-48] [INFO] [1785771976.445635409] [controller_server]: Passing new path to controller.
[planner_server-50] [INFO] [1785771976.568294238] [global_costmap.global_costmap]: StaticLayer: Resizing costmap to 220 X 210 at 0.050000 m/pix
[controller_server-48] [INFO] [1785771977.445642907] [controller_server]: Passing new path to controller.
[rtabmap-46] [33m[ WARN] (2026-08-03 23:46:17.901) Rtabmap.cpp:3543::process() Rejected loop closure 1 -> 28: Not enough inliers 0/10 (matches=31) between 1 and 28[0m
[rtabmap-46] [0m[INFO] [1785771977.908939684] [rtabmap]: rtabmap (28): Rate=1.00s, Limit=0.000s, Conversion=0.0005s, RTAB-Map=0.1394s, Maps update=0.0046s pub=0.0021s delay=0.0990s (local map=12, WM=12)[0m
[controller_server-48] [INFO] [1785771977.931806052] [local_costmap.local_costmap]: StaticLayer: Resizing static layer to 222 X 215 at 0.050000 m/pix
[controller_server-48] [INFO] [1785771978.495620417] [controller_server]: Passing new path to controller.
[planner_server-50] [INFO] [1785771978.568254079] [global_costmap.global_costmap]: StaticLayer: Resizing costmap to 222 X 215 at 0.050000 m/pix
[controller_server-48] [INFO] [1785771979.495616961] [controller_server]: Passing new path to controller.
[rtabmap-46] [33m[ WARN] (2026-08-03 23:46:19.784) Rtabmap.cpp:3543::process() Rejected loop closure 1 -> 29: Not enough inliers 0/10 (matches=22) between 1 and 29[0m
[rtabmap-46] [0m[INFO] [1785771979.794693652] [rtabmap]: rtabmap (29): Rate=1.00s, Limit=0.000s, Conversion=0.0009s, RTAB-Map=0.1616s, Maps update=0.0058s pub=0.0034s delay=0.1110s (local map=13, WM=13)[0m
[controller_server-48] [INFO] [1785771979.931820518] [local_costmap.local_costmap]: StaticLayer: Resizing static layer to 226 X 216 at 0.050000 m/pix
[controller_server-48] [INFO] [1785771980.545651911] [controller_server]: Passing new path to controller.
[planner_server-50] [INFO] [1785771980.568279746] [global_costmap.global_costmap]: StaticLayer: Resizing costmap to 226 X 216 at 0.050000 m/pix
[controller_server-48] [INFO] [1785771981.545636890] [controller_server]: Passing new path to controller.
[exploration_manager-60] [INFO] [1785771982.403089600] [exploration_manager]: === Exploration Step ===
[exploration_manager-60] [INFO] [1785771982.404377467] [exploration_manager]: Already navigating. elapsed=5.0s
[controller_server-48] [INFO] [1785771982.595677553] [controller_server]: Passing new path to controller.
[rtabmap-46] [0m[INFO] [1785771982.845796061] [rtabmap]: rtabmap (30): Rate=1.00s, Limit=0.000s, Conversion=0.0014s, RTAB-Map=0.2067s, Maps update=0.0141s pub=0.0052s delay=0.0750s (local map=14, WM=14)[0m
[controller_server-48] [INFO] [1785771982.931910637] [local_costmap.local_costmap]: StaticLayer: Resizing static layer to 231 X 226 at 0.050000 m/pix
[planner_server-50] [INFO] [1785771983.568319969] [global_costmap.global_costmap]: StaticLayer: Resizing costmap to 231 X 226 at 0.050000 m/pix
[controller_server-48] [INFO] [1785771983.595646110] [controller_server]: Passing new path to controller.
[controller_server-48] [INFO] [1785771984.645656627] [controller_server]: Passing new path to controller.
[controller_server-48] [INFO] [1785771985.645693640] [controller_server]: Passing new path to controller.
[controller_server-48] [INFO] [1785771986.695646178] [controller_server]: Passing new path to controller.
[rtabmap-46] [0m[INFO] [1785771987.089672572] [rtabmap]: rtabmap (31): Rate=1.00s, Limit=0.000s, Conversion=0.0009s, RTAB-Map=0.1777s, Maps update=0.0113s pub=0.0048s delay=0.0630s (local map=15, WM=15)[0m
[controller_server-48] [INFO] [1785771987.131878931] [local_costmap.local_costmap]: StaticLayer: Resizing static layer to 231 X 231 at 0.050000 m/pix
[planner_server-50] [INFO] [1785771987.568326921] [global_costmap.global_costmap]: StaticLayer: Resizing costmap to 231 X 231 at 0.050000 m/pix
[controller_server-48] [INFO] [1785771987.695636871] [controller_server]: Passing new path to controller.
[controller_server-48] [INFO] [1785771988.745652048] [controller_server]: Passing new path to controller.
[controller_server-48] [INFO] [1785771989.745654942] [controller_server]: Passing new path to controller.
[controller_server-48] [INFO] [1785771990.795633354] [controller_server]: Passing new path to controller.
[rtabmap-46] [0m[INFO] [1785771990.842153488] [rtabmap]: rtabmap (32): Rate=1.00s, Limit=0.000s, Conversion=0.0008s, RTAB-Map=0.1171s, Maps update=0.0072s pub=0.0038s delay=0.0600s (local map=16, WM=16)[0m
[controller_server-48] [INFO] [1785771991.795663861] [controller_server]: Passing new path to controller.
[controller_server-48] [INFO] [1785771992.845657505] [controller_server]: Passing new path to controller.
[controller_server-48] [INFO] [1785771993.845634827] [controller_server]: Passing new path to controller.
[rtabmap-46] [0m[INFO] [1785771994.335573014] [rtabmap]: rtabmap (33): Rate=1.00s, Limit=0.000s, Conversion=0.0009s, RTAB-Map=0.1329s, Maps update=0.0081s pub=0.0058s delay=0.0750s (local map=17, WM=17)[0m
[controller_server-48] [INFO] [1785771994.895659294] [controller_server]: Passing new path to controller.
[controller_server-48] [INFO] [1785771995.895744049] [controller_server]: Passing new path to controller.
[controller_server-48] [INFO] [1785771996.945654750] [controller_server]: Passing new path to controller.
[controller_server-48] [INFO] [1785771997.060912077] [controller_server]: Reached the goal!
[controller_server-48] [INFO] [1785771997.065165729] [controller_server]: Optimizer reset
[bt_navigator-53] [INFO] [1785771997.094083150] [bt_navigator]: Goal succeeded
[exploration_manager-60] [INFO] [1785771997.098135255] [exploration_manager]: Navigation finished. status=4, error_code=0, error_msg=
[rtabmap-46] [0m[INFO] [1785771998.014752523] [rtabmap]: rtabmap (34): Rate=1.00s, Limit=0.000s, Conversion=0.0007s, RTAB-Map=0.3226s, Maps update=0.0089s pub=0.0060s delay=0.1260s (local map=18, WM=18)[0m
[gazebo-1] [WARN] [1785771998.700456952] [diffdrive_controller]: Ignoring the received message (timestamp 33.9570000000) because it is older than the current time by 0.5190000000 seconds, which exceeds the allowed timeout (0.5000)
[gazebo-1] [WARN] [1785771998.791988902] [diffdrive_controller]: Ignoring the received message (timestamp 33.9570000000) because it is older than the current time by 0.5430000000 seconds, which exceeds the allowed timeout (0.5000)
[gazebo-1] [WARN] [1785771998.887461263] [diffdrive_controller]: Ignoring the received message (timestamp 33.9570000000) because it is older than the current time by 0.5700000000 seconds, which exceeds the allowed timeout (0.5000)
[gazebo-1] [WARN] [1785771998.942244343] [diffdrive_controller]: Ignoring the received message (timestamp 33.9570000000) because it is older than the current time by 0.5940000000 seconds, which exceeds the allowed timeout (0.5000)
[gazebo-1] [WARN] [1785771999.009519595] [diffdrive_controller]: Ignoring the received message (timestamp 33.9570000000) because it is older than the current time by 0.6180000000 seconds, which exceeds the allowed timeout (0.5000)
[gazebo-1] [WARN] [1785771999.093216391] [diffdrive_controller]: Ignoring the received message (timestamp 33.9570000000) because it is older than the current time by 0.6450000000 seconds, which exceeds the allowed timeout (0.5000)
[gazebo-1] [WARN] [1785771999.172379958] [diffdrive_controller]: Ignoring the received message (timestamp 33.9570000000) because it is older than the current time by 0.6690000000 seconds, which exceeds the allowed timeout (0.5000)
[gazebo-1] [WARN] [1785771999.225949866] [diffdrive_controller]: Ignoring the received message (timestamp 33.9570000000) because it is older than the current time by 0.6930000000 seconds, which exceeds the allowed timeout (0.5000)
[gazebo-1] [WARN] [1785771999.312495113] [diffdrive_controller]: Ignoring the received message (timestamp 33.9570000000) because it is older than the current time by 0.7170000000 seconds, which exceeds the allowed timeout (0.5000)
[gazebo-1] [WARN] [1785771999.385239846] [diffdrive_controller]: Ignoring the received message (timestamp 33.9570000000) because it is older than the current time by 0.7440000000 seconds, which exceeds the allowed timeout (0.5000)
[gazebo-1] [WARN] [1785771999.464016278] [diffdrive_controller]: Ignoring the received message (timestamp 33.9570000000) because it is older than the current time by 0.7680000000 seconds, which exceeds the allowed timeout (0.5000)
[gazebo-1] [WARN] [1785771999.538635153] [diffdrive_controller]: Ignoring the received message (timestamp 33.9570000000) because it is older than the current time by 0.7950000000 seconds, which exceeds the allowed timeout (0.5000)
[gazebo-1] [WARN] [1785771999.596181924] [diffdrive_controller]: Ignoring the received message (timestamp 33.9570000000) because it is older than the current time by 0.8190000000 seconds, which exceeds the allowed timeout (0.5000)
[gazebo-1] [WARN] [1785771999.659460891] [diffdrive_controller]: Ignoring the received message (timestamp 33.9570000000) because it is older than the current time by 0.8430000000 seconds, which exceeds the allowed timeout (0.5000)
[gazebo-1] [WARN] [1785771999.744131801] [diffdrive_controller]: Ignoring the received message (timestamp 33.9570000000) because it is older than the current time by 0.8700000000 seconds, which exceeds the allowed timeout (0.5000)
[gazebo-1] [WARN] [1785771999.814400940] [diffdrive_controller]: Ignoring the received message (timestamp 33.9570000000) because it is older than the current time by 0.8940000000 seconds, which exceeds the allowed timeout (0.5000)
[gazebo-1] [WARN] [1785771999.871275259] [diffdrive_controller]: Ignoring the received message (timestamp 33.9570000000) because it is older than the current time by 0.9180000000 seconds, which exceeds the allowed timeout (0.5000)
[gazebo-1] [WARN] [1785771999.944738270] [diffdrive_controller]: Ignoring the received message (timestamp 33.9570000000) because it is older than the current time by 0.9450000000 seconds, which exceeds the allowed timeout (0.5000)
[gazebo-1] [WARN] [1785771999.999418513] [diffdrive_controller]: Ignoring the received message (timestamp 33.9570000000) because it is older than the current time by 0.9690000000 seconds, which exceeds the allowed timeout (0.5000)
[gazebo-1] [WARN] [1785772000.071908506] [diffdrive_controller]: Ignoring the received message (timestamp 33.9570000000) because it is older than the current time by 0.9930000000 seconds, which exceeds the allowed timeout (0.5000)
[gazebo-1] [WARN] [1785772000.139742619] [diffdrive_controller]: Ignoring the received message (timestamp 33.9570000000) because it is older than the current time by 1.0170000000 seconds, which exceeds the allowed timeout (0.5000)
[gazebo-1] [WARN] [1785772000.224745047] [diffdrive_controller]: Ignoring the received message (timestamp 33.9570000000) because it is older than the current time by 1.0440000000 seconds, which exceeds the allowed timeout (0.5000)
[exploration_manager-60] [INFO] [1785772000.227245105] [exploration_manager]: === Exploration Step ===
[exploration_manager-60] [INFO] [1785772000.231167604] [exploration_manager]: Calling compute_next_goal()
[exploration_manager-60] [INFO] [1785772000.232359829] [exploration_manager]: DEBUG: compute_next_goal entered
[exploration_manager-60] [INFO] [1785772000.243955524] [exploration_manager]: Map stats: width=231, height=231, free=26341, occupied=1018, unknown=26002
[gazebo-1] [WARN] [1785772000.309136915] [diffdrive_controller]: Ignoring the received message (timestamp 33.9570000000) because it is older than the current time by 1.0680000000 seconds, which exceeds the allowed timeout (0.5000)
[exploration_manager-60] [INFO] [1785772000.334796100] [exploration_manager]: Frontier cluster candidate: size=808, unknown=922, distance=3.81, revisit_penalty=0.0, score=1045.47, goal=(-4.35, -3.30)
[exploration_manager-60] [INFO] [1785772000.337563099] [exploration_manager]: Frontier cluster candidate: size=139, unknown=966, distance=2.41, revisit_penalty=0.0, score=969.71, goal=(-1.00, -3.40)
[exploration_manager-60] [INFO] [1785772000.339870172] [exploration_manager]: Frontier cluster candidate: size=99, unknown=1701, distance=2.59, revisit_penalty=0.0, score=1694.89, goal=(-0.30, -3.40)
[exploration_manager-60] [INFO] [1785772000.341922345] [exploration_manager]: Frontier cluster candidate: size=231, unknown=722, distance=5.56, revisit_penalty=0.0, score=712.61, goal=(4.25, -1.30)
[exploration_manager-60] [INFO] [1785772000.344192606] [exploration_manager]: Frontier cluster candidate: size=54, unknown=60, distance=1.17, revisit_penalty=500.0, score=-440.88, goal=(-0.25, -0.50)
[exploration_manager-60] [INFO] [1785772000.346315004] [exploration_manager]: Frontier cluster candidate: size=29, unknown=559, distance=5.28, revisit_penalty=0.0, score=512.00, goal=(3.90, -0.10)
[exploration_manager-60] [INFO] [1785772000.348572504] [exploration_manager]: Frontier cluster candidate: size=47, unknown=1155, distance=4.07, revisit_penalty=0.0, score=1123.67, goal=(-4.95, 0.80)
[exploration_manager-60] [INFO] [1785772000.350815633] [exploration_manager]: Frontier cluster candidate: size=169, unknown=1016, distance=6.32, revisit_penalty=0.0, score=986.60, goal=(4.20, 2.10)
[exploration_manager-60] [INFO] [1785772000.353400884] [exploration_manager]: Frontier cluster candidate: size=867, unknown=600, distance=4.34, revisit_penalty=0.0, score=730.01, goal=(-2.35, 3.20)
[exploration_manager-60] [INFO] [1785772000.356027621] [exploration_manager]: Frontier cluster candidate: size=32, unknown=59, distance=2.58, revisit_penalty=0.0, score=39.62, goal=(-1.00, 1.55)
[exploration_manager-60] [INFO] [1785772000.358736585] [exploration_manager]: Frontier cluster candidate: size=1009, unknown=534, distance=4.93, revisit_penalty=0.0, score=686.50, goal=(0.80, 3.45)
[exploration_manager-60] [INFO] [1785772000.360811139] [exploration_manager]: Frontier cluster candidate: size=36, unknown=86, distance=2.91, revisit_penalty=0.0, score=64.06, goal=(-1.15, 1.90)
[exploration_manager-60] [INFO] [1785772000.362040781] [exploration_manager]: Frontier candidates=4065, clusters=100, valid_clusters=12
[exploration_manager-60] [INFO] [1785772000.362715100] [exploration_manager]: DEBUG: calling visualize_debug()
[gazebo-1] [WARN] [1785772000.395105783] [diffdrive_controller]: Ignoring the received message (timestamp 33.9570000000) because it is older than the current time by 1.0950000000 seconds, which exceeds the allowed timeout (0.5000)
[gazebo-1] [WARN] [1785772000.450712345] [diffdrive_controller]: Ignoring the received message (timestamp 33.9570000000) because it is older than the current time by 1.1190000000 seconds, which exceeds the allowed timeout (0.5000)
[gazebo-1] [WARN] [1785772000.520639856] [diffdrive_controller]: Ignoring the received message (timestamp 33.9570000000) because it is older than the current time by 1.1430000000 seconds, which exceeds the allowed timeout (0.5000)
[gazebo-1] [WARN] [1785772000.623617146] [diffdrive_controller]: Ignoring the received message (timestamp 33.9570000000) because it is older than the current time by 1.1700000000 seconds, which exceeds the allowed timeout (0.5000)
[gazebo-1] [WARN] [1785772000.713071823] [diffdrive_controller]: Ignoring the received message (timestamp 33.9570000000) because it is older than the current time by 1.1940000000 seconds, which exceeds the allowed timeout (0.5000)
[gazebo-1] [WARN] [1785772000.780049526] [diffdrive_controller]: Ignoring the received message (timestamp 33.9570000000) because it is older than the current time by 1.2180000000 seconds, which exceeds the allowed timeout (0.5000)
[gazebo-1] [WARN] [1785772000.856956053] [diffdrive_controller]: Ignoring the received message (timestamp 33.9570000000) because it is older than the current time by 1.2450000000 seconds, which exceeds the allowed timeout (0.5000)
[rtabmap-46] [0m[INFO] [1785772000.921481835] [rtabmap]: rtabmap (35): Rate=1.00s, Limit=0.000s, Conversion=0.0009s, RTAB-Map=0.1390s, Maps update=0.0068s pub=0.0014s delay=0.0720s (local map=18, WM=18)[0m
[gazebo-1] [WARN] [1785772000.956530126] [diffdrive_controller]: Ignoring the received message (timestamp 33.9570000000) because it is older than the current time by 1.2690000000 seconds, which exceeds the allowed timeout (0.5000)
[gazebo-1] [WARN] [1785772001.044527416] [diffdrive_controller]: Ignoring the received message (timestamp 33.9570000000) because it is older than the current time by 1.2930000000 seconds, which exceeds the allowed timeout (0.5000)
[gazebo-1] [WARN] [1785772001.112494548] [diffdrive_controller]: Ignoring the received message (timestamp 33.9570000000) because it is older than the current time by 1.3200000000 seconds, which exceeds the allowed timeout (0.5000)
[gazebo-1] [WARN] [1785772001.199301811] [diffdrive_controller]: Ignoring the received message (timestamp 33.9570000000) because it is older than the current time by 1.3440000000 seconds, which exceeds the allowed timeout (0.5000)
[gazebo-1] [WARN] [1785772001.278679599] [diffdrive_controller]: Ignoring the received message (timestamp 33.9570000000) because it is older than the current time by 1.3680000000 seconds, which exceeds the allowed timeout (0.5000)
[exploration_manager-60] [INFO] [1785772001.336480935] [exploration_manager]: Debug map saved to: /home/tsehsun/frontier_debug/frontier_debug_latest.png
[exploration_manager-60] [INFO] [1785772001.338137947] [exploration_manager]: Best frontier cluster selected: cluster_size=99, unknown=1701, score=1694.89, x=-0.30, y=-3.40, dist=2.59
[exploration_manager-60] [INFO] [1785772001.339986656] [exploration_manager]: Goal generated successfully.
[exploration_manager-60] [INFO] [1785772001.340953173] [exploration_manager]: Sending frontier goal to Nav2: x=-0.30, y=-3.40
[bt_navigator-53] [INFO] [1785772001.342412988] [bt_navigator]: Begin navigating from current location (-1.30, -1.01) to (-0.30, -3.40)
[exploration_manager-60] [INFO] [1785772001.344710390] [exploration_manager]: Navigation goal accepted.
[controller_server-48] [INFO] [1785772001.364293524] [controller_server]: Received a goal, begin computing control effort.
[gazebo-1] [WARN] [1785772001.383802015] [diffdrive_controller]: Ignoring the received message (timestamp 33.9570000000) because it is older than the current time by 1.3950000000 seconds, which exceeds the allowed timeout (0.5000)
[gazebo-1] [WARN] [1785772001.448998883] [diffdrive_controller]: Ignoring the received message (timestamp 33.9570000000) because it is older than the current time by 1.4190000000 seconds, which exceeds the allowed timeout (0.5000)
[controller_server-48] [WARN] [1785772001.615894233] [controller_server]: Control loop missed its desired rate of 20.0000 Hz. Current loop rate is 66.6667 Hz.
[controller_server-48] [WARN] [1785772001.677342545] [controller_server]: Control loop missed its desired rate of 20.0000 Hz. Current loop rate is 66.6667 Hz.
[controller_server-48] [WARN] [1785772001.739775974] [controller_server]: Control loop missed its desired rate of 20.0000 Hz. Current loop rate is 55.5556 Hz.
[controller_server-48] [WARN] [1785772001.802324887] [controller_server]: Control loop missed its desired rate of 20.0000 Hz. Current loop rate is 66.6667 Hz.
[controller_server-48] [WARN] [1785772001.903729122] [controller_server]: Control loop missed its desired rate of 20.0000 Hz. Current loop rate is 83.3333 Hz.
[controller_server-48] [WARN] [1785772001.995542042] [controller_server]: Control loop missed its desired rate of 20.0000 Hz. Current loop rate is 55.5556 Hz.
[controller_server-48] [WARN] [1785772002.106888368] [controller_server]: Control loop missed its desired rate of 20.0000 Hz. Current loop rate is 66.6667 Hz.
[controller_server-48] [WARN] [1785772002.218297413] [controller_server]: Control loop missed its desired rate of 20.0000 Hz. Current loop rate is 83.3333 Hz.
[controller_server-48] [WARN] [1785772002.329680739] [controller_server]: Control loop missed its desired rate of 20.0000 Hz. Current loop rate is 66.6667 Hz.
[controller_server-48] [WARN] [1785772002.431358315] [controller_server]: Control loop missed its desired rate of 20.0000 Hz. Current loop rate is 83.3333 Hz.
[controller_server-48] [INFO] [1785772002.431478963] [controller_server]: Passing new path to controller.
[controller_server-48] [INFO] [1785772003.431576834] [controller_server]: Passing new path to controller.
[controller_server-48] [WARN] [1785772003.593128897] [controller_server]: Control loop missed its desired rate of 20.0000 Hz. Current loop rate is 55.5556 Hz.
[controller_server-48] [WARN] [1785772003.694631727] [controller_server]: Control loop missed its desired rate of 20.0000 Hz. Current loop rate is 83.3333 Hz.
[controller_server-48] [WARN] [1785772003.816316508] [controller_server]: Control loop missed its desired rate of 20.0000 Hz. Current loop rate is 47.6190 Hz.
[controller_server-48] [WARN] [1785772003.917596713] [controller_server]: Control loop missed its desired rate of 20.0000 Hz. Current loop rate is 111.1111 Hz.
[controller_server-48] [WARN] [1785772004.029714078] [controller_server]: Control loop missed its desired rate of 20.0000 Hz. Current loop rate is 47.6190 Hz.
[controller_server-48] [WARN] [1785772004.141234189] [controller_server]: Control loop missed its desired rate of 20.0000 Hz. Current loop rate is 66.6667 Hz.
[rtabmap-46] [0m[INFO] [1785772004.179950431] [rtabmap]: rtabmap (36): Rate=1.00s, Limit=0.000s, Conversion=0.0006s, RTAB-Map=0.1370s, Maps update=0.0099s pub=0.0069s delay=0.0630s (local map=19, WM=19)[0m
[controller_server-48] [WARN] [1785772004.262860212] [controller_server]: Control loop missed its desired rate of 20.0000 Hz. Current loop rate is 55.5556 Hz.
[controller_server-48] [WARN] [1785772004.374462261] [controller_server]: Control loop missed its desired rate of 20.0000 Hz. Current loop rate is 66.6667 Hz.
[controller_server-48] [WARN] [1785772004.475545924] [controller_server]: Control loop missed its desired rate of 20.0000 Hz. Current loop rate is 83.3333 Hz.
[controller_server-48] [INFO] [1785772004.475696608] [controller_server]: Passing new path to controller.
[controller_server-48] [WARN] [1785772004.586767543] [controller_server]: Control loop missed its desired rate of 20.0000 Hz. Current loop rate is 66.6667 Hz.
[controller_server-48] [WARN] [1785772004.698587311] [controller_server]: Control loop missed its desired rate of 20.0000 Hz. Current loop rate is 66.6667 Hz.
[controller_server-48] [WARN] [1785772004.800080995] [controller_server]: Control loop missed its desired rate of 20.0000 Hz. Current loop rate is 166.6667 Hz.
[controller_server-48] [WARN] [1785772004.901698877] [controller_server]: Control loop missed its desired rate of 20.0000 Hz. Current loop rate is 66.6667 Hz.
[controller_server-48] [WARN] [1785772005.003241450] [controller_server]: Control loop missed its desired rate of 20.0000 Hz. Current loop rate is 55.5556 Hz.
[controller_server-48] [INFO] [1785772005.503452489] [controller_server]: Passing new path to controller.
[controller_server-48] [WARN] [1785772005.614632717] [controller_server]: Control loop missed its desired rate of 20.0000 Hz. Current loop rate is 47.6190 Hz.
[controller_server-48] [WARN] [1785772006.075969555] [controller_server]: Control loop missed its desired rate of 20.0000 Hz. Current loop rate is 47.6190 Hz.
[controller_server-48] [INFO] [1785772006.526168072] [controller_server]: Passing new path to controller.
[controller_server-48] [WARN] [1785772006.677906993] [controller_server]: Control loop missed its desired rate of 20.0000 Hz. Current loop rate is 111.1111 Hz.
[controller_server-48] [WARN] [1785772006.728961265] [controller_server]: Control loop missed its desired rate of 20.0000 Hz. Current loop rate is 47.6190 Hz.
[controller_server-48] [WARN] [1785772006.850886355] [controller_server]: Control loop missed its desired rate of 20.0000 Hz. Current loop rate is 83.3333 Hz.
[controller_server-48] [WARN] [1785772006.952269786] [controller_server]: Control loop missed its desired rate of 20.0000 Hz. Current loop rate is 83.3333 Hz.
[rtabmap-46] [0m[INFO] [1785772007.300850566] [rtabmap]: rtabmap (37): Rate=1.00s, Limit=0.000s, Conversion=0.0010s, RTAB-Map=0.0965s, Maps update=0.0083s pub=0.0050s delay=0.0720s (local map=20, WM=20)[0m
[controller_server-48] [INFO] [1785772007.552458948] [controller_server]: Passing new path to controller.
[controller_server-48] [WARN] [1785772007.753429855] [controller_server]: Control loop missed its desired rate of 20.0000 Hz. Current loop rate is 47.6190 Hz.
[controller_server-48] [WARN] [1785772008.514604135] [controller_server]: Control loop missed its desired rate of 20.0000 Hz. Current loop rate is 47.6190 Hz.
[controller_server-48] [INFO] [1785772008.564791353] [controller_server]: Passing new path to controller.
[controller_server-48] [WARN] [1785772008.675867684] [controller_server]: Control loop missed its desired rate of 20.0000 Hz. Current loop rate is 55.5556 Hz.
[controller_server-48] [WARN] [1785772008.837156841] [controller_server]: Control loop missed its desired rate of 20.0000 Hz. Current loop rate is 55.5556 Hz.
[controller_server-48] [INFO] [1785772009.587328101] [controller_server]: Passing new path to controller.
[controller_server-48] [WARN] [1785772009.838337164] [controller_server]: Control loop missed its desired rate of 20.0000 Hz. Current loop rate is 66.6667 Hz.
[controller_server-48] [WARN] [1785772009.939705285] [controller_server]: Control loop missed its desired rate of 20.0000 Hz. Current loop rate is 66.6667 Hz.
[controller_server-48] [WARN] [1785772010.041235304] [controller_server]: Control loop missed its desired rate of 20.0000 Hz. Current loop rate is 66.6667 Hz.
[controller_server-48] [WARN] [1785772010.142306037] [controller_server]: Control loop missed its desired rate of 20.0000 Hz. Current loop rate is 66.6667 Hz.
[rtabmap-46] [0m[INFO] [1785772010.168127705] [rtabmap]: rtabmap (38): Rate=1.00s, Limit=0.000s, Conversion=0.0011s, RTAB-Map=0.1142s, Maps update=0.0087s pub=0.0049s delay=0.0630s (local map=21, WM=21)[0m
[controller_server-48] [WARN] [1785772010.243606965] [controller_server]: Control loop missed its desired rate of 20.0000 Hz. Current loop rate is 55.5556 Hz.
[controller_server-48] [INFO] [1785772010.334907265] [local_costmap.local_costmap]: StaticLayer: Resizing static layer to 231 X 237 at 0.050000 m/pix
[planner_server-50] [INFO] [1785772010.568349540] [global_costmap.global_costmap]: StaticLayer: Resizing costmap to 231 X 237 at 0.050000 m/pix
[controller_server-48] [INFO] [1785772010.643823668] [controller_server]: Passing new path to controller.
[controller_server-48] [WARN] [1785772011.144808220] [controller_server]: Control loop missed its desired rate of 20.0000 Hz. Current loop rate is 55.5556 Hz.
[controller_server-48] [INFO] [1785772011.644973371] [controller_server]: Passing new path to controller.
[controller_server-48] [WARN] [1785772012.396110272] [controller_server]: Control loop missed its desired rate of 20.0000 Hz. Current loop rate is 66.6667 Hz.
[controller_server-48] [INFO] [1785772012.696298368] [controller_server]: Passing new path to controller.
[controller_server-48] [WARN] [1785772012.747792403] [controller_server]: Control loop missed its desired rate of 20.0000 Hz. Current loop rate is 66.6667 Hz.
[controller_server-48] [WARN] [1785772012.919359878] [controller_server]: Control loop missed its desired rate of 20.0000 Hz. Current loop rate is 66.6667 Hz.
[controller_server-48] [WARN] [1785772013.021782681] [controller_server]: Control loop missed its desired rate of 20.0000 Hz. Current loop rate is 111.1111 Hz.
[controller_server-48] [WARN] [1785772013.123580790] [controller_server]: Control loop missed its desired rate of 20.0000 Hz. Current loop rate is 333.3333 Hz.
[rtabmap-46] [0m[INFO] [1785772013.197945658] [rtabmap]: rtabmap (39): Rate=1.00s, Limit=0.000s, Conversion=0.0009s, RTAB-Map=0.1107s, Maps update=0.0078s pub=0.0056s delay=0.0690s (local map=22, WM=22)[0m
[controller_server-48] [WARN] [1785772013.246201980] [controller_server]: Control loop missed its desired rate of 20.0000 Hz. Current loop rate is 83.3333 Hz.
[controller_server-48] [WARN] [1785772013.357564692] [controller_server]: Control loop missed its desired rate of 20.0000 Hz. Current loop rate is 83.3333 Hz.
[controller_server-48] [INFO] [1785772013.707836244] [controller_server]: Passing new path to controller.
[controller_server-48] [WARN] [1785772014.209315522] [controller_server]: Control loop missed its desired rate of 20.0000 Hz. Current loop rate is 55.5556 Hz.
[controller_server-48] [WARN] [1785772014.314849698] [controller_server]: Control loop missed its desired rate of 20.0000 Hz. Current loop rate is 66.6667 Hz.
[controller_server-48] [INFO] [1785772014.715260753] [controller_server]: Passing new path to controller.
[exploration_manager-60] [INFO] [1785772015.512382690] [exploration_manager]: === Exploration Step ===
[exploration_manager-60] [INFO] [1785772015.514121689] [exploration_manager]: Already navigating. elapsed=5.0s
[controller_server-48] [INFO] [1785772015.764999251] [controller_server]: Passing new path to controller.
[rtabmap-46] [0m[INFO] [1785772016.758450369] [rtabmap]: rtabmap (40): Rate=1.00s, Limit=0.000s, Conversion=0.0013s, RTAB-Map=0.1647s, Maps update=0.0088s pub=0.0055s delay=0.0660s (local map=23, WM=23)[0m
[controller_server-48] [INFO] [1785772016.765038179] [controller_server]: Passing new path to controller.
[controller_server-48] [INFO] [1785772016.931845128] [local_costmap.local_costmap]: StaticLayer: Resizing static layer to 235 X 240 at 0.050000 m/pix
[planner_server-50] [INFO] [1785772017.568286117] [global_costmap.global_costmap]: StaticLayer: Resizing costmap to 235 X 240 at 0.050000 m/pix
[controller_server-48] [INFO] [1785772017.815001400] [controller_server]: Passing new path to controller.
[controller_server-48] [INFO] [1785772018.815001290] [controller_server]: Passing new path to controller.
[controller_server-48] [INFO] [1785772019.864993980] [controller_server]: Passing new path to controller.
[rtabmap-46] [33m[ WARN] (2026-08-03 23:47:00.161) Rtabmap.cpp:8638::optimizeGraphWithCandidate() [ROVER_TEMP] Added temporary candidate 41 -> 30 poses=24 constraints=24[0m
[rtabmap-46] [33m[ WARN] (2026-08-03 23:47:00.167) Rtabmap.cpp:8800::optimizeGraphWithCandidate() [ROVER_TEMP] Temporary optimization success: optimized_poses=24 time=0.006401[0m
[rtabmap-46] [33m[ WARN] (2026-08-03 23:47:00.167) Rtabmap.cpp:3624::process() [ROVER_TEMP_RESULT] current=41 target=30 poses=24 constraints=24 error=0.267818 iterations=2 success=1[0m
[rtabmap-46] [33m[ WARN] (2026-08-03 23:47:00.167) Rtabmap.cpp:8833::roverAcceptLoop() [ROVER] Accept by RMSE 0.00812 <= 0.08000[0m
[rtabmap-46] [33m[ WARN] (2026-08-03 23:47:00.167) Rtabmap.cpp:3749::process() [ROVER] ACCEPT current=41 target=30[0m
[rtabmap-46] [31m[ERROR] (2026-08-03 23:47:00.168) Rtabmap.cpp:3758::process() [ROVER] ADD_RESULT rejected=0[0m
[rtabmap-46] [33m[ WARN] (2026-08-03 23:47:00.172) Rtabmap.cpp:4529::process() [ROVER_PAIR] valid=1 pairs=24 first=1 last=41[0m
[rtabmap-46] [33m[ WARN] (2026-08-03 23:47:00.172) Rtabmap.cpp:4547::process() [ROVER_POINT] first=(1 -0.00 -0.00 -> -0.00 -0.00) last=(41 -1.54 -1.30 -> -1.56 -1.31)[0m
[rtabmap-46] [33m[ WARN] (2026-08-03 23:47:00.172) Rtabmap.cpp:4573::process() [ROVER_SET] before=24 after=24[0m
[rtabmap-46] [33m[ WARN] (2026-08-03 23:47:00.172) Rtabmap.cpp:4587::process() [ROVER_CENTER] before=(-0.784 -0.483) after=(-0.788 -0.486)[0m
[rtabmap-46] [33m[ WARN] (2026-08-03 23:47:00.172) Rtabmap.cpp:4609::process() [ROVER_TRANSFORM] scale=1.00000 yaw=0.142deg tx=0.004 ty=0.005[0m
[rtabmap-46] [33m[ WARN] (2026-08-03 23:47:00.172) Rtabmap.cpp:4628::process() [ROVER_SET] first_before=(-0.00 -0.00) first_after=(-0.00 -0.00)[0m
[rtabmap-46] [33m[ WARN] (2026-08-03 23:47:00.172) Rtabmap.cpp:4653::process() [ROVER_RESULT] current=41 target=30 rmse=0.00811 mean=0.00699 max=0.01920 max_id=41 pairs=24 suspicious=0[0m
[rtabmap-46] [33m[ WARN] (2026-08-03 23:47:00.172) Rtabmap.cpp:4688::process() [ROVER] LOOP_EVENT before=24, after=24, new_loops=1[0m
[rtabmap-46] [33m[ WARN] (2026-08-03 23:47:00.172) Rtabmap.cpp:4696::process() [ROVER] Added link 41 -> 30[0m
[rtabmap-46] [0m[INFO] [1785772020.203729119] [rtabmap]: rtabmap (41): Rate=1.00s, Limit=0.000s, Conversion=0.0011s, RTAB-Map=0.2897s, Maps update=0.0195s pub=0.0073s delay=0.0990s (local map=24, WM=24)[0m
[controller_server-48] [INFO] [1785772020.331869812] [local_costmap.local_costmap]: StaticLayer: Resizing static layer to 240 X 242 at 0.050000 m/pix
[planner_server-50] [INFO] [1785772020.568297754] [global_costmap.global_costmap]: StaticLayer: Resizing costmap to 240 X 242 at 0.050000 m/pix
[controller_server-48] [INFO] [1785772020.864991022] [controller_server]: Passing new path to controller.
[controller_server-48] [INFO] [1785772021.915036204] [controller_server]: Passing new path to controller.
[controller_server-48] [INFO] [1785772022.965000017] [controller_server]: Passing new path to controller.
[rtabmap-46] [33m[ WARN] (2026-08-03 23:47:03.596) Rtabmap.cpp:8638::optimizeGraphWithCandidate() [ROVER_TEMP] Added temporary candidate 42 -> 31 poses=25 constraints=26[0m
[rtabmap-46] [33m[ WARN] (2026-08-03 23:47:03.600) Rtabmap.cpp:8800::optimizeGraphWithCandidate() [ROVER_TEMP] Temporary optimization success: optimized_poses=25 time=0.004721[0m
[rtabmap-46] [33m[ WARN] (2026-08-03 23:47:03.600) Rtabmap.cpp:3624::process() [ROVER_TEMP_RESULT] current=42 target=31 poses=25 constraints=26 error=0.522528 iterations=3 success=1[0m
[rtabmap-46] [33m[ WARN] (2026-08-03 23:47:03.600) Rtabmap.cpp:8833::roverAcceptLoop() [ROVER] Accept by RMSE 0.00889 <= 0.08000[0m
[rtabmap-46] [33m[ WARN] (2026-08-03 23:47:03.600) Rtabmap.cpp:3749::process() [ROVER] ACCEPT current=42 target=31[0m
[rtabmap-46] [31m[ERROR] (2026-08-03 23:47:03.600) Rtabmap.cpp:3758::process() [ROVER] ADD_RESULT rejected=0[0m
[rtabmap-46] [33m[ WARN] (2026-08-03 23:47:03.605) Rtabmap.cpp:4529::process() [ROVER_PAIR] valid=1 pairs=25 first=1 last=42[0m
[rtabmap-46] [33m[ WARN] (2026-08-03 23:47:03.605) Rtabmap.cpp:4547::process() [ROVER_POINT] first=(1 -0.00 -0.00 -> -0.00 -0.00) last=(42 -1.74 -1.51 -> -1.76 -1.52)[0m
[rtabmap-46] [33m[ WARN] (2026-08-03 23:47:03.605) Rtabmap.cpp:4573::process() [ROVER_SET] before=25 after=25[0m
[rtabmap-46] [33m[ WARN] (2026-08-03 23:47:03.605) Rtabmap.cpp:4587::process() [ROVER_CENTER] before=(-0.826 -0.527) after=(-0.832 -0.529)[0m
[rtabmap-46] [33m[ WARN] (2026-08-03 23:47:03.605) Rtabmap.cpp:4609::process() [ROVER_TRANSFORM] scale=1.00000 yaw=0.187deg tx=0.003 ty=0.005[0m
[rtabmap-46] [33m[ WARN] (2026-08-03 23:47:03.605) Rtabmap.cpp:4628::process() [ROVER_SET] first_before=(-0.00 -0.00) first_after=(-0.00 -0.00)[0m
[rtabmap-46] [33m[ WARN] (2026-08-03 23:47:03.605) Rtabmap.cpp:4653::process() [ROVER_RESULT] current=42 target=31 rmse=0.00889 mean=0.00757 max=0.02256 max_id=42 pairs=25 suspicious=0[0m
[rtabmap-46] [33m[ WARN] (2026-08-03 23:47:03.605) Rtabmap.cpp:4688::process() [ROVER] LOOP_EVENT before=25, after=25, new_loops=1[0m
[rtabmap-46] [33m[ WARN] (2026-08-03 23:47:03.605) Rtabmap.cpp:4696::process() [ROVER] Added link 42 -> 31[0m
[rtabmap-46] [0m[INFO] [1785772023.640294699] [rtabmap]: rtabmap (42): Rate=1.00s, Limit=0.000s, Conversion=0.0007s, RTAB-Map=0.2310s, Maps update=0.0235s pub=0.0091s delay=0.0990s (local map=25, WM=25)[0m
[controller_server-48] [INFO] [1785772023.735106937] [local_costmap.local_costmap]: StaticLayer: Resizing static layer to 243 X 247 at 0.050000 m/pix
[controller_server-48] [INFO] [1785772023.964996086] [controller_server]: Passing new path to controller.
[planner_server-50] [INFO] [1785772024.568284128] [global_costmap.global_costmap]: StaticLayer: Resizing costmap to 243 X 247 at 0.050000 m/pix
[controller_server-48] [INFO] [1785772025.015020498] [controller_server]: Passing new path to controller.
[controller_server-48] [INFO] [1785772026.015017322] [controller_server]: Passing new path to controller.
[rtabmap-46] [33m[ WARN] (2026-08-03 23:47:06.934) Rtabmap.cpp:8638::optimizeGraphWithCandidate() [ROVER_TEMP] Added temporary candidate 43 -> 32 poses=26 constraints=28[0m
[rtabmap-46] [33m[ WARN] (2026-08-03 23:47:06.938) Rtabmap.cpp:8800::optimizeGraphWithCandidate() [ROVER_TEMP] Temporary optimization success: optimized_poses=26 time=0.004719[0m
[rtabmap-46] [33m[ WARN] (2026-08-03 23:47:06.938) Rtabmap.cpp:3624::process() [ROVER_TEMP_RESULT] current=43 target=32 poses=26 constraints=28 error=2.553130 iterations=3 success=1[0m
[rtabmap-46] [33m[ WARN] (2026-08-03 23:47:06.939) Rtabmap.cpp:8833::roverAcceptLoop() [ROVER] Accept by RMSE 0.01474 <= 0.08000[0m
[rtabmap-46] [33m[ WARN] (2026-08-03 23:47:06.939) Rtabmap.cpp:3749::process() [ROVER] ACCEPT current=43 target=32[0m
[rtabmap-46] [31m[ERROR] (2026-08-03 23:47:06.939) Rtabmap.cpp:3758::process() [ROVER] ADD_RESULT rejected=0[0m
[rtabmap-46] [33m[ WARN] (2026-08-03 23:47:06.943) Rtabmap.cpp:4529::process() [ROVER_PAIR] valid=1 pairs=26 first=1 last=43[0m
[rtabmap-46] [33m[ WARN] (2026-08-03 23:47:06.943) Rtabmap.cpp:4547::process() [ROVER_POINT] first=(1 -0.00 -0.00 -> -0.00 0.00) last=(43 -1.92 -1.74 -> -1.89 -1.69)[0m
[rtabmap-46] [33m[ WARN] (2026-08-03 23:47:06.943) Rtabmap.cpp:4573::process() [ROVER_SET] before=26 after=26[0m
[rtabmap-46] [33m[ WARN] (2026-08-03 23:47:06.943) Rtabmap.cpp:4587::process() [ROVER_CENTER] before=(-0.873 -0.576) after=(-0.869 -0.569)[0m
[rtabmap-46] [33m[ WARN] (2026-08-03 23:47:06.943) Rtabmap.cpp:4609::process() [ROVER_TRANSFORM] scale=1.00000 yaw=0.193deg tx=-0.006 ty=-0.004[0m
[rtabmap-46] [33m[ WARN] (2026-08-03 23:47:06.943) Rtabmap.cpp:4628::process() [ROVER_SET] first_before=(-0.00 -0.00) first_after=(-0.00 0.00)[0m
[rtabmap-46] [33m[ WARN] (2026-08-03 23:47:06.943) Rtabmap.cpp:4653::process() [ROVER_RESULT] current=43 target=32 rmse=0.01468 mean=0.01176 max=0.04256 max_id=43 pairs=26 suspicious=0[0m
[rtabmap-46] [33m[ WARN] (2026-08-03 23:47:06.943) Rtabmap.cpp:4688::process() [ROVER] LOOP_EVENT before=26, after=26, new_loops=1[0m
[rtabmap-46] [33m[ WARN] (2026-08-03 23:47:06.943) Rtabmap.cpp:4696::process() [ROVER] Added link 43 -> 32[0m
[rtabmap-46] [0m[INFO] [1785772026.984409183] [rtabmap]: rtabmap (43): Rate=1.00s, Limit=0.000s, Conversion=0.0007s, RTAB-Map=0.2381s, Maps update=0.0284s pub=0.0102s delay=0.0990s (local map=26, WM=26)[0m
[controller_server-48] [INFO] [1785772027.064997963] [controller_server]: Passing new path to controller.
[controller_server-48] [INFO] [1785772027.132932712] [local_costmap.local_costmap]: StaticLayer: Resizing static layer to 243 X 253 at 0.050000 m/pix
[planner_server-50] [INFO] [1785772027.568322007] [global_costmap.global_costmap]: StaticLayer: Resizing costmap to 243 X 253 at 0.050000 m/pix
[controller_server-48] [INFO] [1785772028.065012120] [controller_server]: Passing new path to controller.
[controller_server-48] [INFO] [1785772029.115090906] [controller_server]: Passing new path to controller.
[controller_server-48] [INFO] [1785772030.114993987] [controller_server]: Passing new path to controller.
[rtabmap-46] [33m[ WARN] (2026-08-03 23:47:10.691) Rtabmap.cpp:8638::optimizeGraphWithCandidate() [ROVER_TEMP] Added temporary candidate 44 -> 32 poses=27 constraints=30[0m
[rtabmap-46] [33m[ WARN] (2026-08-03 23:47:10.701) Rtabmap.cpp:8800::optimizeGraphWithCandidate() [ROVER_TEMP] Temporary optimization success: optimized_poses=27 time=0.010785[0m
[rtabmap-46] [33m[ WARN] (2026-08-03 23:47:10.702) Rtabmap.cpp:3624::process() [ROVER_TEMP_RESULT] current=44 target=32 poses=27 constraints=30 error=2.567363 iterations=12 success=1[0m
[rtabmap-46] [33m[ WARN] (2026-08-03 23:47:10.702) Rtabmap.cpp:8833::roverAcceptLoop() [ROVER] Accept by RMSE 0.00068 <= 0.08000[0m
[rtabmap-46] [33m[ WARN] (2026-08-03 23:47:10.702) Rtabmap.cpp:3749::process() [ROVER] ACCEPT current=44 target=32[0m
[rtabmap-46] [31m[ERROR] (2026-08-03 23:47:10.702) Rtabmap.cpp:3758::process() [ROVER] ADD_RESULT rejected=0[0m
[rtabmap-46] [33m[ WARN] (2026-08-03 23:47:10.712) Rtabmap.cpp:4529::process() [ROVER_PAIR] valid=1 pairs=27 first=1 last=44[0m
[rtabmap-46] [33m[ WARN] (2026-08-03 23:47:10.712) Rtabmap.cpp:4547::process() [ROVER_POINT] first=(1 -0.00 0.00 -> -0.00 0.00) last=(44 -1.99 -1.94 -> -1.99 -1.94)[0m
[rtabmap-46] [33m[ WARN] (2026-08-03 23:47:10.712) Rtabmap.cpp:4573::process() [ROVER_SET] before=27 after=27[0m
[rtabmap-46] [33m[ WARN] (2026-08-03 23:47:10.712) Rtabmap.cpp:4587::process() [ROVER_CENTER] before=(-0.911 -0.620) after=(-0.910 -0.620)[0m
[rtabmap-46] [33m[ WARN] (2026-08-03 23:47:10.712) Rtabmap.cpp:4609::process() [ROVER_TRANSFORM] scale=1.00000 yaw=-0.041deg tx=0.000 ty=-0.000[0m
[rtabmap-46] [33m[ WARN] (2026-08-03 23:47:10.712) Rtabmap.cpp:4628::process() [ROVER_SET] first_before=(-0.00 0.00) first_after=(-0.00 0.00)[0m
[rtabmap-46] [33m[ WARN] (2026-08-03 23:47:10.712) Rtabmap.cpp:4653::process() [ROVER_RESULT] current=44 target=32 rmse=0.00066 mean=0.00054 max=0.00146 max_id=32 pairs=27 suspicious=0[0m
[rtabmap-46] [33m[ WARN] (2026-08-03 23:47:10.712) Rtabmap.cpp:4688::process() [ROVER] LOOP_EVENT before=27, after=27, new_loops=1[0m
[rtabmap-46] [33m[ WARN] (2026-08-03 23:47:10.712) Rtabmap.cpp:4696::process() [ROVER] Added link 44 -> 32[0m
[rtabmap-46] [0m[INFO] [1785772030.731210444] [rtabmap]: rtabmap (44): Rate=1.00s, Limit=0.000s, Conversion=0.0007s, RTAB-Map=0.2913s, Maps update=0.0103s pub=0.0058s delay=0.1110s (local map=27, WM=27)[0m
[controller_server-48] [INFO] [1785772031.165023053] [controller_server]: Passing new path to controller.
[controller_server-48] [INFO] [1785772032.165012426] [controller_server]: Passing new path to controller.
[exploration_manager-60] [INFO] [1785772032.772476919] [exploration_manager]: === Exploration Step ===
[exploration_manager-60] [INFO] [1785772032.774149887] [exploration_manager]: Already navigating. elapsed=10.0s
[controller_server-48] [INFO] [1785772033.215001705] [controller_server]: Passing new path to controller.
[rtabmap-46] [33m[ WARN] (2026-08-03 23:47:14.175) Rtabmap.cpp:8638::optimizeGraphWithCandidate() [ROVER_TEMP] Added temporary candidate 45 -> 31 poses=28 constraints=32[0m
[rtabmap-46] [33m[ WARN] (2026-08-03 23:47:14.186) Rtabmap.cpp:8800::optimizeGraphWithCandidate() [ROVER_TEMP] Temporary optimization success: optimized_poses=28 time=0.011524[0m
[rtabmap-46] [33m[ WARN] (2026-08-03 23:47:14.186) Rtabmap.cpp:3624::process() [ROVER_TEMP_RESULT] current=45 target=31 poses=28 constraints=32 error=2.758907 iterations=11 success=1[0m
[rtabmap-46] [33m[ WARN] (2026-08-03 23:47:14.186) Rtabmap.cpp:8833::roverAcceptLoop() [ROVER] Accept by RMSE 0.00212 <= 0.08000[0m
[rtabmap-46] [33m[ WARN] (2026-08-03 23:47:14.186) Rtabmap.cpp:3749::process() [ROVER] ACCEPT current=45 target=31[0m
[rtabmap-46] [31m[ERROR] (2026-08-03 23:47:14.186) Rtabmap.cpp:3758::process() [ROVER] ADD_RESULT rejected=0[0m
[rtabmap-46] [33m[ WARN] (2026-08-03 23:47:14.198) Rtabmap.cpp:4529::process() [ROVER_PAIR] valid=1 pairs=28 first=1 last=45[0m
[rtabmap-46] [33m[ WARN] (2026-08-03 23:47:14.198) Rtabmap.cpp:4547::process() [ROVER_POINT] first=(1 -0.00 0.00 -> -0.00 0.00) last=(45 -2.01 -2.21 -> -2.02 -2.20)[0m
[rtabmap-46] [33m[ WARN] (2026-08-03 23:47:14.198) Rtabmap.cpp:4573::process() [ROVER_SET] before=28 after=28[0m
[rtabmap-46] [33m[ WARN] (2026-08-03 23:47:14.198) Rtabmap.cpp:4587::process() [ROVER_CENTER] before=(-0.950 -0.677) after=(-0.950 -0.675)[0m
[rtabmap-46] [33m[ WARN] (2026-08-03 23:47:14.198) Rtabmap.cpp:4609::process() [ROVER_TRANSFORM] scale=1.00000 yaw=0.100deg tx=-0.001 ty=0.000[0m
[rtabmap-46] [33m[ WARN] (2026-08-03 23:47:14.198) Rtabmap.cpp:4628::process() [ROVER_SET] first_before=(-0.00 0.00) first_after=(-0.00 0.00)[0m
[rtabmap-46] [33m[ WARN] (2026-08-03 23:47:14.198) Rtabmap.cpp:4653::process() [ROVER_RESULT] current=45 target=31 rmse=0.00224 mean=0.00192 max=0.00689 max_id=45 pairs=28 suspicious=0[0m
[rtabmap-46] [33m[ WARN] (2026-08-03 23:47:14.198) Rtabmap.cpp:4688::process() [ROVER] LOOP_EVENT before=28, after=28, new_loops=1[0m
[rtabmap-46] [33m[ WARN] (2026-08-03 23:47:14.198) Rtabmap.cpp:4696::process() [ROVER] Added link 45 -> 31[0m
[rtabmap-46] [0m[INFO] [1785772034.212789412] [rtabmap]: rtabmap (45): Rate=1.00s, Limit=0.000s, Conversion=0.0009s, RTAB-Map=0.2735s, Maps update=0.0074s pub=0.0054s delay=0.1110s (local map=28, WM=28)[0m
[controller_server-48] [INFO] [1785772034.215016304] [controller_server]: Passing new path to controller.
[controller_server-48] [INFO] [1785772034.331860547] [local_costmap.local_costmap]: StaticLayer: Resizing static layer to 243 X 255 at 0.050000 m/pix
[planner_server-50] [INFO] [1785772034.568361370] [global_costmap.global_costmap]: StaticLayer: Resizing costmap to 243 X 255 at 0.050000 m/pix
[controller_server-48] [INFO] [1785772035.265014042] [controller_server]: Passing new path to controller.
[controller_server-48] [INFO] [1785772036.265035022] [controller_server]: Passing new path to controller.
[rtabmap-46] [0m[INFO] [1785772037.091479784] [rtabmap]: rtabmap (46): Rate=1.00s, Limit=0.000s, Conversion=0.0007s, RTAB-Map=0.1766s, Maps update=0.0068s pub=0.0057s delay=0.0810s (local map=29, WM=29)[0m
[controller_server-48] [INFO] [1785772037.131811970] [local_costmap.local_costmap]: StaticLayer: Resizing static layer to 243 X 267 at 0.050000 m/pix
[controller_server-48] [INFO] [1785772037.315004057] [controller_server]: Passing new path to controller.
[planner_server-50] [INFO] [1785772037.568305297] [global_costmap.global_costmap]: StaticLayer: Resizing costmap to 243 X 267 at 0.050000 m/pix
[controller_server-48] [INFO] [1785772038.315004105] [controller_server]: Passing new path to controller.
[controller_server-48] [INFO] [1785772039.365010462] [controller_server]: Passing new path to controller.
[rtabmap-46] [0m[INFO] [1785772039.808929031] [rtabmap]: rtabmap (47): Rate=1.00s, Limit=0.000s, Conversion=0.0008s, RTAB-Map=0.1427s, Maps update=0.0066s pub=0.0050s delay=0.0660s (local map=30, WM=30)[0m
[controller_server-48] [INFO] [1785772040.364992835] [controller_server]: Passing new path to controller.
[controller_server-48] [INFO] [1785772041.415007010] [controller_server]: Passing new path to controller.
[controller_server-48] [INFO] [1785772042.415003156] [controller_server]: Passing new path to controller.
[rtabmap-46] [0m[INFO] [1785772042.558640725] [rtabmap]: rtabmap (48): Rate=1.00s, Limit=0.000s, Conversion=0.0009s, RTAB-Map=0.1355s, Maps update=0.0070s pub=0.0056s delay=0.0660s (local map=31, WM=31)[0m
[planner_server-50] [INFO] [1785772042.568296371] [global_costmap.global_costmap]: StaticLayer: Resizing costmap to 243 X 268 at 0.050000 m/pix
[controller_server-48] [INFO] [1785772042.731831475] [local_costmap.local_costmap]: StaticLayer: Resizing static layer to 243 X 268 at 0.050000 m/pix
[controller_server-48] [INFO] [1785772043.465004405] [controller_server]: Passing new path to controller.
[controller_server-48] [INFO] [1785772044.465009589] [controller_server]: Passing new path to controller.
[rtabmap-46] [0m[INFO] [1785772045.394066422] [rtabmap]: rtabmap (49): Rate=1.00s, Limit=0.000s, Conversion=0.0006s, RTAB-Map=0.1167s, Maps update=0.0057s pub=0.0055s delay=0.0630s (local map=32, WM=32)[0m
[controller_server-48] [INFO] [1785772045.515011752] [controller_server]: Passing new path to controller.
[controller_server-48] [INFO] [1785772046.515052471] [controller_server]: Passing new path to controller.
[exploration_manager-60] [INFO] [1785772046.754430069] [exploration_manager]: === Exploration Step ===
[exploration_manager-60] [INFO] [1785772046.755251413] [exploration_manager]: Already navigating. elapsed=15.0s
[controller_server-48] [INFO] [1785772047.564994488] [controller_server]: Passing new path to controller.
[rtabmap-46] [33m[ WARN] (2026-08-03 23:47:28.269) Rtabmap.cpp:3543::process() Rejected loop closure 8 -> 50: Not enough inliers 0/10 (matches=18) between 8 and 50[0m
[rtabmap-46] [0m[INFO] [1785772048.282831881] [rtabmap]: rtabmap (50): Rate=1.00s, Limit=0.000s, Conversion=0.0009s, RTAB-Map=0.1816s, Maps update=0.0065s pub=0.0054s delay=0.1050s (local map=33, WM=33)[0m
[controller_server-48] [INFO] [1785772048.565573106] [controller_server]: Passing new path to controller.
[controller_server-48] [INFO] [1785772049.615010831] [controller_server]: Passing new path to controller.
[controller_server-48] [INFO] [1785772050.614996777] [controller_server]: Passing new path to controller.
[rtabmap-46] [0m[INFO] [1785772051.181134169] [rtabmap]: rtabmap (51): Rate=1.00s, Limit=0.000s, Conversion=0.0007s, RTAB-Map=0.0994s, Maps update=0.0072s pub=0.0086s delay=0.0720s (local map=34, WM=34)[0m
[controller_server-48] [INFO] [1785772051.665000282] [controller_server]: Passing new path to controller.
[controller_server-48] [INFO] [1785772052.665007307] [controller_server]: Passing new path to controller.
[controller_server-48] [INFO] [1785772053.715000342] [controller_server]: Passing new path to controller.
[controller_server-48] [INFO] [1785772054.715028243] [controller_server]: Passing new path to controller.
[rtabmap-46] [0m[INFO] [1785772054.782906833] [rtabmap]: rtabmap (52): Rate=1.00s, Limit=0.000s, Conversion=0.0011s, RTAB-Map=0.4599s, Maps update=0.0080s pub=0.0059s delay=0.1710s (local map=35, WM=35)[0m
[controller_server-48] [INFO] [1785772055.764992278] [controller_server]: Passing new path to controller.
[controller_server-48] [INFO] [1785772056.765005334] [controller_server]: Passing new path to controller.
[controller_server-48] [INFO] [1785772056.775092614] [controller_server]: Reached the goal!
[controller_server-48] [INFO] [1785772056.775713262] [controller_server]: Optimizer reset
[bt_navigator-53] [INFO] [1785772056.812837100] [bt_navigator]: Goal succeeded
[exploration_manager-60] [INFO] [1785772056.814780286] [exploration_manager]: Navigation finished. status=4, error_code=0, error_msg=
[rtabmap-46] [0m[INFO] [1785772057.417654067] [rtabmap]: rtabmap (53): Rate=1.00s, Limit=0.000s, Conversion=0.0009s, RTAB-Map=0.1103s, Maps update=0.0071s pub=0.0079s delay=0.0600s (local map=36, WM=36)[0m
[gazebo-1] [WARN] [1785772058.145685110] [diffdrive_controller]: Ignoring the received message (timestamp 53.3880000000) because it is older than the current time by 0.5130000000 seconds, which exceeds the allowed timeout (0.5000)
[gazebo-1] [WARN] [1785772058.219148061] [diffdrive_controller]: Ignoring the received message (timestamp 53.3880000000) because it is older than the current time by 0.5370000000 seconds, which exceeds the allowed timeout (0.5000)
[gazebo-1] [WARN] [1785772058.283069765] [diffdrive_controller]: Ignoring the received message (timestamp 53.3880000000) because it is older than the current time by 0.5640000000 seconds, which exceeds the allowed timeout (0.5000)
[gazebo-1] [WARN] [1785772058.354686817] [diffdrive_controller]: Ignoring the received message (timestamp 53.3880000000) because it is older than the current time by 0.5880000000 seconds, which exceeds the allowed timeout (0.5000)
[gazebo-1] [WARN] [1785772058.434154476] [diffdrive_controller]: Ignoring the received message (timestamp 53.3880000000) because it is older than the current time by 0.6120000000 seconds, which exceeds the allowed timeout (0.5000)
[gazebo-1] [WARN] [1785772058.511933698] [diffdrive_controller]: Ignoring the received message (timestamp 53.3880000000) because it is older than the current time by 0.6390000000 seconds, which exceeds the allowed timeout (0.5000)
[gazebo-1] [WARN] [1785772058.547119916] [diffdrive_controller]: Ignoring the received message (timestamp 53.3880000000) because it is older than the current time by 0.6630000000 seconds, which exceeds the allowed timeout (0.5000)
[gazebo-1] [WARN] [1785772058.625126132] [diffdrive_controller]: Ignoring the received message (timestamp 53.3880000000) because it is older than the current time by 0.6870000000 seconds, which exceeds the allowed timeout (0.5000)
[gazebo-1] [WARN] [1785772058.695875786] [diffdrive_controller]: Ignoring the received message (timestamp 53.3880000000) because it is older than the current time by 0.7140000000 seconds, which exceeds the allowed timeout (0.5000)
[gazebo-1] [WARN] [1785772058.760250946] [diffdrive_controller]: Ignoring the received message (timestamp 53.3880000000) because it is older than the current time by 0.7380000000 seconds, which exceeds the allowed timeout (0.5000)
[gazebo-1] [WARN] [1785772058.799101698] [diffdrive_controller]: Ignoring the received message (timestamp 53.3880000000) because it is older than the current time by 0.7620000000 seconds, which exceeds the allowed timeout (0.5000)
[gazebo-1] [WARN] [1785772058.855440539] [diffdrive_controller]: Ignoring the received message (timestamp 53.3880000000) because it is older than the current time by 0.7890000000 seconds, which exceeds the allowed timeout (0.5000)
[gazebo-1] [WARN] [1785772058.919241312] [diffdrive_controller]: Ignoring the received message (timestamp 53.3880000000) because it is older than the current time by 0.8130000000 seconds, which exceeds the allowed timeout (0.5000)
[gazebo-1] [WARN] [1785772058.986266463] [diffdrive_controller]: Ignoring the received message (timestamp 53.3880000000) because it is older than the current time by 0.8370000000 seconds, which exceeds the allowed timeout (0.5000)
[gazebo-1] [WARN] [1785772059.037936542] [diffdrive_controller]: Ignoring the received message (timestamp 53.3880000000) because it is older than the current time by 0.8640000000 seconds, which exceeds the allowed timeout (0.5000)
[gazebo-1] [WARN] [1785772059.107157873] [diffdrive_controller]: Ignoring the received message (timestamp 53.3880000000) because it is older than the current time by 0.8880000000 seconds, which exceeds the allowed timeout (0.5000)
[gazebo-1] [WARN] [1785772059.165067885] [diffdrive_controller]: Ignoring the received message (timestamp 53.3880000000) because it is older than the current time by 0.9120000000 seconds, which exceeds the allowed timeout (0.5000)
[gazebo-1] [WARN] [1785772059.229910244] [diffdrive_controller]: Ignoring the received message (timestamp 53.3880000000) because it is older than the current time by 0.9390000000 seconds, which exceeds the allowed timeout (0.5000)
[gazebo-1] [WARN] [1785772059.273400598] [diffdrive_controller]: Ignoring the received message (timestamp 53.3880000000) because it is older than the current time by 0.9630000000 seconds, which exceeds the allowed timeout (0.5000)
[gazebo-1] [WARN] [1785772059.339523436] [diffdrive_controller]: Ignoring the received message (timestamp 53.3880000000) because it is older than the current time by 0.9870000000 seconds, which exceeds the allowed timeout (0.5000)
[gazebo-1] [WARN] [1785772059.390131576] [diffdrive_controller]: Ignoring the received message (timestamp 53.3880000000) because it is older than the current time by 1.0140000000 seconds, which exceeds the allowed timeout (0.5000)
[gazebo-1] [WARN] [1785772059.460322852] [diffdrive_controller]: Ignoring the received message (timestamp 53.3880000000) because it is older than the current time by 1.0380000000 seconds, which exceeds the allowed timeout (0.5000)
[gazebo-1] [WARN] [1785772059.506577295] [diffdrive_controller]: Ignoring the received message (timestamp 53.3880000000) because it is older than the current time by 1.0620000000 seconds, which exceeds the allowed timeout (0.5000)
[gazebo-1] [WARN] [1785772059.576095601] [diffdrive_controller]: Ignoring the received message (timestamp 53.3880000000) because it is older than the current time by 1.0890000000 seconds, which exceeds the allowed timeout (0.5000)
[gazebo-1] [WARN] [1785772059.641466929] [diffdrive_controller]: Ignoring the received message (timestamp 53.3880000000) because it is older than the current time by 1.1130000000 seconds, which exceeds the allowed timeout (0.5000)
[gazebo-1] [WARN] [1785772059.709435672] [diffdrive_controller]: Ignoring the received message (timestamp 53.3880000000) because it is older than the current time by 1.1370000000 seconds, which exceeds the allowed timeout (0.5000)
[gazebo-1] [WARN] [1785772059.784818509] [diffdrive_controller]: Ignoring the received message (timestamp 53.3880000000) because it is older than the current time by 1.1640000000 seconds, which exceeds the allowed timeout (0.5000)
[gazebo-1] [WARN] [1785772059.818668509] [diffdrive_controller]: Ignoring the received message (timestamp 53.3880000000) because it is older than the current time by 1.1880000000 seconds, which exceeds the allowed timeout (0.5000)
[gazebo-1] [WARN] [1785772059.888299082] [diffdrive_controller]: Ignoring the received message (timestamp 53.3880000000) because it is older than the current time by 1.2120000000 seconds, which exceeds the allowed timeout (0.5000)
[gazebo-1] [WARN] [1785772059.966201336] [diffdrive_controller]: Ignoring the received message (timestamp 53.3880000000) because it is older than the current time by 1.2390000000 seconds, which exceeds the allowed timeout (0.5000)
[rtabmap-46] [0m[INFO] [1785772060.020505056] [rtabmap]: rtabmap (54): Rate=1.00s, Limit=0.000s, Conversion=0.0007s, RTAB-Map=0.0938s, Maps update=0.0063s pub=0.0011s delay=0.0690s (local map=36, WM=36)[0m
[gazebo-1] [WARN] [1785772060.030265784] [diffdrive_controller]: Ignoring the received message (timestamp 53.3880000000) because it is older than the current time by 1.2630000000 seconds, which exceeds the allowed timeout (0.5000)
[gazebo-1] [WARN] [1785772060.065372742] [diffdrive_controller]: Ignoring the received message (timestamp 53.3880000000) because it is older than the current time by 1.2870000000 seconds, which exceeds the allowed timeout (0.5000)
[gazebo-1] [WARN] [1785772060.147248689] [diffdrive_controller]: Ignoring the received message (timestamp 53.3880000000) because it is older than the current time by 1.3140000000 seconds, which exceeds the allowed timeout (0.5000)
[gazebo-1] [WARN] [1785772060.216232142] [diffdrive_controller]: Ignoring the received message (timestamp 53.3880000000) because it is older than the current time by 1.3380000000 seconds, which exceeds the allowed timeout (0.5000)
[gazebo-1] [WARN] [1785772060.287538697] [diffdrive_controller]: Ignoring the received message (timestamp 53.3880000000) because it is older than the current time by 1.3620000000 seconds, which exceeds the allowed timeout (0.5000)
[gazebo-1] [WARN] [1785772060.338811312] [diffdrive_controller]: Ignoring the received message (timestamp 53.3880000000) because it is older than the current time by 1.3890000000 seconds, which exceeds the allowed timeout (0.5000)
[gazebo-1] [WARN] [1785772060.394555265] [diffdrive_controller]: Ignoring the received message (timestamp 53.3880000000) because it is older than the current time by 1.4130000000 seconds, which exceeds the allowed timeout (0.5000)
[gazebo-1] [WARN] [1785772060.472615759] [diffdrive_controller]: Ignoring the received message (timestamp 53.3880000000) because it is older than the current time by 1.4370000000 seconds, which exceeds the allowed timeout (0.5000)
[gazebo-1] [WARN] [1785772060.555360314] [diffdrive_controller]: Ignoring the received message (timestamp 53.3880000000) because it is older than the current time by 1.4640000000 seconds, which exceeds the allowed timeout (0.5000)
[gazebo-1] [WARN] [1785772060.607067320] [diffdrive_controller]: Ignoring the received message (timestamp 53.3880000000) because it is older than the current time by 1.4880000000 seconds, which exceeds the allowed timeout (0.5000)
[exploration_manager-60] [INFO] [1785772060.947413075] [exploration_manager]: === Exploration Step ===
[exploration_manager-60] [INFO] [1785772060.951325196] [exploration_manager]: Calling compute_next_goal()
[exploration_manager-60] [INFO] [1785772060.952265606] [exploration_manager]: DEBUG: compute_next_goal entered
[exploration_manager-60] [INFO] [1785772060.964051423] [exploration_manager]: Map stats: width=243, height=268, free=35536, occupied=1450, unknown=28138
[exploration_manager-60] [INFO] [1785772061.063510134] [exploration_manager]: Frontier cluster candidate: size=69, unknown=2075, distance=3.21, revisit_penalty=0.0, score=2056.67, goal=(-0.15, -6.47)
[exploration_manager-60] [INFO] [1785772061.065675172] [exploration_manager]: Frontier cluster candidate: size=266, unknown=1295, distance=4.06, revisit_penalty=0.0, score=1307.63, goal=(-2.60, -6.72)
[exploration_manager-60] [INFO] [1785772061.067705257] [exploration_manager]: Frontier cluster candidate: size=73, unknown=2021, distance=2.85, revisit_penalty=0.0, score=2007.08, goal=(0.30, -6.02)
[exploration_manager-60] [INFO] [1785772061.069897951] [exploration_manager]: Frontier cluster candidate: size=752, unknown=826, distance=5.22, revisit_penalty=0.0, score=924.23, goal=(-5.65, -3.82)
[exploration_manager-60] [INFO] [1785772061.072162884] [exploration_manager]: Frontier cluster candidate: size=516, unknown=951, distance=4.12, revisit_penalty=0.0, score=1012.95, goal=(3.40, -4.72)
[exploration_manager-60] [INFO] [1785772061.074050775] [exploration_manager]: Frontier cluster candidate: size=36, unknown=551, distance=4.18, revisit_penalty=0.0, score=516.37, goal=(-3.70, -5.92)
[exploration_manager-60] [INFO] [1785772061.075933406] [exploration_manager]: Frontier cluster candidate: size=38, unknown=697, distance=3.87, revisit_penalty=0.0, score=665.92, goal=(3.30, -4.17)
[exploration_manager-60] [INFO] [1785772061.077772122] [exploration_manager]: Frontier cluster candidate: size=97, unknown=305, distance=1.60, revisit_penalty=0.0, score=308.39, goal=(0.65, -2.12)
[exploration_manager-60] [INFO] [1785772061.079382760] [exploration_manager]: Frontier cluster candidate: size=100, unknown=749, distance=5.24, revisit_penalty=0.0, score=716.61, goal=(4.40, -1.32)
[exploration_manager-60] [INFO] [1785772061.081292529] [exploration_manager]: Frontier cluster candidate: size=48, unknown=45, distance=2.90, revisit_penalty=500.0, score=-474.42, goal=(-0.45, -0.37)
[exploration_manager-60] [INFO] [1785772061.082944200] [exploration_manager]: Frontier cluster candidate: size=50, unknown=688, distance=5.80, revisit_penalty=0.0, score=640.05, goal=(4.30, 0.03)
[exploration_manager-60] [INFO] [1785772061.084648918] [exploration_manager]: Frontier cluster candidate: size=25, unknown=569, distance=5.41, revisit_penalty=0.0, score=519.89, goal=(3.90, -0.07)
[exploration_manager-60] [INFO] [1785772061.087228606] [exploration_manager]: Frontier cluster candidate: size=1161, unknown=516, distance=6.75, revisit_penalty=0.0, score=680.73, goal=(1.15, 3.28)
[exploration_manager-60] [INFO] [1785772061.089389521] [exploration_manager]: Frontier cluster candidate: size=926, unknown=530, distance=6.64, revisit_penalty=0.0, score=648.81, goal=(-2.55, 3.03)
[exploration_manager-60] [INFO] [1785772061.091329947] [exploration_manager]: Frontier cluster candidate: size=32, unknown=41, distance=4.58, revisit_penalty=0.0, score=1.65, goal=(-0.00, 1.28)
[exploration_manager-60] [INFO] [1785772061.093394936] [exploration_manager]: Frontier cluster candidate: size=73, unknown=68, distance=4.94, revisit_penalty=0.0, score=33.17, goal=(-1.10, 1.63)
[exploration_manager-60] [INFO] [1785772061.095525264] [exploration_manager]: Frontier cluster candidate: size=55, unknown=845, distance=7.14, revisit_penalty=0.0, score=784.59, goal=(2.80, 3.08)
[exploration_manager-60] [INFO] [1785772061.098095037] [exploration_manager]: Frontier cluster candidate: size=24, unknown=747, distance=7.20, revisit_penalty=0.0, score=679.85, goal=(-1.25, 3.88)
[exploration_manager-60] [INFO] [1785772061.099201852] [exploration_manager]: Frontier candidates=4903, clusters=109, valid_clusters=18
[exploration_manager-60] [INFO] [1785772061.099744924] [exploration_manager]: DEBUG: calling visualize_debug()
[exploration_manager-60] [INFO] [1785772061.968383803] [exploration_manager]: Debug map saved to: /home/tsehsun/frontier_debug/frontier_debug_latest.png
[exploration_manager-60] [INFO] [1785772061.969789061] [exploration_manager]: Best frontier cluster selected: cluster_size=69, unknown=2075, score=2056.67, x=-0.15, y=-6.47, dist=3.21
[exploration_manager-60] [INFO] [1785772061.971811117] [exploration_manager]: Goal generated successfully.
[exploration_manager-60] [INFO] [1785772061.972630030] [exploration_manager]: Sending frontier goal to Nav2: x=-0.15, y=-6.47
[bt_navigator-53] [INFO] [1785772061.973564510] [bt_navigator]: Begin navigating from current location (-0.47, -3.27) to (-0.15, -6.47)
[exploration_manager-60] [INFO] [1785772061.975196048] [exploration_manager]: Navigation goal accepted.
[controller_server-48] [INFO] [1785772061.994641599] [controller_server]: Received a goal, begin computing control effort.
[rtabmap-46] [0m[INFO] [1785772062.732681698] [rtabmap]: rtabmap (55): Rate=1.00s, Limit=0.000s, Conversion=0.0010s, RTAB-Map=0.0994s, Maps update=0.0077s pub=0.0017s delay=0.0630s (local map=36, WM=36)[0m
[controller_server-48] [INFO] [1785772063.044903753] [controller_server]: Passing new path to controller.
[controller_server-48] [INFO] [1785772064.044869925] [controller_server]: Passing new path to controller.
[controller_server-48] [INFO] [1785772065.094870782] [controller_server]: Passing new path to controller.
[rtabmap-46] [0m[INFO] [1785772065.541950983] [rtabmap]: rtabmap (56): Rate=1.00s, Limit=0.000s, Conversion=0.0009s, RTAB-Map=0.1181s, Maps update=0.0087s pub=0.0084s delay=0.0750s (local map=37, WM=37)[0m
[controller_server-48] [INFO] [1785772066.094865126] [controller_server]: Passing new path to controller.
[controller_server-48] [INFO] [1785772067.144893221] [controller_server]: Passing new path to controller.
[controller_server-48] [INFO] [1785772068.144871197] [controller_server]: Passing new path to controller.
[rtabmap-46] [0m[INFO] [1785772068.353293702] [rtabmap]: rtabmap (57): Rate=1.00s, Limit=0.000s, Conversion=0.0007s, RTAB-Map=0.1146s, Maps update=0.0070s pub=0.0066s delay=0.0630s (local map=38, WM=38)[0m
[controller_server-48] [INFO] [1785772069.194886466] [controller_server]: Passing new path to controller.
[controller_server-48] [INFO] [1785772070.194869594] [controller_server]: Passing new path to controller.
[controller_server-48] [INFO] [1785772071.244873340] [controller_server]: Passing new path to controller.
[rtabmap-46] [0m[INFO] [1785772071.344097418] [rtabmap]: rtabmap (58): Rate=1.00s, Limit=0.000s, Conversion=0.0007s, RTAB-Map=0.2430s, Maps update=0.0126s pub=0.0072s delay=0.0990s (local map=39, WM=39)[0m
[controller_server-48] [INFO] [1785772071.531834064] [local_costmap.local_costmap]: StaticLayer: Resizing static layer to 255 X 268 at 0.050000 m/pix
[planner_server-50] [INFO] [1785772071.568306583] [global_costmap.global_costmap]: StaticLayer: Resizing costmap to 255 X 268 at 0.050000 m/pix
[controller_server-48] [INFO] [1785772072.294963059] [controller_server]: Passing new path to controller.
[controller_server-48] [INFO] [1785772073.294888868] [controller_server]: Passing new path to controller.
[controller_server-48] [INFO] [1785772074.294884986] [controller_server]: Passing new path to controller.
[rtabmap-46] [0m[INFO] [1785772074.756696613] [rtabmap]: rtabmap (59): Rate=1.00s, Limit=0.000s, Conversion=0.0009s, RTAB-Map=0.1608s, Maps update=0.0068s pub=0.0061s delay=0.0840s (local map=40, WM=40)[0m
[controller_server-48] [INFO] [1785772074.931875389] [local_costmap.local_costmap]: StaticLayer: Resizing static layer to 258 X 285 at 0.050000 m/pix
[controller_server-48] [INFO] [1785772075.344883079] [controller_server]: Passing new path to controller.
[exploration_manager-60] [INFO] [1785772075.447220040] [exploration_manager]: === Exploration Step ===
[exploration_manager-60] [INFO] [1785772075.448277772] [exploration_manager]: Already navigating. elapsed=5.0s
[planner_server-50] [INFO] [1785772075.568574449] [global_costmap.global_costmap]: StaticLayer: Resizing costmap to 258 X 285 at 0.050000 m/pix
[controller_server-48] [INFO] [1785772076.344877632] [controller_server]: Passing new path to controller.
[controller_server-48] [INFO] [1785772077.394883186] [controller_server]: Passing new path to controller.
[rtabmap-46] [0m[INFO] [1785772077.933222149] [rtabmap]: rtabmap (60): Rate=1.00s, Limit=0.000s, Conversion=0.0006s, RTAB-Map=0.1518s, Maps update=0.0074s pub=0.0074s delay=0.0900s (local map=41, WM=41)[0m
[controller_server-48] [INFO] [1785772078.394880684] [controller_server]: Passing new path to controller.
[controller_server-48] [INFO] [1785772079.444875267] [controller_server]: Passing new path to controller.
[controller_server-48] [INFO] [1785772080.494874812] [controller_server]: Passing new path to controller.
[rtabmap-46] [0m[INFO] [1785772080.727977306] [rtabmap]: rtabmap (61): Rate=1.00s, Limit=0.000s, Conversion=0.0008s, RTAB-Map=0.1487s, Maps update=0.0076s pub=0.0091s delay=0.0810s (local map=42, WM=42)[0m
[controller_server-48] [INFO] [1785772081.494885340] [controller_server]: Passing new path to controller.
[controller_server-48] [INFO] [1785772082.544872199] [controller_server]: Passing new path to controller.
[controller_server-48] [INFO] [1785772083.544867595] [controller_server]: Passing new path to controller.
[rtabmap-46] [0m[INFO] [1785772083.571133667] [rtabmap]: rtabmap (62): Rate=1.00s, Limit=0.000s, Conversion=0.0008s, RTAB-Map=0.1281s, Maps update=0.0068s pub=0.0096s delay=0.0780s (local map=43, WM=43)[0m
[controller_server-48] [INFO] [1785772083.731829878] [local_costmap.local_costmap]: StaticLayer: Resizing static layer to 258 X 286 at 0.050000 m/pix
[planner_server-50] [INFO] [1785772084.568295987] [global_costmap.global_costmap]: StaticLayer: Resizing costmap to 258 X 286 at 0.050000 m/pix
[controller_server-48] [INFO] [1785772084.594899183] [controller_server]: Passing new path to controller.
[controller_server-48] [INFO] [1785772085.644864912] [controller_server]: Passing new path to controller.
[controller_server-48] [WARN] [1785772085.696026608] [controller_server]: Control loop missed its desired rate of 20.0000 Hz. Current loop rate is 66.6667 Hz.
[controller_server-48] [WARN] [1785772085.957100484] [controller_server]: Control loop missed its desired rate of 20.0000 Hz. Current loop rate is 66.6667 Hz.
[rtabmap-46] [0m[INFO] [1785772086.405610072] [rtabmap]: rtabmap (63): Rate=1.00s, Limit=0.000s, Conversion=0.0008s, RTAB-Map=0.1325s, Maps update=0.0071s pub=0.0062s delay=0.0780s (local map=44, WM=44)[0m
[controller_server-48] [INFO] [1785772086.531845257] [local_costmap.local_costmap]: StaticLayer: Resizing static layer to 258 X 289 at 0.050000 m/pix
[planner_server-50] [INFO] [1785772086.568260911] [global_costmap.global_costmap]: StaticLayer: Resizing costmap to 258 X 289 at 0.050000 m/pix
[controller_server-48] [INFO] [1785772086.657250949] [controller_server]: Passing new path to controller.
[controller_server-48] [WARN] [1785772086.908122127] [controller_server]: Control loop missed its desired rate of 20.0000 Hz. Current loop rate is 55.5556 Hz.
[controller_server-48] [WARN] [1785772087.159146398] [controller_server]: Control loop missed its desired rate of 20.0000 Hz. Current loop rate is 55.5556 Hz.
[controller_server-48] [INFO] [1785772087.709322832] [controller_server]: Passing new path to controller.
[controller_server-48] [WARN] [1785772088.520491809] [controller_server]: Control loop missed its desired rate of 20.0000 Hz. Current loop rate is 41.6667 Hz.
[controller_server-48] [INFO] [1785772088.770690070] [controller_server]: Passing new path to controller.
[rtabmap-46] [0m[INFO] [1785772089.028573797] [rtabmap]: rtabmap (64): Rate=1.00s, Limit=0.000s, Conversion=0.0006s, RTAB-Map=0.0658s, Maps update=0.0054s pub=0.0076s delay=0.0630s (local map=45, WM=45)[0m
[exploration_manager-60] [INFO] [1785772089.362899579] [exploration_manager]: === Exploration Step ===
[exploration_manager-60] [INFO] [1785772089.363832248] [exploration_manager]: Already navigating. elapsed=10.0s
[controller_server-48] [WARN] [1785772089.571885420] [controller_server]: Control loop missed its desired rate of 20.0000 Hz. Current loop rate is 66.6667 Hz.
[controller_server-48] [WARN] [1785772089.733345805] [controller_server]: Control loop missed its desired rate of 20.0000 Hz. Current loop rate is 55.5556 Hz.
[controller_server-48] [INFO] [1785772089.783541172] [controller_server]: Passing new path to controller.
[controller_server-48] [WARN] [1785772089.884638642] [controller_server]: Control loop missed its desired rate of 20.0000 Hz. Current loop rate is 66.6667 Hz.
[controller_server-48] [INFO] [1785772090.784801470] [controller_server]: Passing new path to controller.
[controller_server-48] [WARN] [1785772091.045896073] [controller_server]: Control loop missed its desired rate of 20.0000 Hz. Current loop rate is 66.6667 Hz.
[controller_server-48] [WARN] [1785772091.307042773] [controller_server]: Control loop missed its desired rate of 20.0000 Hz. Current loop rate is 66.6667 Hz.
[controller_server-48] [WARN] [1785772091.558121166] [controller_server]: Control loop missed its desired rate of 20.0000 Hz. Current loop rate is 66.6667 Hz.
[rtabmap-46] [33m[ WARN] (2026-08-03 23:48:11.568) Rtabmap.cpp:3543::process() Rejected loop closure 14 -> 65: Not enough inliers 0/10 (matches=31) between 14 and 65[0m
[rtabmap-46] [0m[INFO] [1785772091.584035869] [rtabmap]: rtabmap (65): Rate=1.00s, Limit=0.000s, Conversion=0.0008s, RTAB-Map=0.1475s, Maps update=0.0058s pub=0.0080s delay=0.0810s (local map=46, WM=46)[0m
[controller_server-48] [INFO] [1785772091.858356659] [controller_server]: Passing new path to controller.
[controller_server-48] [WARN] [1785772091.959247090] [controller_server]: Control loop missed its desired rate of 20.0000 Hz. Current loop rate is 66.6667 Hz.
[controller_server-48] [WARN] [1785772092.260253648] [controller_server]: Control loop missed its desired rate of 20.0000 Hz. Current loop rate is 55.5556 Hz.
[controller_server-48] [WARN] [1785772092.661570924] [controller_server]: Control loop missed its desired rate of 20.0000 Hz. Current loop rate is 55.5556 Hz.
[controller_server-48] [INFO] [1785772092.861706109] [controller_server]: Passing new path to controller.
[controller_server-48] [INFO] [1785772093.911708255] [controller_server]: Passing new path to controller.
[controller_server-48] [WARN] [1785772094.012600996] [controller_server]: Control loop missed its desired rate of 20.0000 Hz. Current loop rate is 55.5556 Hz.
[rtabmap-46] [33m[ WARN] (2026-08-03 23:48:14.229) Rtabmap.cpp:3543::process() Rejected loop closure 12 -> 66: Not enough inliers 0/10 (matches=43) between 12 and 66[0m
[rtabmap-46] [0m[INFO] [1785772094.245102635] [rtabmap]: rtabmap (66): Rate=1.00s, Limit=0.000s, Conversion=0.0007s, RTAB-Map=0.1913s, Maps update=0.0077s pub=0.0066s delay=0.1050s (local map=47, WM=47)[0m
[controller_server-48] [INFO] [1785772094.912785117] [controller_server]: Passing new path to controller.
[controller_server-48] [INFO] [1785772095.962736512] [controller_server]: Passing new path to controller.
[controller_server-48] [INFO] [1785772097.012768580] [controller_server]: Passing new path to controller.
[rtabmap-46] [33m[ WARN] (2026-08-03 23:48:17.035) Rtabmap.cpp:3543::process() Rejected loop closure 12 -> 67: Not enough inliers 9/10 (matches=34) between 12 and 67[0m
[rtabmap-46] [0m[INFO] [1785772097.052773195] [rtabmap]: rtabmap (67): Rate=1.00s, Limit=0.000s, Conversion=0.0007s, RTAB-Map=0.2147s, Maps update=0.0079s pub=0.0077s delay=0.1050s (local map=48, WM=48)[0m
[controller_server-48] [INFO] [1785772098.012748032] [controller_server]: Passing new path to controller.
[controller_server-48] [INFO] [1785772099.062747590] [controller_server]: Passing new path to controller.
[rtabmap-46] [33m[ WARN] (2026-08-03 23:48:19.899) Rtabmap.cpp:3543::process() Rejected loop closure 13 -> 68: Not enough inliers 0/10 (matches=33) between 13 and 68[0m
[rtabmap-46] [0m[INFO] [1785772099.920000646] [rtabmap]: rtabmap (68): Rate=1.00s, Limit=0.000s, Conversion=0.0007s, RTAB-Map=0.2067s, Maps update=0.0077s pub=0.0112s delay=0.1050s (local map=49, WM=49)[0m
[controller_server-48] [INFO] [1785772100.112771746] [controller_server]: Passing new path to controller.
[controller_server-48] [INFO] [1785772101.112831550] [controller_server]: Passing new path to controller.
[controller_server-48] [INFO] [1785772102.162745503] [controller_server]: Passing new path to controller.
[controller_server-48] [ERROR] [1785772102.163128139] [controller_server]: Failed to make progress
[controller_server-48] [INFO] [1785772102.163918828] [controller_server]: Optimizer reset
[controller_server-48] [WARN] [1785772102.163945123] [controller_server]: [follow_path] [ActionServer] Aborting handle.
[controller_server-48] [INFO] [1785772102.194360592] [local_costmap.local_costmap]: Received request to clear entirely the local_costmap
[controller_server-48] [INFO] [1785772102.195701168] [controller_server]: Received a goal, begin computing control effort.
[controller_server-48] [WARN] [1785772102.349032000] [controller_server]: Control loop missed its desired rate of 20.0000 Hz. Current loop rate is 19.6078 Hz.
[rtabmap-46] [33m[ WARN] (2026-08-03 23:48:22.753) Rtabmap.cpp:3543::process() Rejected loop closure 13 -> 69: Not enough inliers 0/10 (matches=40) between 13 and 69[0m
[rtabmap-46] [0m[INFO] [1785772102.774005569] [rtabmap]: rtabmap (69): Rate=1.00s, Limit=0.000s, Conversion=0.0005s, RTAB-Map=0.2023s, Maps update=0.0106s pub=0.0079s delay=0.0900s (local map=50, WM=50)[0m
[exploration_manager-60] [INFO] [1785772102.862607337] [exploration_manager]: === Exploration Step ===
[exploration_manager-60] [INFO] [1785772102.865379802] [exploration_manager]: Already navigating. elapsed=15.0s
[controller_server-48] [INFO] [1785772103.199214521] [controller_server]: Passing new path to controller.
[controller_server-48] [INFO] [1785772104.249201968] [controller_server]: Passing new path to controller.
[controller_server-48] [INFO] [1785772105.249205611] [controller_server]: Passing new path to controller.
[rtabmap-46] [33m[ WARN] (2026-08-03 23:48:25.638) Rtabmap.cpp:3543::process() Rejected loop closure 13 -> 70: Not enough inliers 9/10 (matches=44) between 13 and 70[0m
[rtabmap-46] [0m[INFO] [1785772105.655512420] [rtabmap]: rtabmap (70): Rate=1.00s, Limit=0.000s, Conversion=0.0006s, RTAB-Map=0.2078s, Maps update=0.0084s pub=0.0073s delay=0.1020s (local map=51, WM=51)[0m
[controller_server-48] [INFO] [1785772106.300264671] [controller_server]: Passing new path to controller.
[controller_server-48] [INFO] [1785772107.349210029] [controller_server]: Passing new path to controller.
[rtabmap-46] [33m[ WARN] (2026-08-03 23:48:28.306) Rtabmap.cpp:3543::process() Rejected loop closure 14 -> 71: Not enough inliers 0/10 (matches=32) between 14 and 71[0m
[rtabmap-46] [0m[INFO] [1785772108.325753198] [rtabmap]: rtabmap (71): Rate=1.00s, Limit=0.000s, Conversion=0.0007s, RTAB-Map=0.1862s, Maps update=0.0095s pub=0.0072s delay=0.0990s (local map=52, WM=52)[0m
[controller_server-48] [INFO] [1785772108.349208954] [controller_server]: Passing new path to controller.
[controller_server-48] [INFO] [1785772109.399644918] [controller_server]: Passing new path to controller.
[controller_server-48] [INFO] [1785772110.399219702] [controller_server]: Passing new path to controller.
[rtabmap-46] [33m[ WARN] (2026-08-03 23:48:31.024) Rtabmap.cpp:3543::process() Rejected loop closure 13 -> 72: Not enough inliers 0/10 (matches=34) between 13 and 72[0m
[rtabmap-46] [0m[INFO] [1785772111.041450606] [rtabmap]: rtabmap (72): Rate=1.00s, Limit=0.000s, Conversion=0.0006s, RTAB-Map=0.1963s, Maps update=0.0077s pub=0.0071s delay=0.0960s (local map=53, WM=53)[0m
[controller_server-48] [INFO] [1785772111.449208319] [controller_server]: Passing new path to controller.
[controller_server-48] [INFO] [1785772112.499198256] [controller_server]: Passing new path to controller.
[controller_server-48] [INFO] [1785772113.499214863] [controller_server]: Passing new path to controller.
[rtabmap-46] [33m[ WARN] (2026-08-03 23:48:33.775) Rtabmap.cpp:3543::process() Rejected loop closure 14 -> 73: Not enough inliers 0/10 (matches=33) between 14 and 73[0m
[rtabmap-46] [0m[INFO] [1785772113.792341727] [rtabmap]: rtabmap (73): Rate=1.00s, Limit=0.000s, Conversion=0.0007s, RTAB-Map=0.1827s, Maps update=0.0079s pub=0.0072s delay=0.0990s (local map=54, WM=54)[0m
[controller_server-48] [INFO] [1785772114.549215125] [controller_server]: Passing new path to controller.
[controller_server-48] [INFO] [1785772115.599272091] [controller_server]: Passing new path to controller.
[exploration_manager-60] [INFO] [1785772116.239693014] [exploration_manager]: === Exploration Step ===
[exploration_manager-60] [INFO] [1785772116.240521951] [exploration_manager]: Already navigating. elapsed=20.0s
[rtabmap-46] [33m[ WARN] (2026-08-03 23:48:36.551) Rtabmap.cpp:3543::process() Rejected loop closure 13 -> 74: Not enough inliers 0/10 (matches=28) between 13 and 74[0m
[rtabmap-46] [0m[INFO] [1785772116.572034349] [rtabmap]: rtabmap (74): Rate=1.00s, Limit=0.000s, Conversion=0.0009s, RTAB-Map=0.2362s, Maps update=0.0083s pub=0.0106s delay=0.1260s (local map=55, WM=55)[0m
[controller_server-48] [INFO] [1785772116.599188088] [controller_server]: Passing new path to controller.
[controller_server-48] [INFO] [1785772117.649215910] [controller_server]: Passing new path to controller.
[controller_server-48] [INFO] [1785772118.699195444] [controller_server]: Passing new path to controller.
[rtabmap-46] [33m[ WARN] (2026-08-03 23:48:39.208) Rtabmap.cpp:3543::process() Rejected loop closure 28 -> 75: Not enough inliers 0/10 (matches=34) between 28 and 75[0m
[rtabmap-46] [0m[INFO] [1785772119.225175020] [rtabmap]: rtabmap (75): Rate=1.00s, Limit=0.000s, Conversion=0.0007s, RTAB-Map=0.2364s, Maps update=0.0074s pub=0.0070s delay=0.1170s (local map=56, WM=56)[0m
[controller_server-48] [INFO] [1785772119.699218436] [controller_server]: Passing new path to controller.
[controller_server-48] [INFO] [1785772120.749222103] [controller_server]: Passing new path to controller.
[controller_server-48] [INFO] [1785772121.799215342] [controller_server]: Passing new path to controller.
[rtabmap-46] [33m[ WARN] (2026-08-03 23:48:41.953) Rtabmap.cpp:3543::process() Rejected loop closure 44 -> 76: Not enough inliers 9/10 (matches=38) between 44 and 76[0m
[rtabmap-46] [0m[INFO] [1785772121.972655423] [rtabmap]: rtabmap (76): Rate=1.00s, Limit=0.000s, Conversion=0.0010s, RTAB-Map=0.2570s, Maps update=0.0088s pub=0.0081s delay=0.1170s (local map=57, WM=57)[0m
[controller_server-48] [INFO] [1785772122.131826577] [local_costmap.local_costmap]: StaticLayer: Resizing static layer to 260 X 289 at 0.050000 m/pix
[planner_server-50] [INFO] [1785772122.568273250] [global_costmap.global_costmap]: StaticLayer: Resizing costmap to 260 X 289 at 0.050000 m/pix
[controller_server-48] [INFO] [1785772122.799201252] [controller_server]: Passing new path to controller.
[controller_server-48] [WARN] [1785772122.855811621] [controller_server]: Control loop missed its desired rate of 20.0000 Hz. Current loop rate is 55.5556 Hz.
[controller_server-48] [INFO] [1785772123.855955248] [controller_server]: Passing new path to controller.
[rtabmap-46] [33m[ WARN] (2026-08-03 23:48:44.731) Rtabmap.cpp:3543::process() Rejected loop closure 42 -> 77: Not enough inliers 0/10 (matches=37) between 42 and 77[0m
[rtabmap-46] [0m[INFO] [1785772124.752142147] [rtabmap]: rtabmap (77): Rate=1.00s, Limit=0.000s, Conversion=0.0011s, RTAB-Map=0.3428s, Maps update=0.0110s pub=0.0082s delay=0.1440s (local map=58, WM=58)[0m
[controller_server-48] [INFO] [1785772124.855961275] [controller_server]: Passing new path to controller.
[controller_server-48] [INFO] [1785772124.931826800] [local_costmap.local_costmap]: StaticLayer: Resizing static layer to 266 X 289 at 0.050000 m/pix
[planner_server-50] [INFO] [1785772125.568266704] [global_costmap.global_costmap]: StaticLayer: Resizing costmap to 266 X 289 at 0.050000 m/pix
[controller_server-48] [INFO] [1785772125.905955171] [controller_server]: Passing new path to controller.
[controller_server-48] [INFO] [1785772126.905953438] [controller_server]: Passing new path to controller.
[rtabmap-46] [0m[INFO] [1785772127.525281548] [rtabmap]: rtabmap (78): Rate=1.00s, Limit=0.000s, Conversion=0.0010s, RTAB-Map=0.2810s, Maps update=0.0098s pub=0.0078s delay=0.1290s (local map=59, WM=59)[0m
[controller_server-48] [INFO] [1785772127.531834116] [local_costmap.local_costmap]: StaticLayer: Resizing static layer to 270 X 289 at 0.050000 m/pix
[planner_server-50] [INFO] [1785772127.568314108] [global_costmap.global_costmap]: StaticLayer: Resizing costmap to 270 X 289 at 0.050000 m/pix
[controller_server-48] [INFO] [1785772127.955966044] [controller_server]: Passing new path to controller.
[controller_server-48] [INFO] [1785772129.005959922] [controller_server]: Passing new path to controller.
[exploration_manager-60] [INFO] [1785772129.639927271] [exploration_manager]: === Exploration Step ===
[exploration_manager-60] [INFO] [1785772129.641521691] [exploration_manager]: Already navigating. elapsed=25.0s
[controller_server-48] [INFO] [1785772130.055953796] [controller_server]: Passing new path to controller.
[rtabmap-46] [0m[INFO] [1785772130.392542564] [rtabmap]: rtabmap (79): Rate=1.00s, Limit=0.000s, Conversion=0.0008s, RTAB-Map=0.3044s, Maps update=0.0092s pub=0.0099s delay=0.1200s (local map=60, WM=60)[0m
[controller_server-48] [INFO] [1785772130.531876474] [local_costmap.local_costmap]: StaticLayer: Resizing static layer to 270 X 293 at 0.050000 m/pix
[planner_server-50] [INFO] [1785772130.568283950] [global_costmap.global_costmap]: StaticLayer: Resizing costmap to 270 X 293 at 0.050000 m/pix
[controller_server-48] [INFO] [1785772131.055965840] [controller_server]: Passing new path to controller.
[controller_server-48] [INFO] [1785772132.105952383] [controller_server]: Passing new path to controller.
[controller_server-48] [INFO] [1785772133.155951709] [controller_server]: Passing new path to controller.
[rtabmap-46] [33m[ WARN] (2026-08-03 23:48:53.380) Rtabmap.cpp:8638::optimizeGraphWithCandidate() [ROVER_TEMP] Added temporary candidate 80 -> 46 poses=61 constraints=66[0m
[rtabmap-46] [33m[ WARN] (2026-08-03 23:48:53.391) Rtabmap.cpp:8800::optimizeGraphWithCandidate() [ROVER_TEMP] Temporary optimization success: optimized_poses=61 time=0.010907[0m
[rtabmap-46] [33m[ WARN] (2026-08-03 23:48:53.391) Rtabmap.cpp:3624::process() [ROVER_TEMP_RESULT] current=80 target=46 poses=61 constraints=66 error=3.375811 iterations=4 success=1[0m
[rtabmap-46] [33m[ WARN] (2026-08-03 23:48:53.391) Rtabmap.cpp:8825::roverAcceptLoop() [ROVER] Reject by RMSE 0.16191 > 0.08000[0m
[rtabmap-46] [33m[ WARN] (2026-08-03 23:48:53.391) Rtabmap.cpp:3772::process() [ROVER] REJECT current=80 target=46[0m
[rtabmap-46] [0m[INFO] [1785772133.412377482] [rtabmap]: rtabmap (80): Rate=1.00s, Limit=0.000s, Conversion=0.0010s, RTAB-Map=0.3883s, Maps update=0.0097s pub=0.0095s delay=0.1650s (local map=61, WM=61)[0m
[controller_server-48] [INFO] [1785772133.531822887] [local_costmap.local_costmap]: StaticLayer: Resizing static layer to 270 X 299 at 0.050000 m/pix
[planner_server-50] [INFO] [1785772133.568291210] [global_costmap.global_costmap]: StaticLayer: Resizing costmap to 270 X 299 at 0.050000 m/pix
[controller_server-48] [INFO] [1785772134.205961653] [controller_server]: Passing new path to controller.
[controller_server-48] [INFO] [1785772135.205967555] [controller_server]: Passing new path to controller.
[rtabmap-46] [33m[ WARN] (2026-08-03 23:48:56.243) Rtabmap.cpp:8638::optimizeGraphWithCandidate() [ROVER_TEMP] Added temporary candidate 81 -> 62 poses=62 constraints=67[0m
[controller_server-48] [INFO] [1785772136.256140703] [controller_server]: Passing new path to controller.
[rtabmap-46] [33m[ WARN] (2026-08-03 23:48:56.278) Rtabmap.cpp:8800::optimizeGraphWithCandidate() [ROVER_TEMP] Temporary optimization success: optimized_poses=62 time=0.034938[0m
[rtabmap-46] [33m[ WARN] (2026-08-03 23:48:56.278) Rtabmap.cpp:3624::process() [ROVER_TEMP_RESULT] current=81 target=62 poses=62 constraints=67 error=88.173715 iterations=20 success=1[0m
[rtabmap-46] [33m[ WARN] (2026-08-03 23:48:56.278) Rtabmap.cpp:8825::roverAcceptLoop() [ROVER] Reject by RMSE 0.83938 > 0.08000[0m
[rtabmap-46] [33m[ WARN] (2026-08-03 23:48:56.278) Rtabmap.cpp:3772::process() [ROVER] REJECT current=81 target=62[0m
[rtabmap-46] [0m[INFO] [1785772136.306222657] [rtabmap]: rtabmap (81): Rate=1.00s, Limit=0.000s, Conversion=0.0016s, RTAB-Map=0.3696s, Maps update=0.0114s pub=0.0137s delay=0.1470s (local map=62, WM=62)[0m
[controller_server-48] [INFO] [1785772136.331838029] [local_costmap.local_costmap]: StaticLayer: Resizing static layer to 270 X 300 at 0.050000 m/pix
[planner_server-50] [INFO] [1785772136.568385252] [global_costmap.global_costmap]: StaticLayer: Resizing costmap to 270 X 300 at 0.050000 m/pix
[controller_server-48] [INFO] [1785772137.306091333] [controller_server]: Passing new path to controller.
[controller_server-48] [INFO] [1785772138.356055942] [controller_server]: Passing new path to controller.
[rtabmap-46] [33m[ WARN] (2026-08-03 23:48:59.135) Rtabmap.cpp:8638::optimizeGraphWithCandidate() [ROVER_TEMP] Added temporary candidate 82 -> 46 poses=63 constraints=68[0m
[rtabmap-46] [33m[ WARN] (2026-08-03 23:48:59.143) Rtabmap.cpp:8800::optimizeGraphWithCandidate() [ROVER_TEMP] Temporary optimization success: optimized_poses=63 time=0.008248[0m
[rtabmap-46] [33m[ WARN] (2026-08-03 23:48:59.143) Rtabmap.cpp:3624::process() [ROVER_TEMP_RESULT] current=82 target=46 poses=63 constraints=68 error=3.050327 iterations=3 success=1[0m
[rtabmap-46] [33m[ WARN] (2026-08-03 23:48:59.143) Rtabmap.cpp:8825::roverAcceptLoop() [ROVER] Reject by RMSE 0.13134 > 0.08000[0m
[rtabmap-46] [33m[ WARN] (2026-08-03 23:48:59.143) Rtabmap.cpp:3772::process() [ROVER] REJECT current=82 target=46[0m
[rtabmap-46] [0m[INFO] [1785772139.162436041] [rtabmap]: rtabmap (82): Rate=1.00s, Limit=0.000s, Conversion=0.0007s, RTAB-Map=0.3400s, Maps update=0.0081s pub=0.0088s delay=0.1410s (local map=63, WM=63)[0m
[controller_server-48] [INFO] [1785772139.332866331] [local_costmap.local_costmap]: StaticLayer: Resizing static layer to 270 X 305 at 0.050000 m/pix
[controller_server-48] [INFO] [1785772139.355970948] [controller_server]: Passing new path to controller.
[planner_server-50] [INFO] [1785772139.568322965] [global_costmap.global_costmap]: StaticLayer: Resizing costmap to 270 X 305 at 0.050000 m/pix
[controller_server-48] [INFO] [1785772140.405976406] [controller_server]: Passing new path to controller.
[controller_server-48] [INFO] [1785772141.455955032] [controller_server]: Passing new path to controller.
[rtabmap-46] [33m[ WARN] (2026-08-03 23:49:02.213) Rtabmap.cpp:8638::optimizeGraphWithCandidate() [ROVER_TEMP] Added temporary candidate 83 -> 46 poses=64 constraints=69[0m
[rtabmap-46] [33m[ WARN] (2026-08-03 23:49:02.226) Rtabmap.cpp:8800::optimizeGraphWithCandidate() [ROVER_TEMP] Temporary optimization success: optimized_poses=64 time=0.013215[0m
[rtabmap-46] [33m[ WARN] (2026-08-03 23:49:02.226) Rtabmap.cpp:3624::process() [ROVER_TEMP_RESULT] current=83 target=46 poses=64 constraints=69 error=3.112273 iterations=5 success=1[0m
[rtabmap-46] [33m[ WARN] (2026-08-03 23:49:02.226) Rtabmap.cpp:8825::roverAcceptLoop() [ROVER] Reject by RMSE 0.15828 > 0.08000[0m
[rtabmap-46] [33m[ WARN] (2026-08-03 23:49:02.226) Rtabmap.cpp:3772::process() [ROVER] REJECT current=83 target=46[0m
[rtabmap-46] [0m[INFO] [1785772142.247879527] [rtabmap]: rtabmap (83): Rate=1.00s, Limit=0.000s, Conversion=0.0006s, RTAB-Map=0.3669s, Maps update=0.0093s pub=0.0101s delay=0.1380s (local map=64, WM=64)[0m
[controller_server-48] [INFO] [1785772142.331773899] [local_costmap.local_costmap]: StaticLayer: Resizing static layer to 270 X 314 at 0.050000 m/pix
[controller_server-48] [INFO] [1785772142.455960810] [controller_server]: Passing new path to controller.
[planner_server-50] [INFO] [1785772142.568901399] [global_costmap.global_costmap]: StaticLayer: Resizing costmap to 270 X 314 at 0.050000 m/pix
[controller_server-48] [INFO] [1785772143.505975712] [controller_server]: Passing new path to controller.
[exploration_manager-60] [INFO] [1785772144.058878021] [exploration_manager]: === Exploration Step ===
[exploration_manager-60] [INFO] [1785772144.060397983] [exploration_manager]: Already navigating. elapsed=30.0s
[controller_server-48] [INFO] [1785772144.555973184] [controller_server]: Passing new path to controller.
[rtabmap-46] [0m[INFO] [1785772145.144200866] [rtabmap]: rtabmap (84): Rate=1.00s, Limit=0.000s, Conversion=0.0007s, RTAB-Map=0.2277s, Maps update=0.0105s pub=0.0102s delay=0.1050s (local map=65, WM=65)[0m
[controller_server-48] [INFO] [1785772145.605967283] [controller_server]: Passing new path to controller.
[controller_server-48] [INFO] [1785772146.605977713] [controller_server]: Passing new path to controller.
[controller_server-48] [INFO] [1785772147.655968232] [controller_server]: Passing new path to controller.
[rtabmap-46] [0m[INFO] [1785772147.951564760] [rtabmap]: rtabmap (85): Rate=1.00s, Limit=0.000s, Conversion=0.0007s, RTAB-Map=0.1838s, Maps update=0.0083s pub=0.0108s delay=0.0840s (local map=66, WM=66)[0m
[controller_server-48] [INFO] [1785772148.131830418] [local_costmap.local_costmap]: StaticLayer: Resizing static layer to 270 X 323 at 0.050000 m/pix
[planner_server-50] [INFO] [1785772148.568278275] [global_costmap.global_costmap]: StaticLayer: Resizing costmap to 270 X 323 at 0.050000 m/pix
[controller_server-48] [INFO] [1785772148.705974439] [controller_server]: Passing new path to controller.
[controller_server-48] [INFO] [1785772149.705968634] [controller_server]: Passing new path to controller.
[controller_server-48] [INFO] [1785772150.756010967] [controller_server]: Passing new path to controller.
[rtabmap-46] [0m[INFO] [1785772151.253798983] [rtabmap]: rtabmap (86): Rate=1.00s, Limit=0.000s, Conversion=0.0009s, RTAB-Map=0.7831s, Maps update=0.0080s pub=0.0117s delay=0.3300s (local map=67, WM=67)[0m
[controller_server-48] [INFO] [1785772151.331848144] [local_costmap.local_costmap]: StaticLayer: Resizing static layer to 270 X 329 at 0.050000 m/pix
[planner_server-50] [INFO] [1785772151.568285536] [global_costmap.global_costmap]: StaticLayer: Resizing costmap to 270 X 329 at 0.050000 m/pix
[controller_server-48] [INFO] [1785772151.755960021] [controller_server]: Passing new path to controller.
[controller_server-48] [INFO] [1785772152.805963499] [controller_server]: Passing new path to controller.
[rtabmap-46] [0m[INFO] [1785772153.358390771] [rtabmap]: rtabmap (87): Rate=1.00s, Limit=0.000s, Conversion=0.0009s, RTAB-Map=0.1610s, Maps update=0.0078s pub=0.0115s delay=0.0870s (local map=68, WM=68)[0m
[controller_server-48] [INFO] [1785772153.531829223] [local_costmap.local_costmap]: StaticLayer: Resizing static layer to 270 X 335 at 0.050000 m/pix
[planner_server-50] [INFO] [1785772153.568294201] [global_costmap.global_costmap]: StaticLayer: Resizing costmap to 270 X 335 at 0.050000 m/pix
[controller_server-48] [INFO] [1785772153.855961194] [controller_server]: Passing new path to controller.
[controller_server-48] [INFO] [1785772154.905969602] [controller_server]: Passing new path to controller.
[controller_server-48] [INFO] [1785772155.905949557] [controller_server]: Passing new path to controller.
[rtabmap-46] [0m[INFO] [1785772156.068832319] [rtabmap]: rtabmap (88): Rate=1.00s, Limit=0.000s, Conversion=0.0008s, RTAB-Map=0.1476s, Maps update=0.0054s pub=0.0017s delay=0.0660s (local map=68, WM=68)[0m
[controller_server-48] [INFO] [1785772156.955957824] [controller_server]: Passing new path to controller.
[exploration_manager-60] [INFO] [1785772157.742837119] [exploration_manager]: === Exploration Step ===
[exploration_manager-60] [INFO] [1785772157.744669953] [exploration_manager]: Already navigating. elapsed=35.0s
[controller_server-48] [INFO] [1785772158.005954039] [controller_server]: Passing new path to controller.
[rtabmap-46] [0m[INFO] [1785772158.853492266] [rtabmap]: rtabmap (89): Rate=1.00s, Limit=0.000s, Conversion=0.0009s, RTAB-Map=0.1394s, Maps update=0.0056s pub=0.0085s delay=0.0720s (local map=69, WM=69)[0m
[controller_server-48] [INFO] [1785772159.055958006] [controller_server]: Passing new path to controller.
[controller_server-48] [INFO] [1785772160.055957992] [controller_server]: Passing new path to controller.
[controller_server-48] [WARN] [1785772160.957346520] [controller_server]: Control loop missed its desired rate of 20.0000 Hz. Current loop rate is 41.6667 Hz.
[controller_server-48] [INFO] [1785772161.107531591] [controller_server]: Passing new path to controller.
[controller_server-48] [WARN] [1785772161.408467974] [controller_server]: Control loop missed its desired rate of 20.0000 Hz. Current loop rate is 47.6190 Hz.
[rtabmap-46] [0m[INFO] [1785772161.677393701] [rtabmap]: rtabmap (90): Rate=1.00s, Limit=0.000s, Conversion=0.0009s, RTAB-Map=0.1561s, Maps update=0.0081s pub=0.0092s delay=0.0900s (local map=70, WM=70)[0m
[controller_server-48] [WARN] [1785772161.759610954] [controller_server]: Control loop missed its desired rate of 20.0000 Hz. Current loop rate is 66.6667 Hz.
[controller_server-48] [WARN] [1785772162.021157989] [controller_server]: Control loop missed its desired rate of 20.0000 Hz. Current loop rate is 83.3333 Hz.
[controller_server-48] [INFO] [1785772162.171344909] [controller_server]: Passing new path to controller.
[controller_server-48] [WARN] [1785772162.822390354] [controller_server]: Control loop missed its desired rate of 20.0000 Hz. Current loop rate is 66.6667 Hz.
[controller_server-48] [INFO] [1785772163.172585092] [controller_server]: Passing new path to controller.
[controller_server-48] [WARN] [1785772163.233992027] [controller_server]: Control loop missed its desired rate of 20.0000 Hz. Current loop rate is 55.5556 Hz.
[controller_server-48] [WARN] [1785772163.685123111] [controller_server]: Control loop missed its desired rate of 20.0000 Hz. Current loop rate is 55.5556 Hz.
[controller_server-48] [INFO] [1785772164.235283401] [controller_server]: Passing new path to controller.
[rtabmap-46] [0m[INFO] [1785772164.427947271] [rtabmap]: rtabmap (91): Rate=1.00s, Limit=0.000s, Conversion=0.0007s, RTAB-Map=0.0962s, Maps update=0.0061s pub=0.0100s delay=0.0690s (local map=71, WM=71)[0m
[controller_server-48] [WARN] [1785772164.886262410] [controller_server]: Control loop missed its desired rate of 20.0000 Hz. Current loop rate is 55.5556 Hz.
[controller_server-48] [INFO] [1785772165.286432433] [controller_server]: Passing new path to controller.
[controller_server-48] [WARN] [1785772165.637779143] [controller_server]: Control loop missed its desired rate of 20.0000 Hz. Current loop rate is 47.6190 Hz.
[controller_server-48] [WARN] [1785772166.039337664] [controller_server]: Control loop missed its desired rate of 20.0000 Hz. Current loop rate is 83.3333 Hz.
[controller_server-48] [INFO] [1785772166.289583736] [controller_server]: Passing new path to controller.
[controller_server-48] [WARN] [1785772166.740655741] [controller_server]: Control loop missed its desired rate of 20.0000 Hz. Current loop rate is 47.6190 Hz.
[controller_server-48] [WARN] [1785772166.893109756] [controller_server]: Control loop missed its desired rate of 20.0000 Hz. Current loop rate is 55.5556 Hz.
[rtabmap-46] [0m[INFO] [1785772167.013780485] [rtabmap]: rtabmap (92): Rate=1.00s, Limit=0.000s, Conversion=0.0007s, RTAB-Map=0.0873s, Maps update=0.0061s pub=0.0120s delay=0.0630s (local map=72, WM=72)[0m
[controller_server-48] [INFO] [1785772167.343313303] [controller_server]: Passing new path to controller.
[controller_server-48] [WARN] [1785772167.404826596] [controller_server]: Control loop missed its desired rate of 20.0000 Hz. Current loop rate is 55.5556 Hz.
[controller_server-48] [WARN] [1785772167.555960593] [controller_server]: Control loop missed its desired rate of 20.0000 Hz. Current loop rate is 55.5556 Hz.
[controller_server-48] [WARN] [1785772167.707015131] [controller_server]: Control loop missed its desired rate of 20.0000 Hz. Current loop rate is 55.5556 Hz.
[controller_server-48] [WARN] [1785772167.858264097] [controller_server]: Control loop missed its desired rate of 20.0000 Hz. Current loop rate is 66.6667 Hz.
[controller_server-48] [WARN] [1785772168.019739472] [controller_server]: Control loop missed its desired rate of 20.0000 Hz. Current loop rate is 55.5556 Hz.
[controller_server-48] [INFO] [1785772168.369984878] [controller_server]: Passing new path to controller.
[controller_server-48] [WARN] [1785772168.621678778] [controller_server]: Control loop missed its desired rate of 20.0000 Hz. Current loop rate is 55.5556 Hz.
[controller_server-48] [WARN] [1785772168.722917967] [controller_server]: Control loop missed its desired rate of 20.0000 Hz. Current loop rate is 55.5556 Hz.
[controller_server-48] [WARN] [1785772168.824230681] [controller_server]: Control loop missed its desired rate of 20.0000 Hz. Current loop rate is 66.6667 Hz.
[controller_server-48] [WARN] [1785772168.925530029] [controller_server]: Control loop missed its desired rate of 20.0000 Hz. Current loop rate is 66.6667 Hz.
[controller_server-48] [INFO] [1785772169.425727723] [controller_server]: Passing new path to controller.
[controller_server-48] [WARN] [1785772169.477093609] [controller_server]: Control loop missed its desired rate of 20.0000 Hz. Current loop rate is 66.6667 Hz.
[rtabmap-46] [0m[INFO] [1785772169.741244001] [rtabmap]: rtabmap (93): Rate=1.00s, Limit=0.000s, Conversion=0.0009s, RTAB-Map=0.1315s, Maps update=0.0070s pub=0.0105s delay=0.0750s (local map=73, WM=73)[0m
[controller_server-48] [WARN] [1785772169.779366957] [controller_server]: Control loop missed its desired rate of 20.0000 Hz. Current loop rate is 55.5556 Hz.
[controller_server-48] [INFO] [1785772170.429578671] [controller_server]: Passing new path to controller.
[controller_server-48] [WARN] [1785772170.880679361] [controller_server]: Control loop missed its desired rate of 20.0000 Hz. Current loop rate is 55.5556 Hz.
[exploration_manager-60] [INFO] [1785772170.984122790] [exploration_manager]: === Exploration Step ===
[exploration_manager-60] [INFO] [1785772170.985571406] [exploration_manager]: Already navigating. elapsed=40.0s
[controller_server-48] [WARN] [1785772171.442187610] [controller_server]: Control loop missed its desired rate of 20.0000 Hz. Current loop rate is 55.5556 Hz.
[controller_server-48] [INFO] [1785772171.492369076] [controller_server]: Passing new path to controller.
[controller_server-48] [WARN] [1785772171.543562240] [controller_server]: Control loop missed its desired rate of 20.0000 Hz. Current loop rate is 111.1111 Hz.
[controller_server-48] [WARN] [1785772171.644875103] [controller_server]: Control loop missed its desired rate of 20.0000 Hz. Current loop rate is 111.1111 Hz.
[rtabmap-46] [0m[INFO] [1785772172.492874048] [rtabmap]: rtabmap (94): Rate=1.00s, Limit=0.000s, Conversion=0.0007s, RTAB-Map=0.1283s, Maps update=0.0057s pub=0.0117s delay=0.0660s (local map=74, WM=74)[0m
[controller_server-48] [INFO] [1785772172.495077993] [controller_server]: Passing new path to controller.
[controller_server-48] [INFO] [1785772173.545066195] [controller_server]: Passing new path to controller.
[controller_server-48] [INFO] [1785772174.595067930] [controller_server]: Passing new path to controller.
[rtabmap-46] [0m[INFO] [1785772175.337183041] [rtabmap]: rtabmap (95): Rate=1.00s, Limit=0.000s, Conversion=0.0007s, RTAB-Map=0.1271s, Maps update=0.0082s pub=0.0108s delay=0.0660s (local map=75, WM=75)[0m
[controller_server-48] [INFO] [1785772175.645056395] [controller_server]: Passing new path to controller.
[controller_server-48] [INFO] [1785772176.645071862] [controller_server]: Passing new path to controller.
[controller_server-48] [ERROR] [1785772177.645172893] [controller_server]: Failed to make progress
[controller_server-48] [INFO] [1785772177.646292160] [controller_server]: Optimizer reset
[controller_server-48] [WARN] [1785772177.646337519] [controller_server]: [follow_path] [ActionServer] Aborting handle.
[controller_server-48] [INFO] [1785772177.665093191] [local_costmap.local_costmap]: Received request to clear entirely the local_costmap
[planner_server-50] [INFO] [1785772177.665819695] [global_costmap.global_costmap]: Received request to clear entirely the global_costmap
[rtabmap-46] [0m[INFO] [1785772178.215988615] [rtabmap]: rtabmap (96): Rate=1.00s, Limit=0.000s, Conversion=0.0010s, RTAB-Map=0.1510s, Maps update=0.0076s pub=0.0153s delay=0.0780s (local map=76, WM=76)[0m
[controller_server-48] [INFO] [1785772178.605410600] [controller_server]: Received a goal, begin computing control effort.
[controller_server-48] [INFO] [1785772179.655729928] [controller_server]: Passing new path to controller.
[controller_server-48] [INFO] [1785772180.705747317] [controller_server]: Passing new path to controller.
[rtabmap-46] [0m[INFO] [1785772181.229455894] [rtabmap]: rtabmap (97): Rate=1.00s, Limit=0.000s, Conversion=0.0011s, RTAB-Map=0.1540s, Maps update=0.0086s pub=0.0105s delay=0.0660s (local map=77, WM=77)[0m
[controller_server-48] [INFO] [1785772181.755748310] [controller_server]: Passing new path to controller.
[controller_server-48] [INFO] [1785772182.755724424] [controller_server]: Passing new path to controller.
[controller_server-48] [INFO] [1785772183.805740200] [controller_server]: Passing new path to controller.
[rtabmap-46] [0m[INFO] [1785772184.571523742] [rtabmap]: rtabmap (98): Rate=1.00s, Limit=0.000s, Conversion=0.0007s, RTAB-Map=0.1938s, Maps update=0.0091s pub=0.0115s delay=0.0810s (local map=78, WM=78)[0m
[controller_server-48] [INFO] [1785772184.855828132] [controller_server]: Passing new path to controller.
[exploration_manager-60] [INFO] [1785772185.866138944] [exploration_manager]: === Exploration Step ===
[exploration_manager-60] [INFO] [1785772185.867281472] [exploration_manager]: Already navigating. elapsed=45.0s
[controller_server-48] [INFO] [1785772185.905739201] [controller_server]: Passing new path to controller.
[controller_server-48] [INFO] [1785772186.905725791] [controller_server]: Passing new path to controller.
[rtabmap-46] [0m[INFO] [1785772187.566816159] [rtabmap]: rtabmap (99): Rate=1.00s, Limit=0.000s, Conversion=0.0006s, RTAB-Map=0.1490s, Maps update=0.0069s pub=0.0100s delay=0.0690s (local map=79, WM=79)[0m
[controller_server-48] [INFO] [1785772187.955741481] [controller_server]: Passing new path to controller.
[controller_server-48] [INFO] [1785772189.005739675] [controller_server]: Passing new path to controller.
[controller_server-48] [INFO] [1785772190.055727192] [controller_server]: Passing new path to controller.
[rtabmap-46] [0m[INFO] [1785772190.431047695] [rtabmap]: rtabmap (100): Rate=1.00s, Limit=0.000s, Conversion=0.0010s, RTAB-Map=0.1369s, Maps update=0.0069s pub=0.0119s delay=0.0750s (local map=80, WM=80)[0m
[controller_server-48] [INFO] [1785772191.055729282] [controller_server]: Passing new path to controller.
[controller_server-48] [INFO] [1785772192.105724755] [controller_server]: Passing new path to controller.
[controller_server-48] [INFO] [1785772193.155737924] [controller_server]: Passing new path to controller.
[rtabmap-46] [0m[INFO] [1785772193.344868621] [rtabmap]: rtabmap (101): Rate=1.00s, Limit=0.000s, Conversion=0.0009s, RTAB-Map=0.1675s, Maps update=0.0084s pub=0.0107s delay=0.0870s (local map=81, WM=81)[0m
[controller_server-48] [INFO] [1785772194.155746066] [controller_server]: Passing new path to controller.
[controller_server-48] [INFO] [1785772195.205779179] [controller_server]: Passing new path to controller.
[rtabmap-46] [0m[INFO] [1785772196.196974551] [rtabmap]: rtabmap (102): Rate=1.00s, Limit=0.000s, Conversion=0.0007s, RTAB-Map=0.1817s, Maps update=0.0060s pub=0.0162s delay=0.0750s (local map=82, WM=82)[0m
[controller_server-48] [INFO] [1785772196.255741051] [controller_server]: Passing new path to controller.
[controller_server-48] [INFO] [1785772197.255718577] [controller_server]: Passing new path to controller.
[controller_server-48] [INFO] [1785772198.305741279] [controller_server]: Passing new path to controller.
[rtabmap-46] [0m[INFO] [1785772199.023207064] [rtabmap]: rtabmap (103): Rate=1.00s, Limit=0.000s, Conversion=0.0009s, RTAB-Map=0.1759s, Maps update=0.0094s pub=0.0125s delay=0.0780s (local map=83, WM=83)[0m
[controller_server-48] [INFO] [1785772199.355732704] [controller_server]: Passing new path to controller.
[exploration_manager-60] [INFO] [1785772200.041452170] [exploration_manager]: === Exploration Step ===
[exploration_manager-60] [INFO] [1785772200.042447849] [exploration_manager]: Already navigating. elapsed=50.0s
[controller_server-48] [INFO] [1785772200.405738550] [controller_server]: Passing new path to controller.
[controller_server-48] [INFO] [1785772201.405721273] [controller_server]: Passing new path to controller.
[rtabmap-46] [0m[INFO] [1785772201.916009553] [rtabmap]: rtabmap (104): Rate=1.00s, Limit=0.000s, Conversion=0.0009s, RTAB-Map=0.1715s, Maps update=0.0082s pub=0.0141s delay=0.0930s (local map=84, WM=84)[0m
[controller_server-48] [INFO] [1785772202.455748257] [controller_server]: Passing new path to controller.
[controller_server-48] [INFO] [1785772203.505742357] [controller_server]: Passing new path to controller.
[controller_server-48] [INFO] [1785772204.555725918] [controller_server]: Passing new path to controller.
[rtabmap-46] [0m[INFO] [1785772205.083483779] [rtabmap]: rtabmap (105): Rate=1.00s, Limit=0.000s, Conversion=0.0011s, RTAB-Map=0.1805s, Maps update=0.0096s pub=0.0162s delay=0.0810s (local map=85, WM=85)[0m
[controller_server-48] [INFO] [1785772205.555735007] [controller_server]: Passing new path to controller.
[controller_server-48] [INFO] [1785772206.605738258] [controller_server]: Passing new path to controller.
[controller_server-48] [INFO] [1785772207.655772561] [controller_server]: Passing new path to controller.
[controller_server-48] [INFO] [1785772208.705742818] [controller_server]: Passing new path to controller.
[rtabmap-46] [0m[INFO] [1785772208.740361238] [rtabmap]: rtabmap (106): Rate=1.00s, Limit=0.000s, Conversion=0.0011s, RTAB-Map=0.1729s, Maps update=0.0091s pub=0.0143s delay=0.0810s (local map=86, WM=86)[0m
[controller_server-48] [INFO] [1785772209.705752310] [controller_server]: Passing new path to controller.
[controller_server-48] [INFO] [1785772210.755748395] [controller_server]: Passing new path to controller.
[rtabmap-46] [0m[INFO] [1785772211.523926465] [rtabmap]: rtabmap (107): Rate=1.00s, Limit=0.000s, Conversion=0.0011s, RTAB-Map=0.1589s, Maps update=0.0084s pub=0.0141s delay=0.0780s (local map=87, WM=87)[0m
[controller_server-48] [INFO] [1785772211.805786522] [controller_server]: Passing new path to controller.
[controller_server-48] [INFO] [1785772212.855745262] [controller_server]: Passing new path to controller.
[controller_server-48] [INFO] [1785772213.855726587] [controller_server]: Passing new path to controller.
[rtabmap-46] [0m[INFO] [1785772214.218443293] [rtabmap]: rtabmap (108): Rate=1.00s, Limit=0.000s, Conversion=0.0010s, RTAB-Map=0.1494s, Maps update=0.0077s pub=0.0109s delay=0.0810s (local map=88, WM=88)[0m
[exploration_manager-60] [INFO] [1785772214.753974749] [exploration_manager]: === Exploration Step ===
[exploration_manager-60] [INFO] [1785772214.755433523] [exploration_manager]: Already navigating. elapsed=55.0s
[controller_server-48] [INFO] [1785772214.905720725] [controller_server]: Passing new path to controller.
[controller_server-48] [INFO] [1785772215.955741173] [controller_server]: Passing new path to controller.
[rtabmap-46] [0m[INFO] [1785772216.912124810] [rtabmap]: rtabmap (109): Rate=1.00s, Limit=0.000s, Conversion=0.0010s, RTAB-Map=0.1643s, Maps update=0.0087s pub=0.0114s delay=0.0960s (local map=89, WM=89)[0m
[controller_server-48] [INFO] [1785772217.005747515] [controller_server]: Passing new path to controller.
[controller_server-48] [INFO] [1785772218.005744943] [controller_server]: Passing new path to controller.
[controller_server-48] [INFO] [1785772219.055780495] [controller_server]: Passing new path to controller.
[rtabmap-46] [33m[ WARN] (2026-08-03 23:50:19.813) Rtabmap.cpp:8638::optimizeGraphWithCandidate() [ROVER_TEMP] Added temporary candidate 110 -> 57 poses=90 constraints=95[0m
[rtabmap-46] [33m[ WARN] (2026-08-03 23:50:19.831) Rtabmap.cpp:8800::optimizeGraphWithCandidate() [ROVER_TEMP] Temporary optimization success: optimized_poses=90 time=0.017742[0m
[rtabmap-46] [33m[ WARN] (2026-08-03 23:50:19.831) Rtabmap.cpp:3624::process() [ROVER_TEMP_RESULT] current=110 target=57 poses=90 constraints=95 error=2.994052 iterations=5 success=1[0m
[rtabmap-46] [33m[ WARN] (2026-08-03 23:50:19.831) Rtabmap.cpp:8825::roverAcceptLoop() [ROVER] Reject by RMSE 0.23193 > 0.08000[0m
[rtabmap-46] [33m[ WARN] (2026-08-03 23:50:19.831) Rtabmap.cpp:3772::process() [ROVER] REJECT current=110 target=57[0m
[rtabmap-46] [0m[INFO] [1785772219.858171739] [rtabmap]: rtabmap (110): Rate=1.00s, Limit=0.000s, Conversion=0.0010s, RTAB-Map=0.3012s, Maps update=0.0099s pub=0.0147s delay=0.1260s (local map=90, WM=90)[0m
[controller_server-48] [INFO] [1785772220.105741431] [controller_server]: Passing new path to controller.
[controller_server-48] [INFO] [1785772221.105744894] [controller_server]: Passing new path to controller.
[controller_server-48] [INFO] [1785772222.155741912] [controller_server]: Passing new path to controller.
[rtabmap-46] [33m[ WARN] (2026-08-03 23:50:22.712) Rtabmap.cpp:8638::optimizeGraphWithCandidate() [ROVER_TEMP] Added temporary candidate 111 -> 56 poses=91 constraints=96[0m
[rtabmap-46] [33m[ WARN] (2026-08-03 23:50:22.736) Rtabmap.cpp:8800::optimizeGraphWithCandidate() [ROVER_TEMP] Temporary optimization success: optimized_poses=91 time=0.024966[0m
[rtabmap-46] [33m[ WARN] (2026-08-03 23:50:22.736) Rtabmap.cpp:3624::process() [ROVER_TEMP_RESULT] current=111 target=56 poses=91 constraints=96 error=2.947197 iterations=9 success=1[0m
[rtabmap-46] [33m[ WARN] (2026-08-03 23:50:22.737) Rtabmap.cpp:8825::roverAcceptLoop() [ROVER] Reject by RMSE 0.22743 > 0.08000[0m
[rtabmap-46] [33m[ WARN] (2026-08-03 23:50:22.737) Rtabmap.cpp:3772::process() [ROVER] REJECT current=111 target=56[0m
[rtabmap-46] [0m[INFO] [1785772222.763268628] [rtabmap]: rtabmap (111): Rate=1.00s, Limit=0.000s, Conversion=0.0011s, RTAB-Map=0.2574s, Maps update=0.0091s pub=0.0149s delay=0.1200s (local map=91, WM=91)[0m
[controller_server-48] [INFO] [1785772223.205735336] [controller_server]: Passing new path to controller.
[controller_server-48] [INFO] [1785772224.255803557] [controller_server]: Passing new path to controller.
[controller_server-48] [INFO] [1785772225.255722158] [controller_server]: Passing new path to controller.
[rtabmap-46] [33m[ WARN] (2026-08-03 23:50:25.601) Rtabmap.cpp:8638::optimizeGraphWithCandidate() [ROVER_TEMP] Added temporary candidate 112 -> 57 poses=92 constraints=97[0m
[rtabmap-46] [33m[ WARN] (2026-08-03 23:50:25.626) Rtabmap.cpp:8800::optimizeGraphWithCandidate() [ROVER_TEMP] Temporary optimization success: optimized_poses=92 time=0.026042[0m
[rtabmap-46] [33m[ WARN] (2026-08-03 23:50:25.627) Rtabmap.cpp:3624::process() [ROVER_TEMP_RESULT] current=112 target=57 poses=92 constraints=97 error=2.953679 iterations=9 success=1[0m
[rtabmap-46] [33m[ WARN] (2026-08-03 23:50:25.627) Rtabmap.cpp:8825::roverAcceptLoop() [ROVER] Reject by RMSE 0.23084 > 0.08000[0m
[rtabmap-46] [33m[ WARN] (2026-08-03 23:50:25.627) Rtabmap.cpp:3772::process() [ROVER] REJECT current=112 target=57[0m
[rtabmap-46] [0m[INFO] [1785772225.648788816] [rtabmap]: rtabmap (112): Rate=1.00s, Limit=0.000s, Conversion=0.0009s, RTAB-Map=0.2227s, Maps update=0.0085s pub=0.0108s delay=0.1050s (local map=92, WM=92)[0m
[controller_server-48] [INFO] [1785772226.305741640] [controller_server]: Passing new path to controller.
[controller_server-48] [INFO] [1785772227.355738676] [controller_server]: Passing new path to controller.
[controller_server-48] [INFO] [1785772228.405731803] [controller_server]: Passing new path to controller.
[rtabmap-46] [33m[ WARN] (2026-08-03 23:50:28.720) Rtabmap.cpp:8638::optimizeGraphWithCandidate() [ROVER_TEMP] Added temporary candidate 113 -> 57 poses=93 constraints=98[0m
[rtabmap-46] [33m[ WARN] (2026-08-03 23:50:28.749) Rtabmap.cpp:8800::optimizeGraphWithCandidate() [ROVER_TEMP] Temporary optimization success: optimized_poses=93 time=0.029338[0m
[rtabmap-46] [33m[ WARN] (2026-08-03 23:50:28.749) Rtabmap.cpp:3624::process() [ROVER_TEMP_RESULT] current=113 target=57 poses=93 constraints=98 error=2.946923 iterations=9 success=1[0m
[rtabmap-46] [33m[ WARN] (2026-08-03 23:50:28.749) Rtabmap.cpp:8825::roverAcceptLoop() [ROVER] Reject by RMSE 0.22706 > 0.08000[0m
[rtabmap-46] [33m[ WARN] (2026-08-03 23:50:28.749) Rtabmap.cpp:3772::process() [ROVER] REJECT current=113 target=57[0m
[rtabmap-46] [0m[INFO] [1785772228.772310965] [rtabmap]: rtabmap (113): Rate=1.00s, Limit=0.000s, Conversion=0.0008s, RTAB-Map=0.2443s, Maps update=0.0085s pub=0.0124s delay=0.1140s (local map=93, WM=93)[0m
[exploration_manager-60] [INFO] [1785772229.020586935] [exploration_manager]: === Exploration Step ===
[exploration_manager-60] [INFO] [1785772229.021458476] [exploration_manager]: Already navigating. elapsed=60.0s
[controller_server-48] [INFO] [1785772229.405748289] [controller_server]: Passing new path to controller.
[controller_server-48] [INFO] [1785772230.455732747] [controller_server]: Passing new path to controller.
[controller_server-48] [INFO] [1785772231.505751275] [controller_server]: Passing new path to controller.
[rtabmap-46] [33m[ WARN] (2026-08-03 23:50:31.696) Rtabmap.cpp:8638::optimizeGraphWithCandidate() [ROVER_TEMP] Added temporary candidate 114 -> 57 poses=94 constraints=99[0m
[rtabmap-46] [33m[ WARN] (2026-08-03 23:50:31.712) Rtabmap.cpp:8800::optimizeGraphWithCandidate() [ROVER_TEMP] Temporary optimization success: optimized_poses=94 time=0.016173[0m
[rtabmap-46] [33m[ WARN] (2026-08-03 23:50:31.712) Rtabmap.cpp:3624::process() [ROVER_TEMP_RESULT] current=114 target=57 poses=94 constraints=99 error=2.965456 iterations=5 success=1[0m
[rtabmap-46] [33m[ WARN] (2026-08-03 23:50:31.713) Rtabmap.cpp:8825::roverAcceptLoop() [ROVER] Reject by RMSE 0.23538 > 0.08000[0m
[rtabmap-46] [33m[ WARN] (2026-08-03 23:50:31.713) Rtabmap.cpp:3772::process() [ROVER] REJECT current=114 target=57[0m
[rtabmap-46] [0m[INFO] [1785772231.739554733] [rtabmap]: rtabmap (114): Rate=1.00s, Limit=0.000s, Conversion=0.0010s, RTAB-Map=0.2842s, Maps update=0.0079s pub=0.0162s delay=0.1110s (local map=94, WM=94)[0m
[controller_server-48] [INFO] [1785772232.555748382] [controller_server]: Passing new path to controller.
[controller_server-48] [INFO] [1785772233.555719693] [controller_server]: Passing new path to controller.
[controller_server-48] [INFO] [1785772234.605748857] [controller_server]: Passing new path to controller.
[rtabmap-46] [33m[ WARN] (2026-08-03 23:50:34.971) Rtabmap.cpp:8638::optimizeGraphWithCandidate() [ROVER_TEMP] Added temporary candidate 115 -> 58 poses=95 constraints=100[0m
[rtabmap-46] [33m[ WARN] (2026-08-03 23:50:34.998) Rtabmap.cpp:8800::optimizeGraphWithCandidate() [ROVER_TEMP] Temporary optimization success: optimized_poses=95 time=0.028129[0m
[rtabmap-46] [33m[ WARN] (2026-08-03 23:50:34.999) Rtabmap.cpp:3624::process() [ROVER_TEMP_RESULT] current=115 target=58 poses=95 constraints=100 error=2.959102 iterations=10 success=1[0m
[rtabmap-46] [33m[ WARN] (2026-08-03 23:50:34.999) Rtabmap.cpp:8825::roverAcceptLoop() [ROVER] Reject by RMSE 0.23590 > 0.08000[0m
[rtabmap-46] [33m[ WARN] (2026-08-03 23:50:34.999) Rtabmap.cpp:3772::process() [ROVER] REJECT current=115 target=58[0m
[rtabmap-46] [0m[INFO] [1785772235.022924331] [rtabmap]: rtabmap (115): Rate=1.00s, Limit=0.000s, Conversion=0.0007s, RTAB-Map=0.3555s, Maps update=0.0105s pub=0.0112s delay=0.1380s (local map=95, WM=95)[0m
[controller_server-48] [INFO] [1785772235.655752721] [controller_server]: Passing new path to controller.
[controller_server-48] [INFO] [1785772236.705736637] [controller_server]: Passing new path to controller.
[controller_server-48] [INFO] [1785772237.705721896] [controller_server]: Passing new path to controller.
[rtabmap-46] [33m[ WARN] (2026-08-03 23:50:38.148) Rtabmap.cpp:8638::optimizeGraphWithCandidate() [ROVER_TEMP] Added temporary candidate 116 -> 58 poses=96 constraints=101[0m
[rtabmap-46] [33m[ WARN] (2026-08-03 23:50:38.172) Rtabmap.cpp:8800::optimizeGraphWithCandidate() [ROVER_TEMP] Temporary optimization success: optimized_poses=96 time=0.024976[0m
[rtabmap-46] [33m[ WARN] (2026-08-03 23:50:38.172) Rtabmap.cpp:3624::process() [ROVER_TEMP_RESULT] current=116 target=58 poses=96 constraints=101 error=2.962073 iterations=9 success=1[0m
[rtabmap-46] [33m[ WARN] (2026-08-03 23:50:38.172) Rtabmap.cpp:8825::roverAcceptLoop() [ROVER] Reject by RMSE 0.23947 > 0.08000[0m
[rtabmap-46] [33m[ WARN] (2026-08-03 23:50:38.172) Rtabmap.cpp:3772::process() [ROVER] REJECT current=116 target=58[0m
[rtabmap-46] [0m[INFO] [1785772238.200379226] [rtabmap]: rtabmap (116): Rate=1.00s, Limit=0.000s, Conversion=0.0007s, RTAB-Map=0.3835s, Maps update=0.0109s pub=0.0143s delay=0.1350s (local map=96, WM=96)[0m
[controller_server-48] [INFO] [1785772238.331847051] [local_costmap.local_costmap]: StaticLayer: Resizing static layer to 277 X 335 at 0.050000 m/pix
[planner_server-50] [INFO] [1785772238.568302696] [global_costmap.global_costmap]: StaticLayer: Resizing costmap to 277 X 335 at 0.050000 m/pix
[controller_server-48] [INFO] [1785772238.755721517] [controller_server]: Passing new path to controller.
[controller_server-48] [INFO] [1785772239.805750025] [controller_server]: Passing new path to controller.
[controller_server-48] [INFO] [1785772240.855740921] [controller_server]: Passing new path to controller.
[rtabmap-46] [33m[ WARN] (2026-08-03 23:50:41.735) Rtabmap.cpp:8638::optimizeGraphWithCandidate() [ROVER_TEMP] Added temporary candidate 117 -> 59 poses=97 constraints=102[0m
[rtabmap-46] [33m[ WARN] (2026-08-03 23:50:41.777) Rtabmap.cpp:8800::optimizeGraphWithCandidate() [ROVER_TEMP] Temporary optimization success: optimized_poses=97 time=0.041913[0m
[rtabmap-46] [33m[ WARN] (2026-08-03 23:50:41.777) Rtabmap.cpp:3624::process() [ROVER_TEMP_RESULT] current=117 target=59 poses=97 constraints=102 error=2.968652 iterations=10 success=1[0m
[rtabmap-46] [33m[ WARN] (2026-08-03 23:50:41.777) Rtabmap.cpp:8825::roverAcceptLoop() [ROVER] Reject by RMSE 0.23975 > 0.08000[0m
[rtabmap-46] [33m[ WARN] (2026-08-03 23:50:41.777) Rtabmap.cpp:3772::process() [ROVER] REJECT current=117 target=59[0m
[rtabmap-46] [0m[INFO] [1785772241.817348622] [rtabmap]: rtabmap (117): Rate=1.00s, Limit=0.000s, Conversion=0.0014s, RTAB-Map=0.5579s, Maps update=0.0171s pub=0.0193s delay=0.1590s (local map=97, WM=97)[0m
[controller_server-48] [INFO] [1785772241.855735553] [controller_server]: Passing new path to controller.
[controller_server-48] [INFO] [1785772241.931899094] [local_costmap.local_costmap]: StaticLayer: Resizing static layer to 282 X 335 at 0.050000 m/pix
[planner_server-50] [INFO] [1785772242.568309136] [global_costmap.global_costmap]: StaticLayer: Resizing costmap to 282 X 335 at 0.050000 m/pix
[controller_server-48] [INFO] [1785772242.905749969] [controller_server]: Passing new path to controller.
[controller_server-48] [INFO] [1785772243.955773170] [controller_server]: Passing new path to controller.
[controller_server-48] [INFO] [1785772245.005728057] [controller_server]: Passing new path to controller.
[exploration_manager-60] [INFO] [1785772245.038560478] [exploration_manager]: === Exploration Step ===
[exploration_manager-60] [INFO] [1785772245.039684382] [exploration_manager]: Already navigating. elapsed=65.0s
[exploration_manager-60] [WARN] [1785772245.040984491] [exploration_manager]: Navigation timeout. Canceling current goal.
[controller_server-48] [INFO] [1785772245.055726774] [controller_server]: Cancellation was successful. Stopping the robot.
[controller_server-48] [INFO] [1785772245.055808244] [controller_server]: [follow_path] [ActionServer] Client requested to cancel the goal. Cancelling.
[bt_navigator-53] [INFO] [1785772245.056311904] [bt_navigator]: [navigate_to_pose] [ActionServer] Client requested to cancel the goal. Cancelling.
[bt_navigator-53] [INFO] [1785772245.056770846] [bt_navigator]: Goal canceled
[controller_server-48] [INFO] [1785772245.056871184] [controller_server]: Optimizer reset
[exploration_manager-60] [INFO] [1785772245.059385826] [exploration_manager]: Navigation finished. status=5, error_code=0, error_msg=
[rtabmap-46] [33m[ WARN] (2026-08-03 23:50:45.164) Rtabmap.cpp:8638::optimizeGraphWithCandidate() [ROVER_TEMP] Added temporary candidate 118 -> 59 poses=98 constraints=103[0m
[rtabmap-46] [33m[ WARN] (2026-08-03 23:50:45.181) Rtabmap.cpp:8800::optimizeGraphWithCandidate() [ROVER_TEMP] Temporary optimization success: optimized_poses=98 time=0.018107[0m
[rtabmap-46] [33m[ WARN] (2026-08-03 23:50:45.181) Rtabmap.cpp:3624::process() [ROVER_TEMP_RESULT] current=118 target=59 poses=98 constraints=103 error=2.970308 iterations=5 success=1[0m
[rtabmap-46] [33m[ WARN] (2026-08-03 23:50:45.182) Rtabmap.cpp:8825::roverAcceptLoop() [ROVER] Reject by RMSE 0.24059 > 0.08000[0m
[rtabmap-46] [33m[ WARN] (2026-08-03 23:50:45.182) Rtabmap.cpp:3772::process() [ROVER] REJECT current=118 target=59[0m
[rtabmap-46] [0m[INFO] [1785772245.204001084] [rtabmap]: rtabmap (118): Rate=1.00s, Limit=0.000s, Conversion=0.0008s, RTAB-Map=0.3446s, Maps update=0.0088s pub=0.0112s delay=0.1320s (local map=98, WM=98)[0m
[controller_server-48] [INFO] [1785772245.331806721] [local_costmap.local_costmap]: StaticLayer: Resizing static layer to 286 X 335 at 0.050000 m/pix
[planner_server-50] [INFO] [1785772245.568261550] [global_costmap.global_costmap]: StaticLayer: Resizing costmap to 286 X 335 at 0.050000 m/pix
[gazebo-1] [WARN] [1785772246.564657604] [diffdrive_controller]: Ignoring the received message (timestamp 120.0120000000) because it is older than the current time by 0.5130000000 seconds, which exceeds the allowed timeout (0.5000)
[gazebo-1] [WARN] [1785772246.662743574] [diffdrive_controller]: Ignoring the received message (timestamp 120.0120000000) because it is older than the current time by 0.5400000000 seconds, which exceeds the allowed timeout (0.5000)
[gazebo-1] [WARN] [1785772246.703300485] [diffdrive_controller]: Ignoring the received message (timestamp 120.0120000000) because it is older than the current time by 0.5640000000 seconds, which exceeds the allowed timeout (0.5000)
[gazebo-1] [WARN] [1785772246.793508732] [diffdrive_controller]: Ignoring the received message (timestamp 120.0120000000) because it is older than the current time by 0.5880000000 seconds, which exceeds the allowed timeout (0.5000)
[gazebo-1] [WARN] [1785772246.880631029] [diffdrive_controller]: Ignoring the received message (timestamp 120.0120000000) because it is older than the current time by 0.6150000000 seconds, which exceeds the allowed timeout (0.5000)
[gazebo-1] [WARN] [1785772246.963657305] [diffdrive_controller]: Ignoring the received message (timestamp 120.0120000000) because it is older than the current time by 0.6390000000 seconds, which exceeds the allowed timeout (0.5000)
[gazebo-1] [WARN] [1785772247.001210281] [diffdrive_controller]: Ignoring the received message (timestamp 120.0120000000) because it is older than the current time by 0.6630000000 seconds, which exceeds the allowed timeout (0.5000)
[gazebo-1] [WARN] [1785772247.079920059] [diffdrive_controller]: Ignoring the received message (timestamp 120.0120000000) because it is older than the current time by 0.6900000000 seconds, which exceeds the allowed timeout (0.5000)
[gazebo-1] [WARN] [1785772247.168995906] [diffdrive_controller]: Ignoring the received message (timestamp 120.0120000000) because it is older than the current time by 0.7140000000 seconds, which exceeds the allowed timeout (0.5000)
[gazebo-1] [WARN] [1785772247.242648737] [diffdrive_controller]: Ignoring the received message (timestamp 120.0120000000) because it is older than the current time by 0.7380000000 seconds, which exceeds the allowed timeout (0.5000)
[gazebo-1] [WARN] [1785772247.310160831] [diffdrive_controller]: Ignoring the received message (timestamp 120.0120000000) because it is older than the current time by 0.7650000000 seconds, which exceeds the allowed timeout (0.5000)
[gazebo-1] [WARN] [1785772247.380938740] [diffdrive_controller]: Ignoring the received message (timestamp 120.0120000000) because it is older than the current time by 0.7890000000 seconds, which exceeds the allowed timeout (0.5000)
[gazebo-1] [WARN] [1785772247.471161361] [diffdrive_controller]: Ignoring the received message (timestamp 120.0120000000) because it is older than the current time by 0.8130000000 seconds, which exceeds the allowed timeout (0.5000)
[gazebo-1] [WARN] [1785772247.564256924] [diffdrive_controller]: Ignoring the received message (timestamp 120.0120000000) because it is older than the current time by 0.8400000000 seconds, which exceeds the allowed timeout (0.5000)
[gazebo-1] [WARN] [1785772247.616358836] [diffdrive_controller]: Ignoring the received message (timestamp 120.0120000000) because it is older than the current time by 0.8640000000 seconds, which exceeds the allowed timeout (0.5000)
[gazebo-1] [WARN] [1785772247.702211385] [diffdrive_controller]: Ignoring the received message (timestamp 120.0120000000) because it is older than the current time by 0.8880000000 seconds, which exceeds the allowed timeout (0.5000)
[gazebo-1] [WARN] [1785772247.761692070] [diffdrive_controller]: Ignoring the received message (timestamp 120.0120000000) because it is older than the current time by 0.9150000000 seconds, which exceeds the allowed timeout (0.5000)
[gazebo-1] [WARN] [1785772247.836794391] [diffdrive_controller]: Ignoring the received message (timestamp 120.0120000000) because it is older than the current time by 0.9390000000 seconds, which exceeds the allowed timeout (0.5000)
[gazebo-1] [WARN] [1785772247.895279574] [diffdrive_controller]: Ignoring the received message (timestamp 120.0120000000) because it is older than the current time by 0.9630000000 seconds, which exceeds the allowed timeout (0.5000)
[gazebo-1] [WARN] [1785772247.983574448] [diffdrive_controller]: Ignoring the received message (timestamp 120.0120000000) because it is older than the current time by 0.9900000000 seconds, which exceeds the allowed timeout (0.5000)
[gazebo-1] [WARN] [1785772248.045366332] [diffdrive_controller]: Ignoring the received message (timestamp 120.0120000000) because it is older than the current time by 1.0140000000 seconds, which exceeds the allowed timeout (0.5000)
[rtabmap-46] [33m[ WARN] (2026-08-03 23:50:48.158) Rtabmap.cpp:8638::optimizeGraphWithCandidate() [ROVER_TEMP] Added temporary candidate 119 -> 59 poses=99 constraints=104[0m
[gazebo-1] [WARN] [1785772248.165300088] [diffdrive_controller]: Ignoring the received message (timestamp 120.0120000000) because it is older than the current time by 1.0380000000 seconds, which exceeds the allowed timeout (0.5000)
[rtabmap-46] [33m[ WARN] (2026-08-03 23:50:48.169) Rtabmap.cpp:8800::optimizeGraphWithCandidate() [ROVER_TEMP] Temporary optimization success: optimized_poses=99 time=0.011327[0m
[rtabmap-46] [33m[ WARN] (2026-08-03 23:50:48.169) Rtabmap.cpp:3624::process() [ROVER_TEMP_RESULT] current=119 target=59 poses=99 constraints=104 error=2.946430 iterations=3 success=1[0m
[rtabmap-46] [33m[ WARN] (2026-08-03 23:50:48.169) Rtabmap.cpp:8825::roverAcceptLoop() [ROVER] Reject by RMSE 0.23356 > 0.08000[0m
[rtabmap-46] [33m[ WARN] (2026-08-03 23:50:48.169) Rtabmap.cpp:3772::process() [ROVER] REJECT current=119 target=59[0m
[rtabmap-46] [0m[INFO] [1785772248.179341047] [rtabmap]: rtabmap (119): Rate=1.00s, Limit=0.000s, Conversion=0.0007s, RTAB-Map=0.2904s, Maps update=0.0059s pub=0.0015s delay=0.1110s (local map=98, WM=98)[0m
[gazebo-1] [WARN] [1785772248.233674062] [diffdrive_controller]: Ignoring the received message (timestamp 120.0120000000) because it is older than the current time by 1.0650000000 seconds, which exceeds the allowed timeout (0.5000)
[gazebo-1] [WARN] [1785772248.305393487] [diffdrive_controller]: Ignoring the received message (timestamp 120.0120000000) because it is older than the current time by 1.0890000000 seconds, which exceeds the allowed timeout (0.5000)
[gazebo-1] [WARN] [1785772248.382147066] [diffdrive_controller]: Ignoring the received message (timestamp 120.0120000000) because it is older than the current time by 1.1130000000 seconds, which exceeds the allowed timeout (0.5000)
[gazebo-1] [WARN] [1785772248.451560510] [diffdrive_controller]: Ignoring the received message (timestamp 120.0120000000) because it is older than the current time by 1.1400000000 seconds, which exceeds the allowed timeout (0.5000)
[gazebo-1] [WARN] [1785772248.495812683] [diffdrive_controller]: Ignoring the received message (timestamp 120.0120000000) because it is older than the current time by 1.1640000000 seconds, which exceeds the allowed timeout (0.5000)
[gazebo-1] [WARN] [1785772248.555339934] [diffdrive_controller]: Ignoring the received message (timestamp 120.0120000000) because it is older than the current time by 1.1850000000 seconds, which exceeds the allowed timeout (0.5000)
[gazebo-1] [WARN] [1785772248.626158562] [diffdrive_controller]: Ignoring the received message (timestamp 120.0120000000) because it is older than the current time by 1.2150000000 seconds, which exceeds the allowed timeout (0.5000)
[gazebo-1] [WARN] [1785772248.699150573] [diffdrive_controller]: Ignoring the received message (timestamp 120.0120000000) because it is older than the current time by 1.2390000000 seconds, which exceeds the allowed timeout (0.5000)
[gazebo-1] [WARN] [1785772248.744602811] [diffdrive_controller]: Ignoring the received message (timestamp 120.0120000000) because it is older than the current time by 1.2630000000 seconds, which exceeds the allowed timeout (0.5000)
[gazebo-1] [WARN] [1785772248.822774659] [diffdrive_controller]: Ignoring the received message (timestamp 120.0120000000) because it is older than the current time by 1.2900000000 seconds, which exceeds the allowed timeout (0.5000)
[gazebo-1] [WARN] [1785772248.886794941] [diffdrive_controller]: Ignoring the received message (timestamp 120.0120000000) because it is older than the current time by 1.3140000000 seconds, which exceeds the allowed timeout (0.5000)
[gazebo-1] [WARN] [1785772248.954646841] [diffdrive_controller]: Ignoring the received message (timestamp 120.0120000000) because it is older than the current time by 1.3380000000 seconds, which exceeds the allowed timeout (0.5000)
[gazebo-1] [WARN] [1785772249.024289426] [diffdrive_controller]: Ignoring the received message (timestamp 120.0120000000) because it is older than the current time by 1.3650000000 seconds, which exceeds the allowed timeout (0.5000)
[gazebo-1] [WARN] [1785772249.079896184] [diffdrive_controller]: Ignoring the received message (timestamp 120.0120000000) because it is older than the current time by 1.3890000000 seconds, which exceeds the allowed timeout (0.5000)
[gazebo-1] [WARN] [1785772249.137260052] [diffdrive_controller]: Ignoring the received message (timestamp 120.0120000000) because it is older than the current time by 1.4130000000 seconds, which exceeds the allowed timeout (0.5000)
[gazebo-1] [WARN] [1785772249.205970875] [diffdrive_controller]: Ignoring the received message (timestamp 120.0120000000) because it is older than the current time by 1.4400000000 seconds, which exceeds the allowed timeout (0.5000)
[gazebo-1] [WARN] [1785772249.275934232] [diffdrive_controller]: Ignoring the received message (timestamp 120.0120000000) because it is older than the current time by 1.4640000000 seconds, which exceeds the allowed timeout (0.5000)
[gazebo-1] [WARN] [1785772249.328462790] [diffdrive_controller]: Ignoring the received message (timestamp 120.0120000000) because it is older than the current time by 1.4880000000 seconds, which exceeds the allowed timeout (0.5000)
[rtabmap-46] [33m[ WARN] (2026-08-03 23:50:51.034) Rtabmap.cpp:8638::optimizeGraphWithCandidate() [ROVER_TEMP] Added temporary candidate 120 -> 59 poses=99 constraints=104[0m
[rtabmap-46] [33m[ WARN] (2026-08-03 23:50:51.062) Rtabmap.cpp:8800::optimizeGraphWithCandidate() [ROVER_TEMP] Temporary optimization success: optimized_poses=99 time=0.028450[0m
[rtabmap-46] [33m[ WARN] (2026-08-03 23:50:51.062) Rtabmap.cpp:3624::process() [ROVER_TEMP_RESULT] current=120 target=59 poses=99 constraints=104 error=3.038685 iterations=10 success=1[0m
[rtabmap-46] [33m[ WARN] (2026-08-03 23:50:51.062) Rtabmap.cpp:8825::roverAcceptLoop() [ROVER] Reject by RMSE 0.23239 > 0.08000[0m
[rtabmap-46] [33m[ WARN] (2026-08-03 23:50:51.062) Rtabmap.cpp:3772::process() [ROVER] REJECT current=120 target=59[0m
[rtabmap-46] [0m[INFO] [1785772251.072367947] [rtabmap]: rtabmap (120): Rate=1.00s, Limit=0.000s, Conversion=0.0007s, RTAB-Map=0.3398s, Maps update=0.0059s pub=0.0016s delay=0.1320s (local map=98, WM=98)[0m
[rtabmap-46] [33m[ WARN] (2026-08-03 23:50:54.344) Rtabmap.cpp:8638::optimizeGraphWithCandidate() [ROVER_TEMP] Added temporary candidate 121 -> 59 poses=99 constraints=104[0m
[rtabmap-46] [33m[ WARN] (2026-08-03 23:50:54.355) Rtabmap.cpp:8800::optimizeGraphWithCandidate() [ROVER_TEMP] Temporary optimization success: optimized_poses=99 time=0.012470[0m
[rtabmap-46] [33m[ WARN] (2026-08-03 23:50:54.356) Rtabmap.cpp:3624::process() [ROVER_TEMP_RESULT] current=121 target=59 poses=99 constraints=104 error=2.960320 iterations=3 success=1[0m
[rtabmap-46] [33m[ WARN] (2026-08-03 23:50:54.356) Rtabmap.cpp:8825::roverAcceptLoop() [ROVER] Reject by RMSE 0.23032 > 0.08000[0m
[rtabmap-46] [33m[ WARN] (2026-08-03 23:50:54.356) Rtabmap.cpp:3772::process() [ROVER] REJECT current=121 target=59[0m
[rtabmap-46] [0m[INFO] [1785772254.367306561] [rtabmap]: rtabmap (121): Rate=1.00s, Limit=0.000s, Conversion=0.0009s, RTAB-Map=0.3332s, Maps update=0.0064s pub=0.0021s delay=0.1290s (local map=98, WM=98)[0m
[rtabmap-46] [33m[ WARN] (2026-08-03 23:50:57.515) Rtabmap.cpp:8638::optimizeGraphWithCandidate() [ROVER_TEMP] Added temporary candidate 122 -> 59 poses=99 constraints=104[0m
[rtabmap-46] [33m[ WARN] (2026-08-03 23:50:57.530) Rtabmap.cpp:8800::optimizeGraphWithCandidate() [ROVER_TEMP] Temporary optimization success: optimized_poses=99 time=0.015579[0m
[rtabmap-46] [33m[ WARN] (2026-08-03 23:50:57.530) Rtabmap.cpp:3624::process() [ROVER_TEMP_RESULT] current=122 target=59 poses=99 constraints=104 error=2.987805 iterations=5 success=1[0m
[rtabmap-46] [33m[ WARN] (2026-08-03 23:50:57.530) Rtabmap.cpp:8825::roverAcceptLoop() [ROVER] Reject by RMSE 0.24295 > 0.08000[0m
[rtabmap-46] [33m[ WARN] (2026-08-03 23:50:57.530) Rtabmap.cpp:3772::process() [ROVER] REJECT current=122 target=59[0m
[rtabmap-46] [0m[INFO] [1785772257.542106552] [rtabmap]: rtabmap (122): Rate=1.00s, Limit=0.000s, Conversion=0.0007s, RTAB-Map=0.3245s, Maps update=0.0069s pub=0.0018s delay=0.1410s (local map=98, WM=98)[0m
[exploration_manager-60] [INFO] [1785772260.130487028] [exploration_manager]: === Exploration Step ===
[exploration_manager-60] [INFO] [1785772260.135705816] [exploration_manager]: Calling compute_next_goal()
[exploration_manager-60] [INFO] [1785772260.136983875] [exploration_manager]: DEBUG: compute_next_goal entered
[exploration_manager-60] [INFO] [1785772260.153608108] [exploration_manager]: Map stats: width=286, height=335, free=53323, occupied=2227, unknown=40260
[exploration_manager-60] [INFO] [1785772260.321863331] [exploration_manager]: Frontier cluster candidate: size=479, unknown=844, distance=7.91, revisit_penalty=0.0, score=860.70, goal=(-2.00, -10.12)
[exploration_manager-60] [INFO] [1785772260.324842920] [exploration_manager]: Frontier cluster candidate: size=30, unknown=1304, distance=8.79, revisit_penalty=0.0, score=1222.08, goal=(-5.10, -8.97)
[exploration_manager-60] [INFO] [1785772260.327167672] [exploration_manager]: Frontier cluster candidate: size=26, unknown=1299, distance=5.37, revisit_penalty=0.0, score=1250.55, goal=(-0.05, -8.12)
[exploration_manager-60] [INFO] [1785772260.330039845] [exploration_manager]: Frontier cluster candidate: size=264, unknown=1132, distance=5.02, revisit_penalty=0.0, score=1134.61, goal=(3.70, -7.32)
[exploration_manager-60] [INFO] [1785772260.332713867] [exploration_manager]: Frontier cluster candidate: size=39, unknown=1462, distance=8.88, revisit_penalty=0.0, score=1381.04, goal=(-6.25, -7.62)
[exploration_manager-60] [INFO] [1785772260.335192881] [exploration_manager]: Frontier cluster candidate: size=22, unknown=876, distance=4.30, revisit_penalty=500.0, score=337.41, goal=(0.15, -7.07)
[exploration_manager-60] [INFO] [1785772260.337404185] [exploration_manager]: Frontier cluster candidate: size=27, unknown=1041, distance=8.43, revisit_penalty=0.0, score=962.05, goal=(-6.30, -6.62)
[exploration_manager-60] [INFO] [1785772260.339653421] [exploration_manager]: Frontier cluster candidate: size=26, unknown=452, distance=3.42, revisit_penalty=500.0, score=-76.98, goal=(-0.45, -5.87)
[exploration_manager-60] [INFO] [1785772260.341531966] [exploration_manager]: Frontier cluster candidate: size=27, unknown=1050, distance=8.52, revisit_penalty=0.0, score=970.20, goal=(-6.80, -5.62)
[exploration_manager-60] [INFO] [1785772260.343890009] [exploration_manager]: Frontier cluster candidate: size=21, unknown=247, distance=3.41, revisit_penalty=0.0, score=217.05, goal=(-1.15, -5.32)
[exploration_manager-60] [INFO] [1785772260.347800712] [exploration_manager]: Frontier cluster candidate: size=123, unknown=1082, distance=4.52, revisit_penalty=0.0, score=1061.36, goal=(5.55, -4.42)
[exploration_manager-60] [INFO] [1785772260.351686556] [exploration_manager]: Frontier cluster candidate: size=533, unknown=868, distance=7.79, revisit_penalty=0.0, score=896.75, goal=(-6.50, -3.17)
[exploration_manager-60] [INFO] [1785772260.355244277] [exploration_manager]: Frontier cluster candidate: size=25, unknown=1257, distance=4.57, revisit_penalty=0.0, score=1216.27, goal=(5.65, -1.57)
[exploration_manager-60] [INFO] [1785772260.359146293] [exploration_manager]: Frontier cluster candidate: size=61, unknown=1169, distance=4.21, revisit_penalty=0.0, score=1139.09, goal=(4.90, -0.77)
[exploration_manager-60] [INFO] [1785772260.362908871] [exploration_manager]: Frontier cluster candidate: size=48, unknown=43, distance=3.08, revisit_penalty=500.0, score=-478.24, goal=(-0.45, -0.37)
[exploration_manager-60] [INFO] [1785772260.366520481] [exploration_manager]: Frontier cluster candidate: size=38, unknown=965, distance=4.26, revisit_penalty=0.0, score=930.02, goal=(4.35, 0.03)
[exploration_manager-60] [INFO] [1785772260.370743270] [exploration_manager]: Frontier cluster candidate: size=1161, unknown=516, distance=6.20, revisit_penalty=0.0, score=686.16, goal=(1.15, 3.28)
[exploration_manager-60] [INFO] [1785772260.375192466] [exploration_manager]: Frontier cluster candidate: size=926, unknown=530, distance=7.08, revisit_penalty=0.0, score=644.41, goal=(-2.55, 3.03)
[exploration_manager-60] [INFO] [1785772260.378599950] [exploration_manager]: Frontier cluster candidate: size=32, unknown=41, distance=4.39, revisit_penalty=0.0, score=3.46, goal=(-0.00, 1.28)
[exploration_manager-60] [INFO] [1785772260.381138666] [exploration_manager]: Frontier cluster candidate: size=73, unknown=68, distance=5.14, revisit_penalty=0.0, score=31.22, goal=(-1.10, 1.63)
[exploration_manager-60] [INFO] [1785772260.383418814] [exploration_manager]: Frontier cluster candidate: size=55, unknown=845, distance=6.19, revisit_penalty=0.0, score=794.08, goal=(2.80, 3.08)
[exploration_manager-60] [INFO] [1785772260.385647080] [exploration_manager]: Frontier cluster candidate: size=24, unknown=747, distance=7.26, revisit_penalty=0.0, score=679.22, goal=(-1.25, 3.88)
[exploration_manager-60] [INFO] [1785772260.386795596] [exploration_manager]: Frontier candidates=4702, clusters=131, valid_clusters=22
[exploration_manager-60] [INFO] [1785772260.387413068] [exploration_manager]: DEBUG: calling visualize_debug()
[rtabmap-46] [33m[ WARN] (2026-08-03 23:51:00.686) Rtabmap.cpp:8638::optimizeGraphWithCandidate() [ROVER_TEMP] Added temporary candidate 123 -> 59 poses=99 constraints=104[0m
[rtabmap-46] [33m[ WARN] (2026-08-03 23:51:00.702) Rtabmap.cpp:8800::optimizeGraphWithCandidate() [ROVER_TEMP] Temporary optimization success: optimized_poses=99 time=0.017236[0m
[rtabmap-46] [33m[ WARN] (2026-08-03 23:51:00.703) Rtabmap.cpp:3624::process() [ROVER_TEMP_RESULT] current=123 target=59 poses=99 constraints=104 error=3.042117 iterations=5 success=1[0m
[rtabmap-46] [33m[ WARN] (2026-08-03 23:51:00.703) Rtabmap.cpp:8825::roverAcceptLoop() [ROVER] Reject by RMSE 0.23961 > 0.08000[0m
[rtabmap-46] [33m[ WARN] (2026-08-03 23:51:00.703) Rtabmap.cpp:3772::process() [ROVER] REJECT current=123 target=59[0m
[rtabmap-46] [0m[INFO] [1785772260.715296119] [rtabmap]: rtabmap (123): Rate=1.00s, Limit=0.000s, Conversion=0.0008s, RTAB-Map=0.3588s, Maps update=0.0061s pub=0.0026s delay=0.1290s (local map=98, WM=98)[0m
[exploration_manager-60] [INFO] [1785772261.000796957] [exploration_manager]: Debug map saved to: /home/tsehsun/frontier_debug/frontier_debug_latest.png
[exploration_manager-60] [INFO] [1785772261.002670495] [exploration_manager]: Best frontier cluster selected: cluster_size=39, unknown=1462, score=1381.04, x=-6.25, y=-7.62, dist=8.88
[exploration_manager-60] [INFO] [1785772261.005433097] [exploration_manager]: Goal generated successfully.
[exploration_manager-60] [INFO] [1785772261.006881911] [exploration_manager]: Sending frontier goal to Nav2: x=-6.25, y=-7.62
[bt_navigator-53] [INFO] [1785772261.008391444] [bt_navigator]: Begin navigating from current location (1.28, -2.92) to (-6.25, -7.62)
[exploration_manager-60] [INFO] [1785772261.011708234] [exploration_manager]: Navigation goal accepted.
[controller_server-48] [INFO] [1785772261.040173721] [controller_server]: Received a goal, begin computing control effort.
[controller_server-48] [WARN] [1785772261.101698096] [controller_server]: Control loop missed its desired rate of 20.0000 Hz. Current loop rate is 83.3333 Hz.
[controller_server-48] [WARN] [1785772261.233705683] [controller_server]: Control loop missed its desired rate of 20.0000 Hz. Current loop rate is 66.6667 Hz.
[controller_server-48] [WARN] [1785772261.366337544] [controller_server]: Control loop missed its desired rate of 20.0000 Hz. Current loop rate is 66.6667 Hz.
[controller_server-48] [WARN] [1785772261.477971918] [controller_server]: Control loop missed its desired rate of 20.0000 Hz. Current loop rate is 83.3333 Hz.
[controller_server-48] [WARN] [1785772261.599524533] [controller_server]: Control loop missed its desired rate of 20.0000 Hz. Current loop rate is 111.1111 Hz.
[controller_server-48] [WARN] [1785772261.731287773] [controller_server]: Control loop missed its desired rate of 20.0000 Hz. Current loop rate is 83.3333 Hz.
[controller_server-48] [WARN] [1785772261.863119000] [controller_server]: Control loop missed its desired rate of 20.0000 Hz. Current loop rate is 66.6667 Hz.
[controller_server-48] [INFO] [1785772262.113337486] [controller_server]: Passing new path to controller.
[controller_server-48] [WARN] [1785772262.724432564] [controller_server]: Control loop missed its desired rate of 20.0000 Hz. Current loop rate is 66.6667 Hz.
[controller_server-48] [WARN] [1785772262.775847114] [controller_server]: Control loop missed its desired rate of 20.0000 Hz. Current loop rate is 55.5556 Hz.
[controller_server-48] [WARN] [1785772262.838651298] [controller_server]: Control loop missed its desired rate of 20.0000 Hz. Current loop rate is 66.6667 Hz.
[controller_server-48] [WARN] [1785772262.890045520] [controller_server]: Control loop missed its desired rate of 20.0000 Hz. Current loop rate is 66.6667 Hz.
[controller_server-48] [WARN] [1785772262.951432475] [controller_server]: Control loop missed its desired rate of 20.0000 Hz. Current loop rate is 55.5556 Hz.
[controller_server-48] [WARN] [1785772263.122893566] [controller_server]: Control loop missed its desired rate of 20.0000 Hz. Current loop rate is 66.6667 Hz.
[controller_server-48] [INFO] [1785772263.122988380] [controller_server]: Passing new path to controller.
[controller_server-48] [WARN] [1785772263.234152847] [controller_server]: Control loop missed its desired rate of 20.0000 Hz. Current loop rate is 55.5556 Hz.
[controller_server-48] [WARN] [1785772263.336107699] [controller_server]: Control loop missed its desired rate of 20.0000 Hz. Current loop rate is 66.6667 Hz.
[controller_server-48] [WARN] [1785772263.437486507] [controller_server]: Control loop missed its desired rate of 20.0000 Hz. Current loop rate is 55.5556 Hz.
[controller_server-48] [WARN] [1785772263.938666244] [controller_server]: Control loop missed its desired rate of 20.0000 Hz. Current loop rate is 83.3333 Hz.
[rtabmap-46] [33m[ WARN] (2026-08-03 23:51:04.118) Rtabmap.cpp:8638::optimizeGraphWithCandidate() [ROVER_TEMP] Added temporary candidate 124 -> 59 poses=99 constraints=104[0m
[rtabmap-46] [33m[ WARN] (2026-08-03 23:51:04.134) Rtabmap.cpp:8800::optimizeGraphWithCandidate() [ROVER_TEMP] Temporary optimization success: optimized_poses=99 time=0.016262[0m
[rtabmap-46] [33m[ WARN] (2026-08-03 23:51:04.134) Rtabmap.cpp:3624::process() [ROVER_TEMP_RESULT] current=124 target=59 poses=99 constraints=104 error=2.964855 iterations=5 success=1[0m
[rtabmap-46] [33m[ WARN] (2026-08-03 23:51:04.135) Rtabmap.cpp:8825::roverAcceptLoop() [ROVER] Reject by RMSE 0.24548 > 0.08000[0m
[rtabmap-46] [33m[ WARN] (2026-08-03 23:51:04.135) Rtabmap.cpp:3772::process() [ROVER] REJECT current=124 target=59[0m
[rtabmap-46] [0m[INFO] [1785772264.157715791] [rtabmap]: rtabmap (124): Rate=1.00s, Limit=0.000s, Conversion=0.0008s, RTAB-Map=0.2494s, Maps update=0.0077s pub=0.0130s delay=0.1110s (local map=99, WM=99)[0m
[controller_server-48] [INFO] [1785772264.188805112] [controller_server]: Passing new path to controller.
[controller_server-48] [WARN] [1785772265.100225157] [controller_server]: Control loop missed its desired rate of 20.0000 Hz. Current loop rate is 47.6190 Hz.
[controller_server-48] [INFO] [1785772265.200403937] [controller_server]: Passing new path to controller.
[controller_server-48] [WARN] [1785772265.401626094] [controller_server]: Control loop missed its desired rate of 20.0000 Hz. Current loop rate is 66.6667 Hz.
[controller_server-48] [WARN] [1785772265.503488414] [controller_server]: Control loop missed its desired rate of 20.0000 Hz. Current loop rate is 66.6667 Hz.
[controller_server-48] [WARN] [1785772266.154855666] [controller_server]: Control loop missed its desired rate of 20.0000 Hz. Current loop rate is 83.3333 Hz.
[controller_server-48] [INFO] [1785772266.255080766] [controller_server]: Passing new path to controller.
[rtabmap-46] [33m[ WARN] (2026-08-03 23:51:07.039) Rtabmap.cpp:8638::optimizeGraphWithCandidate() [ROVER_TEMP] Added temporary candidate 125 -> 60 poses=100 constraints=105[0m
[rtabmap-46] [33m[ WARN] (2026-08-03 23:51:07.050) Rtabmap.cpp:8800::optimizeGraphWithCandidate() [ROVER_TEMP] Temporary optimization success: optimized_poses=100 time=0.011887[0m
[rtabmap-46] [33m[ WARN] (2026-08-03 23:51:07.050) Rtabmap.cpp:3624::process() [ROVER_TEMP_RESULT] current=125 target=60 poses=100 constraints=105 error=2.822857 iterations=3 success=1[0m
[rtabmap-46] [33m[ WARN] (2026-08-03 23:51:07.051) Rtabmap.cpp:8825::roverAcceptLoop() [ROVER] Reject by RMSE 0.11508 > 0.08000[0m
[rtabmap-46] [33m[ WARN] (2026-08-03 23:51:07.051) Rtabmap.cpp:3772::process() [ROVER] REJECT current=125 target=60[0m
[rtabmap-46] [0m[INFO] [1785772267.075391097] [rtabmap]: rtabmap (125): Rate=1.00s, Limit=0.000s, Conversion=0.0009s, RTAB-Map=0.2626s, Maps update=0.0077s pub=0.0143s delay=0.1440s (local map=100, WM=100)[0m
[controller_server-48] [INFO] [1785772267.305060048] [controller_server]: Passing new path to controller.
[controller_server-48] [WARN] [1785772267.856557401] [controller_server]: Control loop missed its desired rate of 20.0000 Hz. Current loop rate is 83.3333 Hz.
[controller_server-48] [INFO] [1785772268.356810137] [controller_server]: Passing new path to controller.
[controller_server-48] [WARN] [1785772269.138153971] [controller_server]: Control loop missed its desired rate of 20.0000 Hz. Current loop rate is 47.6190 Hz.
[controller_server-48] [INFO] [1785772269.388357750] [controller_server]: Passing new path to controller.
[controller_server-48] [WARN] [1785772269.489599633] [controller_server]: Control loop missed its desired rate of 20.0000 Hz. Current loop rate is 55.5556 Hz.
[controller_server-48] [WARN] [1785772269.740791214] [controller_server]: Control loop missed its desired rate of 20.0000 Hz. Current loop rate is 55.5556 Hz.
[rtabmap-46] [33m[ WARN] (2026-08-03 23:51:09.974) Rtabmap.cpp:3543::process() Rejected loop closure 60 -> 126: Not enough inliers 0/10 (matches=27) between 60 and 126[0m
[rtabmap-46] [0m[INFO] [1785772269.997280913] [rtabmap]: rtabmap (126): Rate=1.00s, Limit=0.000s, Conversion=0.0009s, RTAB-Map=0.2874s, Maps update=0.0094s pub=0.0117s delay=0.1410s (local map=101, WM=101)[0m
[controller_server-48] [INFO] [1785772270.390947528] [controller_server]: Passing new path to controller.
[controller_server-48] [WARN] [1785772270.742129309] [controller_server]: Control loop missed its desired rate of 20.0000 Hz. Current loop rate is 66.6667 Hz.
[controller_server-48] [WARN] [1785772270.943550645] [controller_server]: Control loop missed its desired rate of 20.0000 Hz. Current loop rate is 55.5556 Hz.
[controller_server-48] [WARN] [1785772271.045119775] [controller_server]: Control loop missed its desired rate of 20.0000 Hz. Current loop rate is 55.5556 Hz.
[controller_server-48] [WARN] [1785772271.146533995] [controller_server]: Control loop missed its desired rate of 20.0000 Hz. Current loop rate is 66.6667 Hz.
[controller_server-48] [WARN] [1785772271.248725942] [controller_server]: Control loop missed its desired rate of 20.0000 Hz. Current loop rate is 66.6667 Hz.
[controller_server-48] [WARN] [1785772271.350228918] [controller_server]: Control loop missed its desired rate of 20.0000 Hz. Current loop rate is 66.6667 Hz.
[controller_server-48] [INFO] [1785772271.450596205] [controller_server]: Passing new path to controller.
[controller_server-48] [WARN] [1785772271.901601963] [controller_server]: Control loop missed its desired rate of 20.0000 Hz. Current loop rate is 47.6190 Hz.
[controller_server-48] [WARN] [1785772271.952478586] [controller_server]: Control loop missed its desired rate of 20.0000 Hz. Current loop rate is 66.6667 Hz.
[controller_server-48] [WARN] [1785772272.103609286] [controller_server]: Control loop missed its desired rate of 20.0000 Hz. Current loop rate is 111.1111 Hz.
[controller_server-48] [WARN] [1785772272.204684828] [controller_server]: Control loop missed its desired rate of 20.0000 Hz. Current loop rate is 83.3333 Hz.
[controller_server-48] [INFO] [1785772272.454825546] [controller_server]: Passing new path to controller.
[controller_server-48] [WARN] [1785772272.755965223] [controller_server]: Control loop missed its desired rate of 20.0000 Hz. Current loop rate is 41.6667 Hz.
[rtabmap-46] [33m[ WARN] (2026-08-03 23:51:12.895) Rtabmap.cpp:3543::process() Rejected loop closure 60 -> 127: Not enough inliers 0/10 (matches=22) between 60 and 127[0m
[rtabmap-46] [0m[INFO] [1785772272.917436633] [rtabmap]: rtabmap (127): Rate=1.00s, Limit=0.000s, Conversion=0.0008s, RTAB-Map=0.2912s, Maps update=0.0076s pub=0.0123s delay=0.1590s (local map=102, WM=102)[0m
[controller_server-48] [WARN] [1785772273.517356953] [controller_server]: Control loop missed its desired rate of 20.0000 Hz. Current loop rate is 55.5556 Hz.
[controller_server-48] [INFO] [1785772273.517457764] [controller_server]: Passing new path to controller.
[controller_server-48] [WARN] [1785772273.899070107] [controller_server]: Control loop missed its desired rate of 20.0000 Hz. Current loop rate is 47.6190 Hz.
[controller_server-48] [WARN] [1785772274.270614266] [controller_server]: Control loop missed its desired rate of 20.0000 Hz. Current loop rate is 55.5556 Hz.
[controller_server-48] [INFO] [1785772274.520813599] [controller_server]: Passing new path to controller.
[exploration_manager-60] [INFO] [1785772274.900653932] [exploration_manager]: === Exploration Step ===
[exploration_manager-60] [INFO] [1785772274.902109900] [exploration_manager]: Already navigating. elapsed=5.0s
[controller_server-48] [INFO] [1785772275.570825185] [controller_server]: Passing new path to controller.
[rtabmap-46] [33m[ WARN] (2026-08-03 23:51:15.589) Rtabmap.cpp:3543::process() Rejected loop closure 65 -> 128: Not enough inliers 0/10 (matches=27) between 65 and 128[0m
[rtabmap-46] [0m[INFO] [1785772275.619055202] [rtabmap]: rtabmap (128): Rate=1.00s, Limit=0.000s, Conversion=0.0007s, RTAB-Map=0.2364s, Maps update=0.0086s pub=0.0185s delay=0.1290s (local map=103, WM=103)[0m
[controller_server-48] [WARN] [1785772276.571733677] [controller_server]: Control loop missed its desired rate of 20.0000 Hz. Current loop rate is 47.6190 Hz.
[controller_server-48] [INFO] [1785772276.621909194] [controller_server]: Passing new path to controller.
[controller_server-48] [WARN] [1785772276.933158147] [controller_server]: Control loop missed its desired rate of 20.0000 Hz. Current loop rate is 47.6190 Hz.
[controller_server-48] [INFO] [1785772277.633374697] [controller_server]: Passing new path to controller.
[rtabmap-46] [33m[ WARN] (2026-08-03 23:51:18.216) Rtabmap.cpp:3543::process() Rejected loop closure 60 -> 129: Not enough inliers 0/10 (matches=21) between 60 and 129[0m
[rtabmap-46] [0m[INFO] [1785772278.239297117] [rtabmap]: rtabmap (129): Rate=1.00s, Limit=0.000s, Conversion=0.0006s, RTAB-Map=0.2059s, Maps update=0.0074s pub=0.0127s delay=0.1110s (local map=104, WM=104)[0m
[controller_server-48] [INFO] [1785772278.683356930] [controller_server]: Passing new path to controller.
[controller_server-48] [INFO] [1785772279.683341509] [controller_server]: Passing new path to controller.
[controller_server-48] [INFO] [1785772280.733336849] [controller_server]: Passing new path to controller.
[rtabmap-46] [33m[ WARN] (2026-08-03 23:51:21.125) Rtabmap.cpp:3543::process() Rejected loop closure 66 -> 130: Not enough inliers 9/10 (matches=61) between 66 and 130[0m
[rtabmap-46] [0m[INFO] [1785772281.155881393] [rtabmap]: rtabmap (130): Rate=1.00s, Limit=0.000s, Conversion=0.0007s, RTAB-Map=0.2903s, Maps update=0.0083s pub=0.0192s delay=0.1200s (local map=105, WM=105)[0m
[controller_server-48] [INFO] [1785772281.783337811] [controller_server]: Passing new path to controller.
[controller_server-48] [INFO] [1785772282.833355529] [controller_server]: Passing new path to controller.
[controller_server-48] [INFO] [1785772283.833347651] [controller_server]: Passing new path to controller.
[rtabmap-46] [33m[ WARN] (2026-08-03 23:51:24.108) Rtabmap.cpp:8638::optimizeGraphWithCandidate() [ROVER_TEMP] Added temporary candidate 131 -> 66 poses=106 constraints=111[0m
[rtabmap-46] [33m[ WARN] (2026-08-03 23:51:24.130) Rtabmap.cpp:8800::optimizeGraphWithCandidate() [ROVER_TEMP] Temporary optimization success: optimized_poses=106 time=0.022773[0m
[rtabmap-46] [33m[ WARN] (2026-08-03 23:51:24.130) Rtabmap.cpp:3624::process() [ROVER_TEMP_RESULT] current=131 target=66 poses=106 constraints=111 error=3.051029 iterations=7 success=1[0m
[rtabmap-46] [33m[ WARN] (2026-08-03 23:51:24.131) Rtabmap.cpp:8825::roverAcceptLoop() [ROVER] Reject by RMSE 0.33260 > 0.08000[0m
[rtabmap-46] [33m[ WARN] (2026-08-03 23:51:24.131) Rtabmap.cpp:3772::process() [ROVER] REJECT current=131 target=66[0m
[rtabmap-46] [0m[INFO] [1785772284.153039665] [rtabmap]: rtabmap (131): Rate=1.00s, Limit=0.000s, Conversion=0.0007s, RTAB-Map=0.3077s, Maps update=0.0069s pub=0.0132s delay=0.1350s (local map=106, WM=106)[0m
[controller_server-48] [INFO] [1785772284.883355243] [controller_server]: Passing new path to controller.
[controller_server-48] [INFO] [1785772285.933340520] [controller_server]: Passing new path to controller.
[controller_server-48] [INFO] [1785772286.983398426] [controller_server]: Passing new path to controller.
[rtabmap-46] [33m[ WARN] (2026-08-03 23:51:27.278) Rtabmap.cpp:8638::optimizeGraphWithCandidate() [ROVER_TEMP] Added temporary candidate 132 -> 66 poses=107 constraints=112[0m
[rtabmap-46] [33m[ WARN] (2026-08-03 23:51:27.295) Rtabmap.cpp:8800::optimizeGraphWithCandidate() [ROVER_TEMP] Temporary optimization success: optimized_poses=107 time=0.017193[0m
[rtabmap-46] [33m[ WARN] (2026-08-03 23:51:27.295) Rtabmap.cpp:3624::process() [ROVER_TEMP_RESULT] current=132 target=66 poses=107 constraints=112 error=2.972485 iterations=5 success=1[0m
[rtabmap-46] [33m[ WARN] (2026-08-03 23:51:27.296) Rtabmap.cpp:8825::roverAcceptLoop() [ROVER] Reject by RMSE 0.31250 > 0.08000[0m
[rtabmap-46] [33m[ WARN] (2026-08-03 23:51:27.296) Rtabmap.cpp:3772::process() [ROVER] REJECT current=132 target=66[0m
[rtabmap-46] [0m[INFO] [1785772287.327316207] [rtabmap]: rtabmap (132): Rate=1.00s, Limit=0.000s, Conversion=0.0011s, RTAB-Map=0.2980s, Maps update=0.0093s pub=0.0201s delay=0.1170s (local map=107, WM=107)[0m
[controller_server-48] [INFO] [1785772287.983522228] [controller_server]: Passing new path to controller.
[controller_server-48] [INFO] [1785772289.033342449] [controller_server]: Passing new path to controller.
[exploration_manager-60] [INFO] [1785772289.316655749] [exploration_manager]: === Exploration Step ===
[exploration_manager-60] [INFO] [1785772289.317811918] [exploration_manager]: Already navigating. elapsed=10.0s
[controller_server-48] [INFO] [1785772290.083356437] [controller_server]: Passing new path to controller.
[rtabmap-46] [33m[ WARN] (2026-08-03 23:51:30.482) Rtabmap.cpp:8638::optimizeGraphWithCandidate() [ROVER_TEMP] Added temporary candidate 133 -> 66 poses=108 constraints=113[0m
[rtabmap-46] [33m[ WARN] (2026-08-03 23:51:30.509) Rtabmap.cpp:8800::optimizeGraphWithCandidate() [ROVER_TEMP] Temporary optimization success: optimized_poses=108 time=0.027555[0m
[rtabmap-46] [33m[ WARN] (2026-08-03 23:51:30.510) Rtabmap.cpp:3624::process() [ROVER_TEMP_RESULT] current=133 target=66 poses=108 constraints=113 error=2.969351 iterations=9 success=1[0m
[rtabmap-46] [33m[ WARN] (2026-08-03 23:51:30.510) Rtabmap.cpp:8825::roverAcceptLoop() [ROVER] Reject by RMSE 0.31952 > 0.08000[0m
[rtabmap-46] [33m[ WARN] (2026-08-03 23:51:30.510) Rtabmap.cpp:3772::process() [ROVER] REJECT current=133 target=66[0m
[rtabmap-46] [0m[INFO] [1785772290.535178756] [rtabmap]: rtabmap (133): Rate=1.00s, Limit=0.000s, Conversion=0.0008s, RTAB-Map=0.2836s, Maps update=0.0084s pub=0.0137s delay=0.1020s (local map=108, WM=108)[0m
[controller_server-48] [INFO] [1785772291.083361487] [controller_server]: Passing new path to controller.
[controller_server-48] [INFO] [1785772292.133350537] [controller_server]: Passing new path to controller.
[controller_server-48] [INFO] [1785772293.183354102] [controller_server]: Passing new path to controller.
[rtabmap-46] [33m[ WARN] (2026-08-03 23:51:33.654) Rtabmap.cpp:8638::optimizeGraphWithCandidate() [ROVER_TEMP] Added temporary candidate 134 -> 68 poses=109 constraints=114[0m
[rtabmap-46] [33m[ WARN] (2026-08-03 23:51:33.680) Rtabmap.cpp:8800::optimizeGraphWithCandidate() [ROVER_TEMP] Temporary optimization success: optimized_poses=109 time=0.026942[0m
[rtabmap-46] [33m[ WARN] (2026-08-03 23:51:33.681) Rtabmap.cpp:3624::process() [ROVER_TEMP_RESULT] current=134 target=68 poses=109 constraints=114 error=2.958892 iterations=9 success=1[0m
[rtabmap-46] [33m[ WARN] (2026-08-03 23:51:33.681) Rtabmap.cpp:8825::roverAcceptLoop() [ROVER] Reject by RMSE 0.32694 > 0.08000[0m
[rtabmap-46] [33m[ WARN] (2026-08-03 23:51:33.681) Rtabmap.cpp:3772::process() [ROVER] REJECT current=134 target=68[0m
[rtabmap-46] [0m[INFO] [1785772293.706358059] [rtabmap]: rtabmap (134): Rate=1.00s, Limit=0.000s, Conversion=0.0006s, RTAB-Map=0.2410s, Maps update=0.0077s pub=0.0154s delay=0.1050s (local map=109, WM=109)[0m
[controller_server-48] [INFO] [1785772294.184822202] [controller_server]: Passing new path to controller.
[controller_server-48] [INFO] [1785772295.233362150] [controller_server]: Passing new path to controller.
[controller_server-48] [INFO] [1785772296.283375729] [controller_server]: Passing new path to controller.
[rtabmap-46] [33m[ WARN] (2026-08-03 23:51:36.808) Rtabmap.cpp:8638::optimizeGraphWithCandidate() [ROVER_TEMP] Added temporary candidate 135 -> 69 poses=110 constraints=115[0m
[rtabmap-46] [33m[ WARN] (2026-08-03 23:51:36.834) Rtabmap.cpp:8800::optimizeGraphWithCandidate() [ROVER_TEMP] Temporary optimization success: optimized_poses=110 time=0.026776[0m
[rtabmap-46] [33m[ WARN] (2026-08-03 23:51:36.834) Rtabmap.cpp:3624::process() [ROVER_TEMP_RESULT] current=135 target=69 poses=110 constraints=115 error=2.966466 iterations=9 success=1[0m
[rtabmap-46] [33m[ WARN] (2026-08-03 23:51:36.835) Rtabmap.cpp:8825::roverAcceptLoop() [ROVER] Reject by RMSE 0.33141 > 0.08000[0m
[rtabmap-46] [33m[ WARN] (2026-08-03 23:51:36.835) Rtabmap.cpp:3772::process() [ROVER] REJECT current=135 target=69[0m
[rtabmap-46] [0m[INFO] [1785772296.859492974] [rtabmap]: rtabmap (135): Rate=1.00s, Limit=0.000s, Conversion=0.0007s, RTAB-Map=0.2370s, Maps update=0.0073s pub=0.0153s delay=0.1110s (local map=110, WM=110)[0m
[controller_server-48] [INFO] [1785772297.283382773] [controller_server]: Passing new path to controller.
[controller_server-48] [INFO] [1785772298.333349633] [controller_server]: Passing new path to controller.
[controller_server-48] [INFO] [1785772299.383342340] [controller_server]: Passing new path to controller.
[rtabmap-46] [33m[ WARN] (2026-08-03 23:51:39.938) Rtabmap.cpp:8638::optimizeGraphWithCandidate() [ROVER_TEMP] Added temporary candidate 136 -> 70 poses=111 constraints=116[0m
[rtabmap-46] [33m[ WARN] (2026-08-03 23:51:39.971) Rtabmap.cpp:8800::optimizeGraphWithCandidate() [ROVER_TEMP] Temporary optimization success: optimized_poses=111 time=0.033482[0m
[rtabmap-46] [33m[ WARN] (2026-08-03 23:51:39.971) Rtabmap.cpp:3624::process() [ROVER_TEMP_RESULT] current=136 target=70 poses=111 constraints=116 error=2.969120 iterations=9 success=1[0m
[rtabmap-46] [33m[ WARN] (2026-08-03 23:51:39.971) Rtabmap.cpp:8825::roverAcceptLoop() [ROVER] Reject by RMSE 0.33642 > 0.08000[0m
[rtabmap-46] [33m[ WARN] (2026-08-03 23:51:39.971) Rtabmap.cpp:3772::process() [ROVER] REJECT current=136 target=70[0m
[rtabmap-46] [0m[INFO] [1785772299.999702832] [rtabmap]: rtabmap (136): Rate=1.00s, Limit=0.000s, Conversion=0.0009s, RTAB-Map=0.2567s, Maps update=0.0108s pub=0.0152s delay=0.1170s (local map=111, WM=111)[0m
[controller_server-48] [INFO] [1785772300.433350971] [controller_server]: Passing new path to controller.
[controller_server-48] [INFO] [1785772301.433350116] [controller_server]: Passing new path to controller.
[controller_server-48] [INFO] [1785772302.483346278] [controller_server]: Passing new path to controller.
[rtabmap-46] [33m[ WARN] (2026-08-03 23:51:43.330) Rtabmap.cpp:8638::optimizeGraphWithCandidate() [ROVER_TEMP] Added temporary candidate 137 -> 71 poses=112 constraints=117[0m
[rtabmap-46] [33m[ WARN] (2026-08-03 23:51:43.359) Rtabmap.cpp:8800::optimizeGraphWithCandidate() [ROVER_TEMP] Temporary optimization success: optimized_poses=112 time=0.029615[0m
[rtabmap-46] [33m[ WARN] (2026-08-03 23:51:43.360) Rtabmap.cpp:3624::process() [ROVER_TEMP_RESULT] current=137 target=71 poses=112 constraints=117 error=2.970476 iterations=9 success=1[0m
[rtabmap-46] [33m[ WARN] (2026-08-03 23:51:43.360) Rtabmap.cpp:8825::roverAcceptLoop() [ROVER] Reject by RMSE 0.34260 > 0.08000[0m
[rtabmap-46] [33m[ WARN] (2026-08-03 23:51:43.360) Rtabmap.cpp:3772::process() [ROVER] REJECT current=137 target=71[0m
[rtabmap-46] [0m[INFO] [1785772303.386258262] [rtabmap]: rtabmap (137): Rate=1.00s, Limit=0.000s, Conversion=0.0007s, RTAB-Map=0.2426s, Maps update=0.0089s pub=0.0149s delay=0.1080s (local map=112, WM=112)[0m
[controller_server-48] [INFO] [1785772303.533340683] [controller_server]: Passing new path to controller.
[controller_server-48] [INFO] [1785772304.583347661] [controller_server]: Passing new path to controller.
[exploration_manager-60] [INFO] [1785772305.095044509] [exploration_manager]: === Exploration Step ===
[exploration_manager-60] [INFO] [1785772305.096314767] [exploration_manager]: Already navigating. elapsed=15.0s
[controller_server-48] [INFO] [1785772305.583362307] [controller_server]: Passing new path to controller.
[controller_server-48] [INFO] [1785772306.633352057] [controller_server]: Passing new path to controller.
[rtabmap-46] [33m[ WARN] (2026-08-03 23:51:46.738) Rtabmap.cpp:8638::optimizeGraphWithCandidate() [ROVER_TEMP] Added temporary candidate 138 -> 72 poses=113 constraints=118[0m
[rtabmap-46] [33m[ WARN] (2026-08-03 23:51:46.771) Rtabmap.cpp:8800::optimizeGraphWithCandidate() [ROVER_TEMP] Temporary optimization success: optimized_poses=113 time=0.034235[0m
[rtabmap-46] [33m[ WARN] (2026-08-03 23:51:46.771) Rtabmap.cpp:3624::process() [ROVER_TEMP_RESULT] current=138 target=72 poses=113 constraints=118 error=2.970792 iterations=9 success=1[0m
[rtabmap-46] [33m[ WARN] (2026-08-03 23:51:46.771) Rtabmap.cpp:8825::roverAcceptLoop() [ROVER] Reject by RMSE 0.34810 > 0.08000[0m
[rtabmap-46] [33m[ WARN] (2026-08-03 23:51:46.771) Rtabmap.cpp:3772::process() [ROVER] REJECT current=138 target=72[0m
[rtabmap-46] [0m[INFO] [1785772306.800647929] [rtabmap]: rtabmap (138): Rate=1.00s, Limit=0.000s, Conversion=0.0007s, RTAB-Map=0.2665s, Maps update=0.0095s pub=0.0173s delay=0.1020s (local map=113, WM=113)[0m
[controller_server-48] [INFO] [1785772307.683343939] [controller_server]: Passing new path to controller.
[controller_server-48] [INFO] [1785772308.733348114] [controller_server]: Passing new path to controller.
[controller_server-48] [INFO] [1785772309.733364918] [controller_server]: Passing new path to controller.
[rtabmap-46] [33m[ WARN] (2026-08-03 23:51:49.840) Rtabmap.cpp:8638::optimizeGraphWithCandidate() [ROVER_TEMP] Added temporary candidate 139 -> 73 poses=114 constraints=119[0m
[rtabmap-46] [33m[ WARN] (2026-08-03 23:51:49.877) Rtabmap.cpp:8800::optimizeGraphWithCandidate() [ROVER_TEMP] Temporary optimization success: optimized_poses=114 time=0.037500[0m
[rtabmap-46] [33m[ WARN] (2026-08-03 23:51:49.877) Rtabmap.cpp:3624::process() [ROVER_TEMP_RESULT] current=139 target=73 poses=114 constraints=119 error=2.971066 iterations=12 success=1[0m
[rtabmap-46] [33m[ WARN] (2026-08-03 23:51:49.877) Rtabmap.cpp:8825::roverAcceptLoop() [ROVER] Reject by RMSE 0.35387 > 0.08000[0m
[rtabmap-46] [33m[ WARN] (2026-08-03 23:51:49.877) Rtabmap.cpp:3772::process() [ROVER] REJECT current=139 target=73[0m
[rtabmap-46] [0m[INFO] [1785772309.905791232] [rtabmap]: rtabmap (139): Rate=1.00s, Limit=0.000s, Conversion=0.0009s, RTAB-Map=0.2421s, Maps update=0.0074s pub=0.0182s delay=0.1140s (local map=114, WM=114)[0m
[controller_server-48] [INFO] [1785772310.783353799] [controller_server]: Passing new path to controller.
[controller_server-48] [INFO] [1785772311.833349128] [controller_server]: Passing new path to controller.
[controller_server-48] [INFO] [1785772312.883340426] [controller_server]: Passing new path to controller.
[rtabmap-46] [33m[ WARN] (2026-08-03 23:51:52.888) Rtabmap.cpp:8638::optimizeGraphWithCandidate() [ROVER_TEMP] Added temporary candidate 140 -> 74 poses=115 constraints=120[0m
[rtabmap-46] [33m[ WARN] (2026-08-03 23:51:52.907) Rtabmap.cpp:8800::optimizeGraphWithCandidate() [ROVER_TEMP] Temporary optimization success: optimized_poses=115 time=0.019954[0m
[rtabmap-46] [33m[ WARN] (2026-08-03 23:51:52.908) Rtabmap.cpp:3624::process() [ROVER_TEMP_RESULT] current=140 target=74 poses=115 constraints=120 error=2.971694 iterations=5 success=1[0m
[rtabmap-46] [33m[ WARN] (2026-08-03 23:51:52.908) Rtabmap.cpp:8825::roverAcceptLoop() [ROVER] Reject by RMSE 0.35764 > 0.08000[0m
[rtabmap-46] [33m[ WARN] (2026-08-03 23:51:52.908) Rtabmap.cpp:3772::process() [ROVER] REJECT current=140 target=74[0m
[rtabmap-46] [0m[INFO] [1785772312.936773395] [rtabmap]: rtabmap (140): Rate=1.00s, Limit=0.000s, Conversion=0.0010s, RTAB-Map=0.2934s, Maps update=0.0091s pub=0.0167s delay=0.1260s (local map=115, WM=115)[0m
[controller_server-48] [INFO] [1785772313.883357358] [controller_server]: Passing new path to controller.
[controller_server-48] [INFO] [1785772314.933341781] [controller_server]: Passing new path to controller.
[rtabmap-46] [33m[ WARN] (2026-08-03 23:51:55.762) Rtabmap.cpp:8638::optimizeGraphWithCandidate() [ROVER_TEMP] Added temporary candidate 141 -> 75 poses=116 constraints=121[0m
[rtabmap-46] [33m[ WARN] (2026-08-03 23:51:55.781) Rtabmap.cpp:8800::optimizeGraphWithCandidate() [ROVER_TEMP] Temporary optimization success: optimized_poses=116 time=0.019891[0m
[rtabmap-46] [33m[ WARN] (2026-08-03 23:51:55.781) Rtabmap.cpp:3624::process() [ROVER_TEMP_RESULT] current=141 target=75 poses=116 constraints=121 error=2.972351 iterations=5 success=1[0m
[rtabmap-46] [33m[ WARN] (2026-08-03 23:51:55.782) Rtabmap.cpp:8825::roverAcceptLoop() [ROVER] Reject by RMSE 0.36375 > 0.08000[0m
[rtabmap-46] [33m[ WARN] (2026-08-03 23:51:55.782) Rtabmap.cpp:3772::process() [ROVER] REJECT current=141 target=75[0m
[rtabmap-46] [0m[INFO] [1785772315.809611681] [rtabmap]: rtabmap (141): Rate=1.00s, Limit=0.000s, Conversion=0.0006s, RTAB-Map=0.3277s, Maps update=0.0087s pub=0.0157s delay=0.1260s (local map=116, WM=116)[0m
[controller_server-48] [INFO] [1785772315.983357200] [controller_server]: Passing new path to controller.
[controller_server-48] [INFO] [1785772317.033380570] [controller_server]: Passing new path to controller.
[controller_server-48] [INFO] [1785772318.033357973] [controller_server]: Passing new path to controller.
[rtabmap-46] [33m[ WARN] (2026-08-03 23:51:58.892) Rtabmap.cpp:8638::optimizeGraphWithCandidate() [ROVER_TEMP] Added temporary candidate 142 -> 76 poses=117 constraints=122[0m
[rtabmap-46] [33m[ WARN] (2026-08-03 23:51:58.911) Rtabmap.cpp:8800::optimizeGraphWithCandidate() [ROVER_TEMP] Temporary optimization success: optimized_poses=117 time=0.019740[0m
[rtabmap-46] [33m[ WARN] (2026-08-03 23:51:58.911) Rtabmap.cpp:3624::process() [ROVER_TEMP_RESULT] current=142 target=76 poses=117 constraints=122 error=2.970957 iterations=5 success=1[0m
[rtabmap-46] [33m[ WARN] (2026-08-03 23:51:58.912) Rtabmap.cpp:8825::roverAcceptLoop() [ROVER] Reject by RMSE 0.36558 > 0.08000[0m
[rtabmap-46] [33m[ WARN] (2026-08-03 23:51:58.912) Rtabmap.cpp:3772::process() [ROVER] REJECT current=142 target=76[0m
[rtabmap-46] [0m[INFO] [1785772318.936670762] [rtabmap]: rtabmap (142): Rate=1.00s, Limit=0.000s, Conversion=0.0008s, RTAB-Map=0.3020s, Maps update=0.0089s pub=0.0133s delay=0.1410s (local map=117, WM=117)[0m
[controller_server-48] [INFO] [1785772319.083354998] [controller_server]: Passing new path to controller.
[controller_server-48] [INFO] [1785772320.133344210] [controller_server]: Passing new path to controller.
[exploration_manager-60] [INFO] [1785772320.232647888] [exploration_manager]: === Exploration Step ===
[exploration_manager-60] [INFO] [1785772320.233656215] [exploration_manager]: Already navigating. elapsed=20.0s
[controller_server-48] [INFO] [1785772321.183372701] [controller_server]: Passing new path to controller.
[rtabmap-46] [33m[ WARN] (2026-08-03 23:52:02.044) Rtabmap.cpp:8638::optimizeGraphWithCandidate() [ROVER_TEMP] Added temporary candidate 143 -> 77 poses=118 constraints=123[0m
[rtabmap-46] [33m[ WARN] (2026-08-03 23:52:02.065) Rtabmap.cpp:8800::optimizeGraphWithCandidate() [ROVER_TEMP] Temporary optimization success: optimized_poses=118 time=0.021538[0m
[rtabmap-46] [33m[ WARN] (2026-08-03 23:52:02.065) Rtabmap.cpp:3624::process() [ROVER_TEMP_RESULT] current=143 target=77 poses=118 constraints=123 error=2.971083 iterations=5 success=1[0m
[rtabmap-46] [33m[ WARN] (2026-08-03 23:52:02.065) Rtabmap.cpp:8825::roverAcceptLoop() [ROVER] Reject by RMSE 0.36807 > 0.08000[0m
[rtabmap-46] [33m[ WARN] (2026-08-03 23:52:02.065) Rtabmap.cpp:3772::process() [ROVER] REJECT current=143 target=77[0m
[rtabmap-46] [0m[INFO] [1785772322.099235351] [rtabmap]: rtabmap (143): Rate=1.00s, Limit=0.000s, Conversion=0.0010s, RTAB-Map=0.3712s, Maps update=0.0123s pub=0.0197s delay=0.1710s (local map=118, WM=118)[0m
[controller_server-48] [INFO] [1785772322.131856119] [local_costmap.local_costmap]: StaticLayer: Resizing static layer to 290 X 335 at 0.050000 m/pix
[controller_server-48] [INFO] [1785772322.183356019] [controller_server]: Passing new path to controller.
[planner_server-50] [INFO] [1785772322.568714404] [global_costmap.global_costmap]: StaticLayer: Resizing costmap to 290 X 335 at 0.050000 m/pix
[controller_server-48] [INFO] [1785772323.233355355] [controller_server]: Passing new path to controller.
[controller_server-48] [INFO] [1785772324.233355218] [controller_server]: Passing new path to controller.
