[H[2J[3J======================================
Select Gazebo World
======================================

 > Warehouse
   Depot
   Maze

Use ↑ ↓ to select, Enter to confirm.
[H[2J[3J======================================
Start Gazebo GUI?
======================================

 > Enable Gazebo GUI
   Disable Gazebo GUI

Use ↑ ↓ to select, Enter to confirm.
[H[2J[3J======================================
Start Gazebo GUI?
======================================

   Enable Gazebo GUI
 > Disable Gazebo GUI

Use ↑ ↓ to select, Enter to confirm.
[H[2J[3J======================================
Starting TurtleBot4 SLAM
======================================

World      : warehouse
Gazebo GUI : false

[INFO] [launch]: All log files can be found below /home/tsehsun/.ros/log/2026-07-31-22-12-35-756527-tsehsun-Zenbook-UX5401ZA-UX5401ZA-25761
[INFO] [launch]: Default logging verbosity is set to INFO
[INFO] [rtabmap-46]: process started with pid [25956]
[INFO] [rtabmap_viz-47]: process started with pid [25971]
[INFO] [gazebo-1]: process started with pid [25767]
[INFO] [robot_state_publisher-2]: process started with pid [25768]
[INFO] [joint_state_publisher-3]: process started with pid [25770]
[INFO] [robot_state_publisher-4]: process started with pid [25772]
[INFO] [static_transform_publisher-5]: process started with pid [25773]
[INFO] [create-6]: process started with pid [25774]
[INFO] [create-7]: process started with pid [25775]
[INFO] [parameter_bridge-8]: process started with pid [25776]
[INFO] [parameter_bridge-9]: process started with pid [25778]
[INFO] [parameter_bridge-10]: process started with pid [25779]
[INFO] [parameter_bridge-11]: process started with pid [25780]
[INFO] [parameter_bridge-12]: process started with pid [25781]
[INFO] [parameter_bridge-13]: process started with pid [25783]
[INFO] [parameter_bridge-14]: process started with pid [25784]
[INFO] [parameter_bridge-15]: process started with pid [25785]
[INFO] [parameter_bridge-16]: process started with pid [25786]
[INFO] [parameter_bridge-17]: process started with pid [25787]
[INFO] [parameter_bridge-18]: process started with pid [25788]
[INFO] [parameter_bridge-19]: process started with pid [25789]
[INFO] [parameter_bridge-20]: process started with pid [25792]
[INFO] [parameter_bridge-21]: process started with pid [25797]
[INFO] [parameter_bridge-22]: process started with pid [25798]
[INFO] [parameter_bridge-23]: process started with pid [25801]
[INFO] [parameter_bridge-24]: process started with pid [25804]
[INFO] [parameter_bridge-25]: process started with pid [25805]
[INFO] [parameter_bridge-26]: process started with pid [25806]
[INFO] [parameter_bridge-27]: process started with pid [25817]
[INFO] [parameter_bridge-28]: process started with pid [25822]
[INFO] [turtlebot4_node-29]: process started with pid [25828]
[INFO] [turtlebot4_gz_hmi_node-30]: process started with pid [25842]
[INFO] [spawner-31]: process started with pid [25851]
[INFO] [hazards_vector_publisher-32]: process started with pid [25859]
[INFO] [ir_intensity_vector_publisher-33]: process started with pid [25862]
[INFO] [motion_control-34]: process started with pid [25869]
[INFO] [wheel_status_publisher-35]: process started with pid [25885]
[INFO] [mock_publisher-36]: process started with pid [25896]
[INFO] [robot_state-37]: process started with pid [25901]
[INFO] [kidnap_estimator_publisher-38]: process started with pid [25902]
[INFO] [ui_mgr-39]: process started with pid [25906]
[INFO] [pose_republisher_node-40]: process started with pid [25908]
[INFO] [sensors_node-41]: process started with pid [25915]
[INFO] [interface_buttons_node-42]: process started with pid [25920]
[INFO] [static_transform_publisher-43]: process started with pid [25925]
[INFO] [static_transform_publisher-44]: process started with pid [25938]
[INFO] [parameter_bridge-45]: process started with pid [25947]
[INFO] [controller_server-48]: process started with pid [25977]
[INFO] [smoother_server-49]: process started with pid [25981]
[INFO] [planner_server-50]: process started with pid [25998]
[INFO] [route_server-51]: process started with pid [26018]
[INFO] [behavior_server-52]: process started with pid [26037]
[INFO] [bt_navigator-53]: process started with pid [26040]
[INFO] [waypoint_follower-54]: process started with pid [26049]
[INFO] [velocity_smoother-55]: process started with pid [26076]
[INFO] [collision_monitor-56]: process started with pid [26088]
[INFO] [opennav_docking-57]: process started with pid [26123]
[INFO] [lifecycle_manager-58]: process started with pid [26141]
[INFO] [slam_manager-59]: process started with pid [26164]
[INFO] [exploration_manager-60]: process started with pid [26173]
[robot_state_publisher-2] [WARN] [1785507156.597782081] [kdl_parser]: The root link base_link has an inertia specified in the URDF, but KDL does not support a root link with an inertia.  As a workaround, you can add an extra dummy link to your URDF.
[robot_state_publisher-2] [INFO] [1785507156.598219020] [robot_state_publisher]: Robot initialized
[robot_state_publisher-4] [WARN] [1785507156.587779981] [kdl_parser]: The root link std_dock_link has an inertia specified in the URDF, but KDL does not support a root link with an inertia.  As a workaround, you can add an extra dummy link to your URDF.
[robot_state_publisher-4] [INFO] [1785507156.587982941] [dock_state_publisher]: Robot initialized
[static_transform_publisher-5] [WARN] [1785507156.518757904] []: Old-style arguments are deprecated; see --help for new-style arguments
[static_transform_publisher-5] [INFO] [1785507156.543626956] [tf_odom_std_dock_link_publisher]: Spinning until stopped - publishing transform
[static_transform_publisher-5] translation: ('0.157000', '0.000000', '0.000000')
[static_transform_publisher-5] rotation: ('0.000000', '0.000000', '1.000000', '0.000000')
[static_transform_publisher-5] from 'odom' to 'std_dock_link'
[create-6] [INFO] [1785507156.684645755] [ros_gz_sim]: Requesting list of world names.
[create-7] [INFO] [1785507156.602070849] [ros_gz_sim]: Requesting list of world names.
[parameter_bridge-15] [INFO] [1785507156.650166925] [cliff_side_right_bridge]: Creating GZ->ROS Bridge: [/world/warehouse/model/turtlebot4/link/base_link/sensor/cliff_side_right/scan (ignition.msgs.LaserScan) -> /world/warehouse/model/turtlebot4/link/base_link/sensor/cliff_side_right/scan (sensor_msgs/msg/LaserScan)] (Lazy 0)
[static_transform_publisher-43] [WARN] [1785507156.731437623] []: Old-style arguments are deprecated; see --help for new-style arguments
[static_transform_publisher-44] [WARN] [1785507156.755136900] []: Old-style arguments are deprecated; see --help for new-style arguments
[parameter_bridge-10] [INFO] [1785507156.786494347] [odom_base_tf_bridge]: Creating GZ->ROS Bridge: [/model/turtlebot4/tf (ignition.msgs.Pose_V) -> /model/turtlebot4/tf (tf2_msgs/msg/TFMessage)] (Lazy 0)
[ir_intensity_vector_publisher-33] [INFO] [1785507156.843702104] [ir_intensity_vector_publisher]: Advertised topic: ir_intensity
[ir_intensity_vector_publisher-33] [INFO] [1785507156.849874251] [ir_intensity_vector_publisher]: Subscription to topic: _internal/ir_intensity_front_center_left
[ir_intensity_vector_publisher-33] [INFO] [1785507156.864411520] [ir_intensity_vector_publisher]: Subscription to topic: _internal/ir_intensity_front_center_right
[ir_intensity_vector_publisher-33] [INFO] [1785507156.865454725] [ir_intensity_vector_publisher]: Subscription to topic: _internal/ir_intensity_front_left
[ir_intensity_vector_publisher-33] [INFO] [1785507156.866382522] [ir_intensity_vector_publisher]: Subscription to topic: _internal/ir_intensity_front_right
[hazards_vector_publisher-32] [INFO] [1785507156.867787483] [hazards_vector_publisher]: Advertised topic: hazard_detection
[hazards_vector_publisher-32] [INFO] [1785507156.868992457] [hazards_vector_publisher]: Subscription to topic: _internal/bumper/event
[hazards_vector_publisher-32] [INFO] [1785507156.869881553] [hazards_vector_publisher]: Subscription to topic: _internal/cliff_front_left/event
[hazards_vector_publisher-32] [INFO] [1785507156.871032832] [hazards_vector_publisher]: Subscription to topic: _internal/cliff_front_right/event
[hazards_vector_publisher-32] [INFO] [1785507156.871910127] [hazards_vector_publisher]: Subscription to topic: _internal/cliff_side_left/event
[hazards_vector_publisher-32] [INFO] [1785507156.872777134] [hazards_vector_publisher]: Subscription to topic: _internal/cliff_side_right/event
[ir_intensity_vector_publisher-33] [INFO] [1785507156.873414012] [ir_intensity_vector_publisher]: Subscription to topic: _internal/ir_intensity_left
[ir_intensity_vector_publisher-33] [INFO] [1785507156.878663850] [ir_intensity_vector_publisher]: Subscription to topic: _internal/ir_intensity_right
[ir_intensity_vector_publisher-33] [INFO] [1785507156.886817082] [ir_intensity_vector_publisher]: Subscription to topic: _internal/ir_intensity_side_left
[hazards_vector_publisher-32] [INFO] [1785507156.961417276] [hazards_vector_publisher]: Subscription to topic: _internal/wheel_drop/left_wheel/event
[hazards_vector_publisher-32] [INFO] [1785507156.963895095] [hazards_vector_publisher]: Subscription to topic: _internal/wheel_drop/right_wheel/event
[hazards_vector_publisher-32] [INFO] [1785507156.983943282] [hazards_vector_publisher]: Subscription to topic: _internal/backup_limit
[parameter_bridge-8] [INFO] [1785507156.984561598] [cmd_vel_bridge]: Creating GZ->ROS Bridge: [/cmd_vel (ignition.msgs.Twist) -> /cmd_vel (geometry_msgs/msg/TwistStamped)] (Lazy 0)
[parameter_bridge-8] [INFO] [1785507157.004714444] [cmd_vel_bridge]: Creating ROS->GZ Bridge: [/model/turtlebot4/cmd_vel (geometry_msgs/msg/TwistStamped) -> /model/turtlebot4/cmd_vel (ignition.msgs.Twist)] (Lazy 0)
[parameter_bridge-14] [INFO] [1785507157.005834984] [cliff_side_left_bridge]: Creating GZ->ROS Bridge: [/world/warehouse/model/turtlebot4/link/base_link/sensor/cliff_side_left/scan (ignition.msgs.LaserScan) -> /world/warehouse/model/turtlebot4/link/base_link/sensor/cliff_side_left/scan (sensor_msgs/msg/LaserScan)] (Lazy 0)
[turtlebot4_node-29] [INFO] [1785507157.015415462] [turtlebot4_node]: Init Turtlebot4 Node Main
[parameter_bridge-17] [INFO] [1785507157.126003143] [ir_intensity_front_center_right_bridge]: Creating GZ->ROS Bridge: [/world/warehouse/model/turtlebot4/link/ir_intensity_front_center_right/sensor/ir_intensity_front_center_right/scan (ignition.msgs.LaserScan) -> /world/warehouse/model/turtlebot4/link/ir_intensity_front_center_right/sensor/ir_intensity_front_center_right/scan (sensor_msgs/msg/LaserScan)] (Lazy 0)
[parameter_bridge-16] [INFO] [1785507157.162026424] [ir_intensity_front_center_left_bridge]: Creating GZ->ROS Bridge: [/world/warehouse/model/turtlebot4/link/ir_intensity_front_center_left/sensor/ir_intensity_front_center_left/scan (ignition.msgs.LaserScan) -> /world/warehouse/model/turtlebot4/link/ir_intensity_front_center_left/sensor/ir_intensity_front_center_left/scan (sensor_msgs/msg/LaserScan)] (Lazy 0)
[parameter_bridge-13] [INFO] [1785507157.174088003] [cliff_front_right_bridge]: Creating GZ->ROS Bridge: [/world/warehouse/model/turtlebot4/link/base_link/sensor/cliff_front_right/scan (ignition.msgs.LaserScan) -> /world/warehouse/model/turtlebot4/link/base_link/sensor/cliff_front_right/scan (sensor_msgs/msg/LaserScan)] (Lazy 0)
[mock_publisher-36] [INFO] [1785507157.270152581] [mock_publisher]: Advertised mocked topic: slip_status
[parameter_bridge-19] [INFO] [1785507157.313185854] [ir_intensity_front_right_bridge]: Creating GZ->ROS Bridge: [/world/warehouse/model/turtlebot4/link/ir_intensity_front_right/sensor/ir_intensity_front_right/scan (ignition.msgs.LaserScan) -> /world/warehouse/model/turtlebot4/link/ir_intensity_front_right/sensor/ir_intensity_front_right/scan (sensor_msgs/msg/LaserScan)] (Lazy 0)
[parameter_bridge-21] [INFO] [1785507157.337264848] [ir_intensity_right_bridge]: Creating GZ->ROS Bridge: [/world/warehouse/model/turtlebot4/link/ir_intensity_right/sensor/ir_intensity_right/scan (ignition.msgs.LaserScan) -> /world/warehouse/model/turtlebot4/link/ir_intensity_right/sensor/ir_intensity_right/scan (sensor_msgs/msg/LaserScan)] (Lazy 0)
[wheel_status_publisher-35] [INFO] [1785507157.351451078] [wheel_status_publisher]: Advertised topic: wheel_vels
[wheel_status_publisher-35] [INFO] [1785507157.352842076] [wheel_status_publisher]: Advertised topic: wheel_ticks
[parameter_bridge-11] [INFO] [1785507157.369616762] [bumper_contact_bridge]: Creating GZ->ROS Bridge: [/bumper_contact (ignition.msgs.Contacts) -> /bumper_contact (ros_gz_interfaces/msg/Contacts)] (Lazy 0)
[waypoint_follower-54] [INFO] [1785507157.436134661] [waypoint_follower]: 
[waypoint_follower-54] 	waypoint_follower lifecycle node launched. 
[waypoint_follower-54] 	Waiting on external lifecycle transitions to activate
[waypoint_follower-54] 	See https://design.ros2.org/articles/node_lifecycle.html for more information.
[waypoint_follower-54] [INFO] [1785507157.437259022] [waypoint_follower]: Creating
[parameter_bridge-18] [INFO] [1785507157.458898281] [ir_intensity_front_left_bridge]: Creating GZ->ROS Bridge: [/world/warehouse/model/turtlebot4/link/ir_intensity_front_left/sensor/ir_intensity_front_left/scan (ignition.msgs.LaserScan) -> /world/warehouse/model/turtlebot4/link/ir_intensity_front_left/sensor/ir_intensity_front_left/scan (sensor_msgs/msg/LaserScan)] (Lazy 0)
[parameter_bridge-25] [INFO] [1785507157.475986893] [hmi_buttons_msg_bridge]: Creating GZ->ROS Bridge: [/hmi/buttons (gz.msgs.Int32) -> /hmi/buttons (std_msgs/msg/Int32)] (Lazy 0)
[kidnap_estimator_publisher-38] [INFO] [1785507157.492878949] [kidnap_estimator_publisher]: Advertised topic: kidnap_status
[kidnap_estimator_publisher-38] [INFO] [1785507157.495443984] [kidnap_estimator_publisher]: Subscription to topic: hazard_detection
[motion_control-34] [INFO] [1785507157.501877399] [motion_control]: Enabling REFLEX_BUMP
[motion_control-34] [INFO] [1785507157.502076413] [motion_control]: Enabling REFLEX_CLIFF
[motion_control-34] [INFO] [1785507157.502332499] [motion_control]: Enabling REFLEX_STUCK
[motion_control-34] [INFO] [1785507157.502446790] [motion_control]: Enabling REFLEX_WHEEL_DROP
[parameter_bridge-22] [INFO] [1785507157.507586508] [ir_intensity_side_left_bridge]: Creating GZ->ROS Bridge: [/world/warehouse/model/turtlebot4/link/ir_intensity_side_left/sensor/ir_intensity_side_left/scan (ignition.msgs.LaserScan) -> /world/warehouse/model/turtlebot4/link/ir_intensity_side_left/sensor/ir_intensity_side_left/scan (sensor_msgs/msg/LaserScan)] (Lazy 0)
[static_transform_publisher-43] [INFO] [1785507157.538612550] [rplidar_stf]: Spinning until stopped - publishing transform
[static_transform_publisher-43] translation: ('0.000000', '0.000000', '0.000000')
[static_transform_publisher-43] rotation: ('0.000000', '0.000000', '0.000000', '1.000000')
[static_transform_publisher-43] from 'rplidar_link' to 'turtlebot4/rplidar_link/rplidar'
[parameter_bridge-28] [INFO] [1785507157.543357399] [camera_bridge]: Creating GZ->ROS Bridge: [/world/warehouse/model/turtlebot4/link/oakd_rgb_camera_frame/sensor/rgbd_camera/image (gz.msgs.Image) -> /world/warehouse/model/turtlebot4/link/oakd_rgb_camera_frame/sensor/rgbd_camera/image (sensor_msgs/msg/Image)] (Lazy 0)
[smoother_server-49] [INFO] [1785507157.546164605] [smoother_server]: 
[smoother_server-49] 	smoother_server lifecycle node launched. 
[smoother_server-49] 	Waiting on external lifecycle transitions to activate
[smoother_server-49] 	See https://design.ros2.org/articles/node_lifecycle.html for more information.
[opennav_docking-57] [INFO] [1785507157.553485455] [docking_server]: 
[opennav_docking-57] 	docking_server lifecycle node launched. 
[opennav_docking-57] 	Waiting on external lifecycle transitions to activate
[opennav_docking-57] 	See https://design.ros2.org/articles/node_lifecycle.html for more information.
[opennav_docking-57] [INFO] [1785507157.553640231] [docking_server]: Creating docking_server
[parameter_bridge-28] [INFO] [1785507157.553998620] [camera_bridge]: Creating GZ->ROS Bridge: [/world/warehouse/model/turtlebot4/link/oakd_rgb_camera_frame/sensor/rgbd_camera/depth_image (gz.msgs.Image) -> /world/warehouse/model/turtlebot4/link/oakd_rgb_camera_frame/sensor/rgbd_camera/depth_image (sensor_msgs/msg/Image)] (Lazy 0)
[parameter_bridge-28] [INFO] [1785507157.557943386] [camera_bridge]: Creating GZ->ROS Bridge: [/world/warehouse/model/turtlebot4/link/oakd_rgb_camera_frame/sensor/rgbd_camera/points (gz.msgs.PointCloudPacked) -> /world/warehouse/model/turtlebot4/link/oakd_rgb_camera_frame/sensor/rgbd_camera/points (sensor_msgs/msg/PointCloud2)] (Lazy 0)
[smoother_server-49] [INFO] [1785507157.558029826] [smoother_server]: Creating smoother server
[parameter_bridge-28] [INFO] [1785507157.560970206] [camera_bridge]: Creating GZ->ROS Bridge: [/world/warehouse/model/turtlebot4/link/oakd_rgb_camera_frame/sensor/rgbd_camera/camera_info (gz.msgs.CameraInfo) -> /world/warehouse/model/turtlebot4/link/oakd_rgb_camera_frame/sensor/rgbd_camera/camera_info (sensor_msgs/msg/CameraInfo)] (Lazy 0)
[parameter_bridge-12] [INFO] [1785507157.570832292] [cliff_front_left_bridge]: Creating GZ->ROS Bridge: [/world/warehouse/model/turtlebot4/link/base_link/sensor/cliff_front_left/scan (ignition.msgs.LaserScan) -> /world/warehouse/model/turtlebot4/link/base_link/sensor/cliff_front_left/scan (sensor_msgs/msg/LaserScan)] (Lazy 0)
[velocity_smoother-55] [INFO] [1785507157.580205786] [velocity_smoother]: 
[velocity_smoother-55] 	velocity_smoother lifecycle node launched. 
[velocity_smoother-55] 	Waiting on external lifecycle transitions to activate
[velocity_smoother-55] 	See https://design.ros2.org/articles/node_lifecycle.html for more information.
[robot_state-37] [INFO] [1785507157.588108159] [robot_state]: Advertised topic: battery_state
[robot_state-37] [INFO] [1785507157.596238285] [robot_state]: Subscription to topic: dock_status
[turtlebot4_node-29] [INFO] [1785507157.600532675] [turtlebot4_node]: Buttons Init
[robot_state-37] [INFO] [1785507157.600726511] [robot_state]: Advertised topic: stop_status
[robot_state-37] [INFO] [1785507157.607033194] [robot_state]: Subscription to topic: odom
[parameter_bridge-26] [INFO] [1785507157.616629902] [hmi_led_msg_bridge]: Creating ROS->GZ Bridge: [/hmi/led/power (std_msgs/msg/Int32) -> /hmi/led/power (gz.msgs.Int32)] (Lazy 0)
[rtabmap_viz-47] qt.qpa.plugin: Could not find the Qt platform plugin "wayland" in ""
[static_transform_publisher-44] [INFO] [1785507157.724414431] [camera_stf]: Spinning until stopped - publishing transform
[static_transform_publisher-44] translation: ('0.000000', '0.000000', '0.000000')
[static_transform_publisher-44] rotation: ('0.499952', '-0.500000', '0.500000', '0.500048')
[static_transform_publisher-44] from 'oakd_rgb_camera_optical_frame' to 'turtlebot4/oakd_rgb_camera_frame/rgbd_camera'
[parameter_bridge-26] [INFO] [1785507157.747703645] [hmi_led_msg_bridge]: Creating ROS->GZ Bridge: [/hmi/led/motors (std_msgs/msg/Int32) -> /hmi/led/motors (gz.msgs.Int32)] (Lazy 0)
[parameter_bridge-27] [INFO] [1785507157.763882771] [lidar_bridge]: Creating GZ->ROS Bridge: [/world/warehouse/model/turtlebot4/link/rplidar_link/sensor/rplidar/scan (gz.msgs.LaserScan) -> /world/warehouse/model/turtlebot4/link/rplidar_link/sensor/rplidar/scan (sensor_msgs/msg/LaserScan)] (Lazy 0)
[parameter_bridge-26] [INFO] [1785507157.779345349] [hmi_led_msg_bridge]: Creating ROS->GZ Bridge: [/hmi/led/comms (std_msgs/msg/Int32) -> /hmi/led/comms (gz.msgs.Int32)] (Lazy 0)
[turtlebot4_node-29] [INFO] [1785507157.781977556] [turtlebot4_node]: Init Display
[parameter_bridge-26] [INFO] [1785507157.802017023] [hmi_led_msg_bridge]: Creating ROS->GZ Bridge: [/hmi/led/wifi (std_msgs/msg/Int32) -> /hmi/led/wifi (gz.msgs.Int32)] (Lazy 0)
[turtlebot4_node-29] [INFO] [1785507157.808727425] [turtlebot4_node]: Leds Init
[parameter_bridge-26] [INFO] [1785507157.817351576] [hmi_led_msg_bridge]: Creating ROS->GZ Bridge: [/hmi/led/battery (std_msgs/msg/Int32) -> /hmi/led/battery (gz.msgs.Int32)] (Lazy 0)
[collision_monitor-56] [INFO] [1785507157.817811889] [collision_monitor]: 
[collision_monitor-56] 	collision_monitor lifecycle node launched. 
[collision_monitor-56] 	Waiting on external lifecycle transitions to activate
[collision_monitor-56] 	See https://design.ros2.org/articles/node_lifecycle.html for more information.
[parameter_bridge-26] [INFO] [1785507157.820079367] [hmi_led_msg_bridge]: Creating ROS->GZ Bridge: [/hmi/led/user1 (std_msgs/msg/Int32) -> /hmi/led/user1 (gz.msgs.Int32)] (Lazy 0)
[lifecycle_manager-58] [INFO] [1785507157.824556602] [lifecycle_manager_navigation]: Creating
[route_server-51] [INFO] [1785507157.826710562] [route_server]: 
[route_server-51] 	route_server lifecycle node launched. 
[route_server-51] 	Waiting on external lifecycle transitions to activate
[route_server-51] 	See https://design.ros2.org/articles/node_lifecycle.html for more information.
[lifecycle_manager-58] [INFO] [1785507157.842450903] [lifecycle_manager_navigation]: [34m[1mCreating and initializing lifecycle service clients[0m[0m
[controller_server-48] [INFO] [1785507157.842502457] [controller_server]: 
[controller_server-48] 	controller_server lifecycle node launched. 
[controller_server-48] 	Waiting on external lifecycle transitions to activate
[controller_server-48] 	See https://design.ros2.org/articles/node_lifecycle.html for more information.
[parameter_bridge-26] [INFO] [1785507157.853217005] [hmi_led_msg_bridge]: Creating ROS->GZ Bridge: [/hmi/led/user2 (std_msgs/msg/Int32) -> /hmi/led/user2 (gz.msgs.Int32)] (Lazy 0)
[controller_server-48] [INFO] [1785507157.853616067] [controller_server]: Creating controller server
[parameter_bridge-9] [INFO] [1785507157.863284557] [pose_bridge]: Creating GZ->ROS Bridge: [/model/turtlebot4/pose (ignition.msgs.Pose_V) -> /model/turtlebot4/pose (tf2_msgs/msg/TFMessage)] (Lazy 0)
[parameter_bridge-9] [INFO] [1785507157.895272467] [pose_bridge]: Creating GZ->ROS Bridge: [/model/standard_dock/pose (ignition.msgs.Pose_V) -> /model/standard_dock/pose (tf2_msgs/msg/TFMessage)] (Lazy 0)
[parameter_bridge-45] [INFO] [1785507157.885607146] [clock_bridge]: Creating GZ->ROS Bridge: [/clock (gz.msgs.Clock) -> /clock (rosgraph_msgs/msg/Clock)] (Lazy 0)
[bt_navigator-53] [INFO] [1785507157.917161464] [bt_navigator]: 
[bt_navigator-53] 	bt_navigator lifecycle node launched. 
[bt_navigator-53] 	Waiting on external lifecycle transitions to activate
[bt_navigator-53] 	See https://design.ros2.org/articles/node_lifecycle.html for more information.
[bt_navigator-53] [INFO] [1785507157.922752858] [bt_navigator]: Creating
[parameter_bridge-20] [INFO] [1785507157.930615069] [ir_intensity_left_bridge]: Creating GZ->ROS Bridge: [/world/warehouse/model/turtlebot4/link/ir_intensity_left/sensor/ir_intensity_left/scan (ignition.msgs.LaserScan) -> /world/warehouse/model/turtlebot4/link/ir_intensity_left/sensor/ir_intensity_left/scan (sensor_msgs/msg/LaserScan)] (Lazy 0)
[planner_server-50] [INFO] [1785507157.976532223] [planner_server]: 
[planner_server-50] 	planner_server lifecycle node launched. 
[planner_server-50] 	Waiting on external lifecycle transitions to activate
[planner_server-50] 	See https://design.ros2.org/articles/node_lifecycle.html for more information.
[planner_server-50] [INFO] [1785507157.987615345] [planner_server]: Creating
[parameter_bridge-24] [INFO] [1785507158.015575276] [hmi_display_msg_bridge]: Creating ROS->GZ Bridge: [/hmi/display/raw (std_msgs/msg/String) -> /hmi/display/raw (gz.msgs.StringMsg)] (Lazy 0)
[turtlebot4_node-29] [INFO] [1785507158.042426444] [turtlebot4_node]: Turtlebot4 standard running.
[parameter_bridge-24] [INFO] [1785507158.099428289] [hmi_display_msg_bridge]: Creating ROS->GZ Bridge: [/hmi/display/selected (std_msgs/msg/Int32) -> /hmi/display/selected (gz.msgs.Int32)] (Lazy 0)
[behavior_server-52] [INFO] [1785507158.189527556] [behavior_server]: 
[behavior_server-52] 	behavior_server lifecycle node launched. 
[behavior_server-52] 	Waiting on external lifecycle transitions to activate
[behavior_server-52] 	See https://design.ros2.org/articles/node_lifecycle.html for more information.
[controller_server-48] [INFO] [1785507158.430091090] [local_costmap.local_costmap]: 
[controller_server-48] 	local_costmap lifecycle node launched. 
[controller_server-48] 	Waiting on external lifecycle transitions to activate
[controller_server-48] 	See https://design.ros2.org/articles/node_lifecycle.html for more information.
[controller_server-48] [INFO] [1785507158.435139452] [local_costmap.local_costmap]: Creating Costmap
[ui_mgr-39] [INFO] [1785507158.468790821] [ui_mgr]: Subscription to topic: cmd_lightring
[ui_mgr-39] [INFO] [1785507158.495980330] [ui_mgr]: Subscription to topic: cmd_audio
[slam_manager-59] [INFO] [1785507158.613360856] [slam_manager]: Selected SLAM backend: rtabmap
[slam_manager-59] [INFO] [1785507158.614586417] [slam_manager]: Starting RTAB-Map backend wrapper...
[rtabmap-46] [0m[INFO] [1785507158.634399750] [rtabmap]: rtabmap(maps): latch                      = true[0m
[joint_state_publisher-3] [INFO] [1785507158.634418265] [joint_state_publisher]: Waiting for robot_description to be published on the robot_description topic...
[gazebo-1] [1;32m[Msg] [0m[1;32mGazebo Sim Server v[0m[1;32m8.11.0[0m[1;32m[0m
[gazebo-1] [1;32m[Msg] [0m[1;32mLoading SDF world file[[0m[1;32m/opt/ros/jazzy/share/turtlebot4_gz_bringup/worlds/warehouse.sdf[0m[1;32m].[0m
[gazebo-1] [1;32m[Msg] [0m[1;32mServing entity system service on [[0m[1;32m/[0m[1;32mentity/system/add[0m[1;32m][0m[1;32m[0m
[gazebo-1] [1;36m[Dbg] [Physics.cc:906] [0m[1;36mLoaded [[0m[1;36mgz::physics::dartsim::Plugin[0m[1;36m] from library [[0m[1;36m/opt/ros/jazzy/opt/gz_physics_vendor/lib/gz-physics-7/engine-plugins/libgz-physics-dartsim-plugin.so[0m[1;36m][0m[1;36m[0m
[gazebo-1] [1;36m[Dbg] [SystemManager.cc:80] [0m[1;36mLoaded system [[0m[1;36mgz::sim::systems::Physics[0m[1;36m] for entity [[0m[1;36m1[0m[1;36m][0m[1;36m[0m
[gazebo-1] [1;32m[Msg] [0m[1;32mCreate[0m[1;32m service on [[0m[1;32m/world/warehouse/create_multiple[0m[1;32m] (async)[0m[1;32m[0m
[gazebo-1] [1;32m[Msg] [0m[1;32mCreate[0m[1;32m service on [[0m[1;32m/world/warehouse/create_multiple/blocking[0m[1;32m] (blocking)[0m[1;32m[0m
[gazebo-1] [1;32m[Msg] [0m[1;32mRemove[0m[1;32m service on [[0m[1;32m/world/warehouse/remove[0m[1;32m] (async)[0m[1;32m[0m
[gazebo-1] [1;32m[Msg] [0m[1;32mRemove[0m[1;32m service on [[0m[1;32m/world/warehouse/remove/blocking[0m[1;32m] (blocking)[0m[1;32m[0m
[gazebo-1] [1;32m[Msg] [0m[1;32mPose[0m[1;32m service on [[0m[1;32m/world/warehouse/set_pose[0m[1;32m] (async)[0m[1;32m[0m
[gazebo-1] [1;32m[Msg] [0m[1;32mPose[0m[1;32m service on [[0m[1;32m/world/warehouse/set_pose/blocking[0m[1;32m] (blocking)[0m[1;32m[0m
[gazebo-1] [1;32m[Msg] [0m[1;32mPose[0m[1;32m service on [[0m[1;32m/world/warehouse/set_pose_vector[0m[1;32m] (async)[0m[1;32m[0m
[gazebo-1] [1;32m[Msg] [0m[1;32mPose[0m[1;32m service on [[0m[1;32m/world/warehouse/set_pose_vector/blocking[0m[1;32m] (blocking)[0m[1;32m[0m
[gazebo-1] [1;32m[Msg] [0m[1;32mLight configuration[0m[1;32m service on [[0m[1;32m/world/warehouse/light_config[0m[1;32m] (async)[0m[1;32m[0m
[gazebo-1] [1;32m[Msg] [0m[1;32mLight configuration[0m[1;32m service on [[0m[1;32m/world/warehouse/light_config/blocking[0m[1;32m] (blocking)[0m[1;32m[0m
[gazebo-1] [1;32m[Msg] [0m[1;32mPhysics[0m[1;32m service on [[0m[1;32m/world/warehouse/set_physics[0m[1;32m] (async)[0m[1;32m[0m
[gazebo-1] [1;32m[Msg] [0m[1;32mPhysics[0m[1;32m service on [[0m[1;32m/world/warehouse/set_physics/blocking[0m[1;32m] (blocking)[0m[1;32m[0m
[gazebo-1] [1;32m[Msg] [0m[1;32mSphericalCoordinates[0m[1;32m service on [[0m[1;32m/world/warehouse/set_spherical_coordinates[0m[1;32m] (async)[0m[1;32m[0m
[gazebo-1] [1;32m[Msg] [0m[1;32mSphericalCoordinates[0m[1;32m service on [[0m[1;32m/world/warehouse/set_spherical_coordinates/blocking[0m[1;32m] (blocking)[0m[1;32m[0m
[gazebo-1] [1;32m[Msg] [0m[1;32mEnable collision[0m[1;32m service on [[0m[1;32m/world/warehouse/enable_collision[0m[1;32m] (async)[0m[1;32m[0m
[gazebo-1] [1;32m[Msg] [0m[1;32mEnable collision[0m[1;32m service on [[0m[1;32m/world/warehouse/enable_collision/blocking[0m[1;32m] (blocking)[0m[1;32m[0m
[gazebo-1] [1;32m[Msg] [0m[1;32mDisable collision[0m[1;32m service on [[0m[1;32m/world/warehouse/disable_collision[0m[1;32m] (async)[0m[1;32m[0m
[gazebo-1] [1;32m[Msg] [0m[1;32mDisable collision[0m[1;32m service on [[0m[1;32m/world/warehouse/disable_collision/blocking[0m[1;32m] (blocking)[0m[1;32m[0m
[gazebo-1] [1;32m[Msg] [0m[1;32mMaterial[0m[1;32m service on [[0m[1;32m/world/warehouse/visual_config[0m[1;32m] (async)[0m[1;32m[0m
[gazebo-1] [1;32m[Msg] [0m[1;32mMaterial[0m[1;32m service on [[0m[1;32m/world/warehouse/visual_config/blocking[0m[1;32m] (blocking)[0m[1;32m[0m
[gazebo-1] [1;32m[Msg] [0m[1;32mMaterial[0m[1;32m service on [[0m[1;32m/world/warehouse/wheel_slip[0m[1;32m] (async)[0m[1;32m[0m
[gazebo-1] [1;32m[Msg] [0m[1;32mMaterial[0m[1;32m service on [[0m[1;32m/world/warehouse/wheel_slip/blocking[0m[1;32m] (blocking)[0m[1;32m[0m
[gazebo-1] [1;36m[Dbg] [SystemManager.cc:80] [0m[1;36mLoaded system [[0m[1;36mgz::sim::systems::UserCommands[0m[1;36m] for entity [[0m[1;36m1[0m[1;36m][0m[1;36m[0m
[rtabmap-46] [0m[INFO] [1785507158.636347628] [rtabmap]: rtabmap(maps): map_filter_radius          = 0.000000[0m
[rtabmap-46] [0m[INFO] [1785507158.637395476] [rtabmap]: rtabmap(maps): map_filter_angle           = 30.000000[0m
[rtabmap-46] [0m[INFO] [1785507158.639166232] [rtabmap]: rtabmap(maps): map_cleanup                = true[0m
[rtabmap-46] [0m[INFO] [1785507158.641914776] [rtabmap]: rtabmap(maps): map_always_update          = false[0m
[rtabmap-46] [0m[INFO] [1785507158.641961632] [rtabmap]: rtabmap(maps): map_empty_ray_tracing      = true[0m
[rtabmap-46] [0m[INFO] [1785507158.641987685] [rtabmap]: rtabmap(maps): map_cache_loaded_on_init   = true[0m
[rtabmap-46] [0m[INFO] [1785507158.642009115] [rtabmap]: rtabmap(maps): cloud_output_voxelized     = true[0m
[rtabmap-46] [0m[INFO] [1785507158.642034613] [rtabmap]: rtabmap(maps): cloud_subtract_filtering   = false[0m
[rtabmap-46] [0m[INFO] [1785507158.642053029] [rtabmap]: rtabmap(maps): cloud_subtract_filtering_min_neighbors = 2[0m
[rtabmap-46] [0m[INFO] [1785507158.643688842] [rtabmap]: rtabmap(maps): octomap_tree_depth         = 16[0m
[parameter_bridge-23] [INFO] [1785507158.653102018] [buttons_msg_bridge]: Creating GZ->ROS Bridge: [/create3_buttons (ignition.msgs.Int32) -> /create3_buttons (std_msgs/msg/Int32)] (Lazy 0)
[planner_server-50] [INFO] [1785507158.675751409] [global_costmap.global_costmap]: 
[planner_server-50] 	global_costmap lifecycle node launched. 
[planner_server-50] 	Waiting on external lifecycle transitions to activate
[planner_server-50] 	See https://design.ros2.org/articles/node_lifecycle.html for more information.
[planner_server-50] [INFO] [1785507158.677123080] [global_costmap.global_costmap]: Creating Costmap
[spawner-31] [INFO] [1785507158.696345126] [spawner_joint_state_broadcaster]: waiting for service /controller_manager/list_controllers to become available...
[rtabmap_viz-47] [0m[INFO] [1785507158.709806802] [rtabmap_viz]: rtabmap_viz: rtabmap_node_name   = rtabmap[0m
[rtabmap_viz-47] [0m[INFO] [1785507158.710179396] [rtabmap_viz]: rtabmap_viz: odometry_node_name  = rgbd_odometry[0m
[rtabmap_viz-47] [0m[INFO] [1785507158.710243795] [rtabmap_viz]: rtabmap_viz: Using configuration from "/home/tsehsun/.ros/rtabmapGUI.ini"[0m
[create-6] [INFO] [1785507158.783705071] [ros_gz_sim]: Waiting messages on topic [robot_description].
[create-6] [INFO] [1785507158.857693245] [ros_gz_sim]: Entity creation successful.
[create-7] [INFO] [1785507158.890554919] [ros_gz_sim]: Waiting messages on topic [standard_dock_description].
[create-7] [INFO] [1785507158.928548301] [ros_gz_sim]: Entity creation successful.
[joint_state_publisher-3] [INFO] [1785507159.004086328] [joint_state_publisher]: Got description, configuring robot
[parameter_bridge-26] [INFO] [1785507159.057330914] [hmi_led_msg_bridge]: Passing message from ROS std_msgs/msg/Int32 to Gazebo gz.msgs.Int32 (showing msg only once per type)
[INFO] [create-6]: process has finished cleanly [pid 25774]
[INFO] [create-7]: process has finished cleanly [pid 25775]
[lifecycle_manager-58] [INFO] [1785507159.222133600] [lifecycle_manager_navigation]: [34m[1mStarting managed nodes bringup...[0m[0m
[lifecycle_manager-58] [INFO] [1785507159.222212687] [lifecycle_manager_navigation]: [34m[1mConfiguring controller_server[0m[0m
[controller_server-48] [INFO] [1785507159.222972453] [controller_server]: Configuring controller interface
[controller_server-48] [INFO] [1785507159.223004811] [controller_server]: getting progress checker plugins..
[controller_server-48] [INFO] [1785507159.223607601] [controller_server]: getting goal checker plugins..
[controller_server-48] [INFO] [1785507159.224222917] [controller_server]: Controller frequency set to 20.0000Hz
[controller_server-48] [INFO] [1785507159.224309383] [local_costmap.local_costmap]: Configuring
[rtabmap-46] [0m[INFO] [1785507159.252380912] [rtabmap]: rtabmap: frame_id      = "base_link"[0m
[rtabmap-46] [0m[INFO] [1785507159.252441159] [rtabmap]: rtabmap: odom_frame_id = ""[0m
[rtabmap-46] [0m[INFO] [1785507159.252451424] [rtabmap]: rtabmap: ground_truth_frame_id = "" -> ground_truth_base_frame_id = ""[0m
[rtabmap-46] [0m[INFO] [1785507159.252460762] [rtabmap]: rtabmap: map_frame_id  = "map"[0m
[rtabmap-46] [0m[INFO] [1785507159.252476944] [rtabmap]: rtabmap: log_to_rosout_level  = 4[0m
[rtabmap-46] [0m[INFO] [1785507159.252486167] [rtabmap]: rtabmap: initial_pose  = ""[0m
[rtabmap-46] [0m[INFO] [1785507159.252493737] [rtabmap]: rtabmap: use_action_for_goal  = false[0m
[rtabmap-46] [0m[INFO] [1785507159.252501514] [rtabmap]: rtabmap: tf_delay      = 0.050000[0m
[rtabmap-46] [0m[INFO] [1785507159.252514429] [rtabmap]: rtabmap: tf_tolerance  = 0.100000[0m
[rtabmap-46] [0m[INFO] [1785507159.252523750] [rtabmap]: rtabmap: odom_sensor_sync   = false[0m
[rtabmap-46] [0m[INFO] [1785507159.252532133] [rtabmap]: rtabmap: pub_loc_pose_only_when_localizing = false[0m
[rtabmap-46] [0m[INFO] [1785507159.252541578] [rtabmap]: rtabmap: wait_for_transform = 0.200000[0m
[rtabmap-46] [0m[INFO] [1785507159.252550660] [rtabmap]: rtabmap: staleness_factor = 0.000000[0m
[rtabmap-46] [0m[INFO] [1785507159.252559994] [rtabmap]: rtabmap: gen_scan  = false[0m
[rtabmap-46] [0m[INFO] [1785507159.252567840] [rtabmap]: rtabmap: gen_depth  = false[0m
[controller_server-48] [INFO] [1785507159.266437019] [local_costmap.local_costmap]: Using plugin "static_layer"
[controller_server-48] [INFO] [1785507159.277865267] [local_costmap.local_costmap]: Subscribing to the map topic (/map) with transient local durability
[controller_server-48] [INFO] [1785507159.286055122] [local_costmap.local_costmap]: Initialized plugin "static_layer"
[controller_server-48] [INFO] [1785507159.286124222] [local_costmap.local_costmap]: Using plugin "voxel_layer"
[gazebo-1] [1;36m[Dbg] [SystemManager.cc:80] [0m[1;36mLoaded system [[0m[1;36mgz::sim::systems::SceneBroadcaster[0m[1;36m] for entity [[0m[1;36m1[0m[1;36m][0m[1;36m[0m
[gazebo-1] [1;36m[Dbg] [SystemManager.cc:80] [0m[1;36mLoaded system [[0m[1;36mgz::sim::systems::Contact[0m[1;36m] for entity [[0m[1;36m1[0m[1;36m][0m[1;36m[0m
[gazebo-1] [1;32m[Msg] [0m[1;32mLoaded level [[0m[1;32mdefault[0m[1;32m][0m[1;32m[0m
[gazebo-1] [1;32m[Msg] [0m[1;32mServing world controls on [[0m[1;32m/world/warehouse[0m[1;32m/control], [[0m[1;32m/world/warehouse[0m[1;32m/control/state] and [[0m[1;32m/world/warehouse[0m[1;32m/playback/control][0m[1;32m[0m
[gazebo-1] [1;32m[Msg] [0m[1;32mServing GUI information on [[0m[1;32m/world/warehouse[0m[1;32m/[0m[1;32mgui/info[0m[1;32m][0m[1;32m[0m
[gazebo-1] [1;32m[Msg] [0m[1;32mWorld [[0m[1;32mwarehouse[0m[1;32m] initialized with [[0m[1;32mdefault_physics[0m[1;32m] physics profile.[0m[1;32m[0m
[gazebo-1] [1;32m[Msg] [0m[1;32mServing world SDF generation service on [[0m[1;32m/world/warehouse[0m[1;32m/[0m[1;32mgenerate_world_sdf[0m[1;32m][0m[1;32m[0m
[gazebo-1] [1;32m[Msg] [0m[1;32mServing world names on [[0m[1;32m/gazebo/worlds[0m[1;32m][0m[1;32m[0m
[gazebo-1] [1;32m[Msg] [0m[1;32mResource path add service on [[0m[1;32m/gazebo/resource_paths/add[0m[1;32m].[0m[1;32m[0m
[gazebo-1] [1;32m[Msg] [0m[1;32mResource path get service on [[0m[1;32m/gazebo/resource_paths/get[0m[1;32m].[0m[1;32m[0m
[gazebo-1] [1;32m[Msg] [0m[1;32mResource path resolve service on [[0m[1;32m/gazebo/resource_paths/resolve[0m[1;32m].[0m[1;32m[0m
[gazebo-1] [1;32m[Msg] [0m[1;32mResource paths published on [[0m[1;32m/gazebo/resource_paths[0m[1;32m].[0m[1;32m[0m
[gazebo-1] [1;32m[Msg] [0m[1;32mServer control service on [[0m[1;32m/server_control[0m[1;32m].[0m[1;32m[0m
[gazebo-1] [1;32m[Msg] [0m[1;32mFound no publishers on /stats, adding root stats topic[0m[1;32m[0m
[gazebo-1] [1;32m[Msg] [0m[1;32mFound no publishers on /clock, adding root clock topic[0m[1;32m[0m
[gazebo-1] [1;36m[Dbg] [SimulationRunner.cc:551] [0m[1;36mCreating PostUpdate worker threads: [0m[1;36m3[0m[1;36m[0m
[gazebo-1] [1;36m[Dbg] [SimulationRunner.cc:562] [0m[1;36mCreating postupdate worker thread ([0m[1;36m0[0m[1;36m)[0m[1;36m[0m
[gazebo-1] [1;36m[Dbg] [SimulationRunner.cc:562] [0m[1;36mCreating postupdate worker thread ([0m[1;36m1[0m[1;36m)[0m[1;36m[0m
[gazebo-1] [1;33mWarning [Utils.cc:132][0m [/sdf/model[@name="turtlebot4"]/joint[@name="wheel_drop_left_joint"]/physics/ode/provide_feedback:<urdf-string>:L0]: XML Element[provide_feedback], child of element[ode], not defined in SDF. Copying[provide_feedback] as children of [ode].
[controller_server-48] [INFO] [1785507159.293267754] [local_costmap.local_costmap]: Subscribed to Topics: scan
[gazebo-1] [1;33mWarning [Utils.cc:132][0m [/sdf/model[@name="turtlebot4"]/joint[@name="wheel_drop_right_joint"]/physics/ode/provide_feedback:<urdf-string>:L0]: XML Element[provide_feedback], child of element[ode], not defined in SDF. Copying[provide_feedback] as children of [ode].
[gazebo-1] [1;33m[Wrn] [SdfEntityCreator.cc:933] [0m[1;33mGazebo does not support Ogre material scripts. See [0m[1;33mhttps://gazebosim.org/api/sim/8/migrationsdf.html#:~:text=Materials [0m[1;33mfor details.[0m[1;33m[0m
[gazebo-1] [1;33m[Wrn] [SdfEntityCreator.cc:949] [0m[1;33mUsing an internal gazebo.material to parse [0m[1;33mGazebo/DarkGrey[0m[1;33m[0m
[gazebo-1] [1;33m[Wrn] [SdfEntityCreator.cc:933] [0m[1;33mGazebo does not support Ogre material scripts. See [0m[1;33mhttps://gazebosim.org/api/sim/8/migrationsdf.html#:~:text=Materials [0m[1;33mfor details.[0m[1;33m[0m
[gazebo-1] [1;33m[Wrn] [SdfEntityCreator.cc:949] [0m[1;33mUsing an internal gazebo.material to parse [0m[1;33mGazebo/DarkGrey[0m[1;33m[0m
[gazebo-1] [1;33m[Wrn] [SdfEntityCreator.cc:933] [0m[1;33mGazebo does not support Ogre material scripts. See [0m[1;33mhttps://gazebosim.org/api/sim/8/migrationsdf.html#:~:text=Materials [0m[1;33mfor details.[0m[1;33m[0m
[gazebo-1] [1;33m[Wrn] [SdfEntityCreator.cc:949] [0m[1;33mUsing an internal gazebo.material to parse [0m[1;33mGazebo/DarkGrey[0m[1;33m[0m
[gazebo-1] [1;33m[Wrn] [SdfEntityCreator.cc:933] [0m[1;33mGazebo does not support Ogre material scripts. See [0m[1;33mhttps://gazebosim.org/api/sim/8/migrationsdf.html#:~:text=Materials [0m[1;33mfor details.[0m[1;33m[0m
[gazebo-1] [1;33m[Wrn] [SdfEntityCreator.cc:949] [0m[1;33mUsing an internal gazebo.material to parse [0m[1;33mGazebo/DarkGrey[0m[1;33m[0m
[controller_server-48] [INFO] [1785507159.344072380] [local_costmap.local_costmap]: Initialized plugin "voxel_layer"
[controller_server-48] [INFO] [1785507159.344145999] [local_costmap.local_costmap]: Using plugin "inflation_layer"
[controller_server-48] [INFO] [1785507159.347123098] [local_costmap.local_costmap]: Initialized plugin "inflation_layer"
[rtabmap-46] [0m[INFO] [1785507159.462904844] [rtabmap]: Setting RTAB-Map parameter "Mem/IncrementalMemory"="true" (rosparam)[0m
[rtabmap-46] [0m[INFO] [1785507159.463665198] [rtabmap]: Setting RTAB-Map parameter "Mem/InitWMWithAllNodes"="false" (rosparam)[0m
[controller_server-48] [INFO] [1785507159.484914892] [controller_server]: Created progress_checker : progress_checker of type nav2_controller::SimpleProgressChecker
[controller_server-48] [INFO] [1785507159.487388800] [controller_server]: Controller Server has progress_checker  progress checkers available.
[exploration_manager-60] [INFO] [1785507159.490982226] [exploration_manager]: Selected exploration method: frontier
[controller_server-48] [INFO] [1785507159.491700041] [controller_server]: Created goal checker : general_goal_checker of type nav2_controller::SimpleGoalChecker
[exploration_manager-60] [INFO] [1785507159.493837909] [exploration_manager]: Starting Frontier Explorer...
[controller_server-48] [INFO] [1785507159.497410846] [controller_server]: Controller Server has general_goal_checker  goal checkers available.
[controller_server-48] [INFO] [1785507159.505357303] [controller_server]: Created controller : FollowPath of type nav2_rotation_shim_controller::RotationShimController
[gazebo-1] [INFO] [1785507159.506569108] [gz_ros_control]: [gz_ros2_control] Fixed joint ['bumper_joint'] (Entity='215') is skipped.
[gazebo-1] [INFO] [1785507159.506801899] [gz_ros_control]: [gz_ros2_control] Fixed joint ['front_caster_joint'] (Entity='216') is skipped.
[gazebo-1] [INFO] [1785507159.506822478] [gz_ros_control]: [gz_ros2_control] Fixed joint ['front_left_bottom_weight_block_joint'] (Entity='217') is skipped.
[gazebo-1] [INFO] [1785507159.506832840] [gz_ros_control]: [gz_ros2_control] Fixed joint ['front_left_top_weight_block_joint'] (Entity='218') is skipped.
[gazebo-1] [INFO] [1785507159.506840364] [gz_ros_control]: [gz_ros2_control] Fixed joint ['front_right_bottom_weight_block_joint'] (Entity='219') is skipped.
[gazebo-1] [INFO] [1785507159.506848427] [gz_ros_control]: [gz_ros2_control] Fixed joint ['front_right_top_weight_block_joint'] (Entity='220') is skipped.
[gazebo-1] [INFO] [1785507159.506856337] [gz_ros_control]: [gz_ros2_control] Fixed joint ['imu_joint'] (Entity='221') is skipped.
[gazebo-1] [INFO] [1785507159.506863123] [gz_ros_control]: [gz_ros2_control] Fixed joint ['ir_intensity_front_center_left_joint'] (Entity='222') is skipped.
[gazebo-1] [INFO] [1785507159.506870407] [gz_ros_control]: [gz_ros2_control] Fixed joint ['ir_intensity_front_center_right_joint'] (Entity='223') is skipped.
[gazebo-1] [INFO] [1785507159.506877553] [gz_ros_control]: [gz_ros2_control] Fixed joint ['ir_intensity_front_left_joint'] (Entity='224') is skipped.
[gazebo-1] [INFO] [1785507159.506885326] [gz_ros_control]: [gz_ros2_control] Fixed joint ['ir_intensity_front_right_joint'] (Entity='225') is skipped.
[gazebo-1] [INFO] [1785507159.506892893] [gz_ros_control]: [gz_ros2_control] Fixed joint ['ir_intensity_left_joint'] (Entity='226') is skipped.
[gazebo-1] [INFO] [1785507159.506900697] [gz_ros_control]: [gz_ros2_control] Fixed joint ['ir_intensity_right_joint'] (Entity='227') is skipped.
[gazebo-1] [INFO] [1785507159.506908576] [gz_ros_control]: [gz_ros2_control] Fixed joint ['ir_intensity_side_left_joint'] (Entity='228') is skipped.
[gazebo-1] [INFO] [1785507159.506916637] [gz_ros_control]: [gz_ros2_control] Fixed joint ['ir_omni_joint'] (Entity='229') is skipped.
[gazebo-1] [INFO] [1785507159.506924399] [gz_ros_control]: [gz_ros2_control] Fixed joint ['mouse_joint'] (Entity='230') is skipped.
[gazebo-1] [INFO] [1785507159.506933040] [gz_ros_control]: [gz_ros2_control] Fixed joint ['front_left_tower_standoff_joint'] (Entity='231') is skipped.
[gazebo-1] [INFO] [1785507159.506941074] [gz_ros_control]: [gz_ros2_control] Fixed joint ['front_right_tower_standoff_joint'] (Entity='232') is skipped.
[gazebo-1] [INFO] [1785507159.506948748] [gz_ros_control]: [gz_ros2_control] Fixed joint ['oakd_camera_bracket_joint'] (Entity='233') is skipped.
[gazebo-1] [INFO] [1785507159.506956419] [gz_ros_control]: [gz_ros2_control] Fixed joint ['oakd_joint'] (Entity='234') is skipped.
[gazebo-1] [INFO] [1785507159.506964198] [gz_ros_control]: [gz_ros2_control] Fixed joint ['oakd_imu_joint'] (Entity='235') is skipped.
[gazebo-1] [INFO] [1785507159.506970868] [gz_ros_control]: [gz_ros2_control] Fixed joint ['oakd_left_camera_joint'] (Entity='236') is skipped.
[gazebo-1] [INFO] [1785507159.506978685] [gz_ros_control]: [gz_ros2_control] Fixed joint ['oakd_left_camera_optical_joint'] (Entity='237') is skipped.
[gazebo-1] [INFO] [1785507159.506987117] [gz_ros_control]: [gz_ros2_control] Fixed joint ['oakd_rgb_camera_joint'] (Entity='238') is skipped.
[gazebo-1] [INFO] [1785507159.506995425] [gz_ros_control]: [gz_ros2_control] Fixed joint ['oakd_rgb_camera_optical_joint'] (Entity='239') is skipped.
[gazebo-1] [INFO] [1785507159.507000806] [gz_ros_control]: [gz_ros2_control] Fixed joint ['oakd_right_camera_joint'] (Entity='240') is skipped.
[gazebo-1] [INFO] [1785507159.507009826] [gz_ros_control]: [gz_ros2_control] Fixed joint ['oakd_right_camera_optical_joint'] (Entity='241') is skipped.
[gazebo-1] [INFO] [1785507159.507018451] [gz_ros_control]: [gz_ros2_control] Fixed joint ['rear_left_tower_standoff_joint'] (Entity='242') is skipped.
[gazebo-1] [INFO] [1785507159.507025996] [gz_ros_control]: [gz_ros2_control] Fixed joint ['rear_right_tower_standoff_joint'] (Entity='243') is skipped.
[gazebo-1] [INFO] [1785507159.507033358] [gz_ros_control]: [gz_ros2_control] Fixed joint ['rplidar_joint'] (Entity='244') is skipped.
[gazebo-1] [INFO] [1785507159.507040260] [gz_ros_control]: [gz_ros2_control] Fixed joint ['tower_sensor_plate_joint'] (Entity='245') is skipped.
[gazebo-1] [INFO] [1785507159.509635227] [gz_ros_control]: Loading controller_manager
[controller_server-48] [INFO] [1785507159.514672771] [controller_server]: Created internal controller for rotation shimming: FollowPath of type nav2_mppi_controller::MPPIController
[controller_server-48] [INFO] [1785507159.530973172] [controller_server]: Controller period is equal to model dt. Control sequence shifting is ON
[controller_server-48] [INFO] [1785507159.536570922] [controller_server]: ConstraintCritic instantiated with 1 power and 4.000000 weight.
[controller_server-48] [INFO] [1785507159.536644691] [controller_server]: Critic loaded : mppi::critics::ConstraintCritic
[controller_server-48] [INFO] [1785507159.540936176] [controller_server]: InflationCostCritic instantiated with 1 power and 300.000000 / 0.015000 weights. Critic will collision check based on footprint cost.
[controller_server-48] [INFO] [1785507159.541005964] [controller_server]: Critic loaded : mppi::critics::CostCritic
[controller_server-48] [INFO] [1785507159.544076164] [controller_server]: GoalCritic instantiated with 1 power and 5.000000 weight.
[controller_server-48] [INFO] [1785507159.544143270] [controller_server]: Critic loaded : mppi::critics::GoalCritic
[controller_server-48] [INFO] [1785507159.545965438] [controller_server]: GoalAngleCritic instantiated with 1 power, 3.000000 weight, 0.500000 angular threshold and symmetric_yaw_tolerance disabled
[controller_server-48] [INFO] [1785507159.546021968] [controller_server]: Critic loaded : mppi::critics::GoalAngleCritic
[controller_server-48] [INFO] [1785507159.550091196] [controller_server]: ReferenceTrajectoryCritic instantiated with 1 power and 14.000000 weight
[controller_server-48] [INFO] [1785507159.550152442] [controller_server]: Critic loaded : mppi::critics::PathAlignCritic
[controller_server-48] [INFO] [1785507159.554416218] [controller_server]: Critic loaded : mppi::critics::PathFollowCritic
[controller_server-48] [INFO] [1785507159.560720706] [controller_server]: PathAngleCritic instantiated with 1 power and 2.000000 weight. Mode set to: Forward Preference
[controller_server-48] [INFO] [1785507159.560893482] [controller_server]: Critic loaded : mppi::critics::PathAngleCritic
[gazebo-1] [INFO] [1785507159.565538654] [controller_manager]: Using ROS clock for triggering controller manager cycles.
[controller_server-48] [INFO] [1785507159.566177255] [controller_server]: PreferForwardCritic instantiated with 1 power and 5.000000 weight.
[controller_server-48] [INFO] [1785507159.566240558] [controller_server]: Critic loaded : mppi::critics::PreferForwardCritic
[controller_server-48] [INFO] [1785507159.571618381] [controller_server]: Optimizer reset
[gazebo-1] [INFO] [1785507159.582814732] [controller_manager]: Subscribing to '/robot_description' topic for robot description.
[gazebo-1] [WARN] [1785507159.603175637] [gz_ros_control]: Waiting RM to load and initialize hardware...
[controller_server-48] [INFO] [1785507159.803751000] [MPPIController]: Configured MPPI Controller: FollowPath
[controller_server-48] [INFO] [1785507159.803814733] [controller_server]: Controller Server has FollowPath  controllers available.
[lifecycle_manager-58] [INFO] [1785507159.836745449] [lifecycle_manager_navigation]: [34m[1mConfiguring smoother_server[0m[0m
[smoother_server-49] [INFO] [1785507159.837793006] [smoother_server]: Configuring smoother server
[smoother_server-49] [INFO] [1785507159.888197097] [smoother_server]: Created smoother : simple_smoother of type nav2_smoother::SimpleSmoother
[smoother_server-49] [INFO] [1785507159.896550907] [smoother_server]: Smoother Server has simple_smoother  smoothers available.
[rtabmap-46] [0m[INFO] [1785507159.915557461] [rtabmap]: Update RTAB-Map parameter "Grid/3D"="true" from arguments[0m
[rtabmap-46] [0m[INFO] [1785507159.915675436] [rtabmap]: Update RTAB-Map parameter "Grid/RayTracing"="true" from arguments[0m
[rtabmap-46] [0m[INFO] [1785507159.915699399] [rtabmap]: Update RTAB-Map parameter "Grid/Sensor"="1" from arguments[0m
[rtabmap-46] [0m[INFO] [1785507159.915710576] [rtabmap]: Update RTAB-Map parameter "RGBD/OptimizeMaxError"="0" from arguments[0m
[rtabmap-46] [0m[INFO] [1785507159.915723342] [rtabmap]: Update RTAB-Map parameter "RGBD/ProximityBySpace"="false" from arguments[0m
[rtabmap-46] [0m[INFO] [1785507159.915733545] [rtabmap]: Update RTAB-Map parameter "RGBD/ProximityByTime"="false" from arguments[0m
[rtabmap-46] [0m[INFO] [1785507159.915743397] [rtabmap]: Update RTAB-Map parameter "Rtabmap/LoopThr"="0.11" from arguments[0m
[rtabmap-46] [0m[INFO] [1785507159.915752605] [rtabmap]: Update RTAB-Map parameter "VhEp/Enabled"="false" from arguments[0m
[rtabmap-46] [0m[INFO] [1785507159.915761524] [rtabmap]: Update RTAB-Map parameter "VhEp/MatchCountMin"="12" from arguments[0m
[rtabmap-46] [0m[INFO] [1785507159.915771450] [rtabmap]: Update RTAB-Map parameter "VhEp/RansacParam1"="2.0" from arguments[0m
[rtabmap-46] [0m[INFO] [1785507159.915784334] [rtabmap]: Update RTAB-Map parameter "VhEp/RansacParam2"="0.99" from arguments[0m
[rtabmap-46] [0m[INFO] [1785507159.915791656] [rtabmap]: Update RTAB-Map parameter "Vis/MinInliers"="10" from arguments[0m
[rtabmap-46] [0m[INFO] [1785507159.915799239] [rtabmap]: Update RTAB-Map parameter "Vis/MinInliersDistribution"="0.0" from arguments[0m
[rtabmap-46] [0m[INFO] [1785507159.916186950] [rtabmap]: RTAB-Map detection rate = 1.000000 Hz[0m
[rtabmap-46] [0m[INFO] [1785507159.931185144] [rtabmap]: rtabmap: Deleted database "/home/tsehsun/.ros/rtabmap.db" (--delete_db_on_start or -d are set).[0m
[rtabmap-46] [0m[INFO] [1785507159.931312028] [rtabmap]: rtabmap: Using database from "/home/tsehsun/.ros/rtabmap.db" (0 MB).[0m
[lifecycle_manager-58] [INFO] [1785507159.934143412] [lifecycle_manager_navigation]: [34m[1mConfiguring planner_server[0m[0m
[planner_server-50] [INFO] [1785507159.935304981] [planner_server]: Configuring
[planner_server-50] [INFO] [1785507159.935382059] [global_costmap.global_costmap]: Configuring
[planner_server-50] [INFO] [1785507159.964963082] [global_costmap.global_costmap]: Using plugin "static_layer"
[planner_server-50] [INFO] [1785507159.973504110] [global_costmap.global_costmap]: Subscribing to the map topic (/map) with transient local durability
[planner_server-50] [INFO] [1785507159.977908248] [global_costmap.global_costmap]: Initialized plugin "static_layer"
[planner_server-50] [INFO] [1785507159.977966958] [global_costmap.global_costmap]: Using plugin "obstacle_layer"
[planner_server-50] [INFO] [1785507159.981130619] [global_costmap.global_costmap]: Subscribed to Topics: scan
[rtabmap-46] [0m[INFO] [1785507159.992861046] [rtabmap]: rtabmap: Database version = "0.23.8".[0m
[rtabmap-46] [0m[INFO] [1785507159.992935817] [rtabmap]: rtabmap: SLAM mode (Mem/IncrementalMemory=true)[0m
[planner_server-50] [INFO] [1785507159.996364063] [global_costmap.global_costmap]: Initialized plugin "obstacle_layer"
[planner_server-50] [INFO] [1785507159.996441489] [global_costmap.global_costmap]: Using plugin "inflation_layer"
[planner_server-50] [INFO] [1785507159.999248651] [global_costmap.global_costmap]: Initialized plugin "inflation_layer"
[planner_server-50] [INFO] [1785507160.077274577] [planner_server]: Created global planner plugin GridBased of type nav2_navfn_planner::NavfnPlanner
[planner_server-50] [INFO] [1785507160.077331838] [planner_server]: Configuring plugin GridBased of type NavfnPlanner
[planner_server-50] [INFO] [1785507160.079274191] [planner_server]: Planner Server has GridBased  planners available.
[parameter_bridge-24] [INFO] [1785507160.093812283] [hmi_display_msg_bridge]: Passing message from ROS std_msgs/msg/Int32 to Gazebo gz.msgs.Int32 (showing msg only once per type)
[parameter_bridge-24] [INFO] [1785507160.093933719] [hmi_display_msg_bridge]: Passing message from ROS std_msgs/msg/String to Gazebo gz.msgs.StringMsg (showing msg only once per type)
[rtabmap-46] [0m[INFO] [1785507160.103655342] [rtabmap]: Setup callbacks[0m
[rtabmap-46] [0m[INFO] [1785507160.104514221] [rtabmap]: rtabmap: subscribe_depth = true[0m
[rtabmap-46] [0m[INFO] [1785507160.104564727] [rtabmap]: rtabmap: subscribe_rgb = true[0m
[rtabmap-46] [0m[INFO] [1785507160.104578438] [rtabmap]: rtabmap: subscribe_stereo = false[0m
[rtabmap-46] [0m[INFO] [1785507160.104589932] [rtabmap]: rtabmap: subscribe_rgbd = false (rgbd_cameras=1)[0m
[rtabmap-46] [0m[INFO] [1785507160.104601557] [rtabmap]: rtabmap: subscribe_sensor_data = false[0m
[rtabmap-46] [0m[INFO] [1785507160.104618683] [rtabmap]: rtabmap: subscribe_odom = true[0m
[rtabmap-46] [0m[INFO] [1785507160.104629943] [rtabmap]: rtabmap: subscribe_odom_info = false[0m
[rtabmap-46] [0m[INFO] [1785507160.104642302] [rtabmap]: rtabmap: subscribe_user_data = false[0m
[rtabmap-46] [0m[INFO] [1785507160.104652520] [rtabmap]: rtabmap: subscribe_scan = true[0m
[rtabmap-46] [0m[INFO] [1785507160.104662818] [rtabmap]: rtabmap: subscribe_scan_cloud = false[0m
[rtabmap-46] [0m[INFO] [1785507160.104683277] [rtabmap]: rtabmap: subscribe_scan_descriptor = false[0m
[rtabmap-46] [0m[INFO] [1785507160.104695183] [rtabmap]: rtabmap: topic_queue_size = 10[0m
[rtabmap-46] [0m[INFO] [1785507160.104706957] [rtabmap]: rtabmap: sync_queue_size  = 10[0m
[rtabmap-46] [0m[INFO] [1785507160.104718606] [rtabmap]: rtabmap: qos_image       = 2[0m
[rtabmap-46] [0m[INFO] [1785507160.104729096] [rtabmap]: rtabmap: qos_camera_info = 2[0m
[rtabmap-46] [0m[INFO] [1785507160.104739091] [rtabmap]: rtabmap: qos_scan        = 2[0m
[rtabmap-46] [0m[INFO] [1785507160.104752125] [rtabmap]: rtabmap: qos_odom        = 2[0m
[rtabmap-46] [0m[INFO] [1785507160.104762190] [rtabmap]: rtabmap: qos_user_data   = 2[0m
[rtabmap-46] [0m[INFO] [1785507160.104769451] [rtabmap]: rtabmap: approx_sync     = true[0m
[rtabmap-46] [0m[INFO] [1785507160.104786176] [rtabmap]: rtabmap: image_transport = raw[0m
[rtabmap-46] [0m[INFO] [1785507160.104796475] [rtabmap]: rtabmap: depth_transport = raw[0m
[rtabmap-46] [0m[INFO] [1785507160.104826144] [rtabmap]: Setup depth callback[0m
[lifecycle_manager-58] [INFO] [1785507160.119938410] [lifecycle_manager_navigation]: [34m[1mConfiguring route_server[0m[0m
[rtabmap-46] [0m[INFO] [1785507160.120416186] [rtabmap]: 
[rtabmap-46] rtabmap subscribed to (approx sync):
[rtabmap-46]    /odom \
[rtabmap-46]    /oakd/rgb/preview/image_raw \
[rtabmap-46]    /oakd/rgb/preview/depth \
[rtabmap-46]    /oakd/rgb/preview/camera_info \
[rtabmap-46]    /scan[0m
[route_server-51] [INFO] [1785507160.120594556] [route_server]: Configuring
[route_server-51] [INFO] [1785507160.240711239] [route_server]: Created GraphFileLoader GeoJsonGraphFileLoader of type nav2_route::GeoJsonGraphFileLoader
[route_server-51] [INFO] [1785507160.240876464] [route_server]: Configuring geojson graph file loader
[route_server-51] [INFO] [1785507160.240901641] [route_server]: No graph file provided to load yet.
[route_server-51] [INFO] [1785507160.250527856] [route_server]: Created edge cost function plugin DistanceScorer of type nav2_route::DistanceScorer
[route_server-51] [INFO] [1785507160.250602166] [route_server]: Configuring distance scorer.
[route_server-51] [INFO] [1785507160.251566963] [route_server]: Created edge cost function plugin DynamicEdgesScorer of type nav2_route::DynamicEdgesScorer
[route_server-51] [INFO] [1785507160.251617418] [route_server]: Configuring adjust edges scorer.
[route_server-51] [INFO] [1785507160.275886282] [route_server]: Created route operation AdjustSpeedLimit of type nav2_route::AdjustSpeedLimit
[route_server-51] [INFO] [1785507160.275955853] [route_server]: Configuring Adjust speed limit operation.
[route_server-51] [INFO] [1785507160.285078463] [route_server]: Created route operation ReroutingService of type nav2_route::ReroutingService
[route_server-51] [INFO] [1785507160.285140828] [route_server]: Configuring Rerouting service operation.
[lifecycle_manager-58] [INFO] [1785507160.307764428] [lifecycle_manager_navigation]: [34m[1mConfiguring behavior_server[0m[0m
[behavior_server-52] [INFO] [1785507160.309573076] [behavior_server]: Configuring
[behavior_server-52] [INFO] [1785507160.342820656] [behavior_server]: Creating behavior plugin spin of type nav2_behaviors::Spin
[behavior_server-52] [INFO] [1785507160.348573528] [behavior_server]: Creating behavior plugin backup of type nav2_behaviors::BackUp
[behavior_server-52] [INFO] [1785507160.353038084] [behavior_server]: Creating behavior plugin drive_on_heading of type nav2_behaviors::DriveOnHeading
[behavior_server-52] [INFO] [1785507160.358270368] [behavior_server]: Creating behavior plugin assisted_teleop of type nav2_behaviors::AssistedTeleop
[behavior_server-52] [INFO] [1785507160.366396279] [behavior_server]: Creating behavior plugin wait of type nav2_behaviors::Wait
[behavior_server-52] [INFO] [1785507160.418077961] [behavior_server]: Configuring spin
[gazebo-1] [INFO] [1785507160.535457297] [controller_manager]: Received robot description from topic.
[gazebo-1] [INFO] [1785507160.535575579] [controller_manager]: Enforcing command limits is disabled. Command limits from URDF will be ignored.
[behavior_server-52] [INFO] [1785507160.554542714] [behavior_server]: Configuring backup
[gazebo-1] [INFO] [1785507160.575322241] [gz_ros_control]: The position_proportional_gain has been set to: 0.1
[gazebo-1] [INFO] [1785507160.575445175] [gz_ros_control]: Loading joint: left_wheel_joint
[gazebo-1] [INFO] [1785507160.575462884] [gz_ros_control]: 	State:
[gazebo-1] [INFO] [1785507160.575477654] [gz_ros_control]: 		 velocity
[gazebo-1] [INFO] [1785507160.575486912] [gz_ros_control]: 		 position
[gazebo-1] [INFO] [1785507160.575502713] [gz_ros_control]: 	Command:
[gazebo-1] [INFO] [1785507160.575510449] [gz_ros_control]: 		 velocity
[gazebo-1] [INFO] [1785507160.575697381] [gz_ros_control]: Loading sensor: imu
[gazebo-1] [INFO] [1785507160.575715941] [gz_ros_control]: 	State:
[gazebo-1] [WARN] [1785507160.575725163] [gz_ros_control]: IMU sensor 'imu' not found in hardware_info, skipping.
[gazebo-1] [INFO] [1785507160.580301095] [controller_manager]: Initialize hardware 'left_wheel_controller' 
[gazebo-1] [WARN] [1785507160.580414760] [controller_manager.hardware_component.system.left_wheel_controller]: Executor is not available during hardware component initialization for 'left_wheel_controller'. Skipping node creation!
[gazebo-1] [INFO] [1785507160.580576998] [controller_manager]: Successful initialization of hardware 'left_wheel_controller'
[gazebo-1] [INFO] [1785507160.580798077] [gz_ros_control]: The position_proportional_gain has been set to: 0.1
[gazebo-1] [INFO] [1785507160.580851351] [gz_ros_control]: Loading joint: right_wheel_joint
[gazebo-1] [INFO] [1785507160.580863754] [gz_ros_control]: 	State:
[gazebo-1] [INFO] [1785507160.580872689] [gz_ros_control]: 		 velocity
[gazebo-1] [INFO] [1785507160.580882416] [gz_ros_control]: 		 position
[gazebo-1] [INFO] [1785507160.580891974] [gz_ros_control]: 	Command:
[gazebo-1] [INFO] [1785507160.580900162] [gz_ros_control]: 		 velocity
[gazebo-1] [INFO] [1785507160.580929840] [gz_ros_control]: Loading sensor: imu
[gazebo-1] [INFO] [1785507160.580939414] [gz_ros_control]: 	State:
[gazebo-1] [WARN] [1785507160.580947545] [gz_ros_control]: IMU sensor 'imu' not found in hardware_info, skipping.
[gazebo-1] [INFO] [1785507160.580992174] [controller_manager]: Initialize hardware 'right_wheel_controller' 
[gazebo-1] [WARN] [1785507160.581007044] [controller_manager.hardware_component.system.right_wheel_controller]: Executor is not available during hardware component initialization for 'right_wheel_controller'. Skipping node creation!
[gazebo-1] [INFO] [1785507160.581035410] [controller_manager]: Successful initialization of hardware 'right_wheel_controller'
[gazebo-1] [INFO] [1785507160.581161989] [controller_manager]: Activating component 'right_wheel_controller'.
[gazebo-1] [INFO] [1785507160.581186312] [resource_manager]: 'configure' hardware 'right_wheel_controller' 
[gazebo-1] [INFO] [1785507160.581197111] [gz_ros_control]: System Successfully configured!
[gazebo-1] [INFO] [1785507160.581207541] [resource_manager]: Successful 'configure' of hardware 'right_wheel_controller'
[gazebo-1] [INFO] [1785507160.581222111] [resource_manager]: 'activate' hardware 'right_wheel_controller' 
[gazebo-1] [INFO] [1785507160.581265951] [resource_manager]: Successful 'activate' of hardware 'right_wheel_controller'
[gazebo-1] [INFO] [1785507160.581412065] [controller_manager]: Activating component 'left_wheel_controller'.
[gazebo-1] [INFO] [1785507160.581424292] [resource_manager]: 'configure' hardware 'left_wheel_controller' 
[gazebo-1] [INFO] [1785507160.581429025] [gz_ros_control]: System Successfully configured!
[gazebo-1] [INFO] [1785507160.581437737] [resource_manager]: Successful 'configure' of hardware 'left_wheel_controller'
[gazebo-1] [INFO] [1785507160.581443439] [resource_manager]: 'activate' hardware 'left_wheel_controller' 
[gazebo-1] [INFO] [1785507160.581450069] [resource_manager]: Successful 'activate' of hardware 'left_wheel_controller'
[gazebo-1] [WARN] [1785507160.581533798] [controller_manager]: Component 'right_wheel_controller' does not have read or write statistics initialized, skipping registration.
[gazebo-1] [WARN] [1785507160.581544374] [controller_manager]: Component 'left_wheel_controller' does not have read or write statistics initialized, skipping registration.
[gazebo-1] [INFO] [1785507160.581556864] [controller_manager]: Resource Manager has been successfully initialized. Starting Controller Manager services...
[behavior_server-52] [INFO] [1785507160.658906264] [behavior_server]: Configuring drive_on_heading
[behavior_server-52] [INFO] [1785507160.733443650] [behavior_server]: Configuring assisted_teleop
[rtabmap_viz-47] [33m[WARN] [1785507160.762032654] [rcl.logging_rosout]: Publisher already registered for node name: 'rtabmap_viz'. If this is due to multiple nodes with the same name then all logs for the logger named 'rtabmap_viz' will go out over the existing publisher. As soon as any node with that name is destructed it will unregister the publisher, preventing any further logs for that name from being published on the rosout topic.[0m
[behavior_server-52] [INFO] [1785507160.786195671] [behavior_server]: Configuring wait
[lifecycle_manager-58] [INFO] [1785507160.825460890] [lifecycle_manager_navigation]: [34m[1mConfiguring velocity_smoother[0m[0m
[velocity_smoother-55] [INFO] [1785507160.826251949] [velocity_smoother]: Configuring velocity smoother
[lifecycle_manager-58] [INFO] [1785507160.845026186] [lifecycle_manager_navigation]: [34m[1mConfiguring collision_monitor[0m[0m
[collision_monitor-56] [INFO] [1785507160.845462590] [collision_monitor]: Configuring
[collision_monitor-56] [INFO] [1785507160.864075641] [collision_monitor]: [scan]: Creating Scan
[collision_monitor-56] [INFO] [1785507160.870242238] [collision_monitor]: [FootprintApproach]: Creating Polygon
[collision_monitor-56] [INFO] [1785507160.870687886] [collision_monitor]: [FootprintApproach]: Polygon points are not defined. Using dynamic subscription instead.
[collision_monitor-56] [INFO] [1785507160.875343438] [collision_monitor]: [FootprintApproach]: Making footprint subscriber on local_costmap/published_footprint topic
[lifecycle_manager-58] [INFO] [1785507160.908801513] [lifecycle_manager_navigation]: [34m[1mConfiguring bt_navigator[0m[0m
[bt_navigator-53] [INFO] [1785507160.909233100] [bt_navigator]: Configuring
[bt_navigator-53] [INFO] [1785507160.928546817] [bt_navigator]: Creating navigator id navigate_to_pose of type nav2_bt_navigator::NavigateToPoseNavigator
[bt_navigator-53] [INFO] [1785507161.056580785] [bt_navigator]: Creating navigator id navigate_through_poses of type nav2_bt_navigator::NavigateThroughPosesNavigator
[rtabmap_viz-47] [0m[INFO] [1785507161.077627126] [rtabmap_viz]: Reading parameters from the ROS server...[0m
[lifecycle_manager-58] [INFO] [1785507161.131842955] [lifecycle_manager_navigation]: [34m[1mConfiguring waypoint_follower[0m[0m
[waypoint_follower-54] [INFO] [1785507161.132231699] [waypoint_follower]: Configuring
[waypoint_follower-54] [INFO] [1785507161.196168262] [waypoint_follower]: Created waypoint_task_executor : wait_at_waypoint of type nav2_waypoint_follower::WaitAtWaypoint
[lifecycle_manager-58] [INFO] [1785507161.198571550] [lifecycle_manager_navigation]: [34m[1mConfiguring docking_server[0m[0m
[opennav_docking-57] [INFO] [1785507161.199104848] [docking_server]: Configuring docking_server
[opennav_docking-57] [INFO] [1785507161.199171773] [docking_server]: Controller frequency set to 50.0000Hz
[rtabmap_viz-47] [0m[INFO] [1785507161.209835271] [rtabmap_viz]: Parameters read = 413[0m
[rtabmap_viz-47] [0m[INFO] [1785507161.209910258] [rtabmap_viz]: Parameters successfully read.[0m
[opennav_docking-57] [INFO] [1785507161.271397569] [docking_server]: Created charging dock plugin simple_charging_dock of type opennav_docking::SimpleChargingDock
[opennav_docking-57] [WARN] [1785507161.288900034] [docking_server]: Dock database filepath nor dock parameters set. Docking actions can only be executed specifying the dock pose via the action request. Or update the dock database via the reload_database service.
[opennav_docking-57] [INFO] [1785507161.288975901] [docking_server]: Docking Server has 1 dock types and 0 dock instances available.
[lifecycle_manager-58] [INFO] [1785507161.295974549] [lifecycle_manager_navigation]: [34m[1mActivating controller_server[0m[0m
[controller_server-48] [INFO] [1785507161.296480446] [controller_server]: Activating
[controller_server-48] [INFO] [1785507161.296525856] [local_costmap.local_costmap]: Activating
[controller_server-48] [INFO] [1785507161.296537456] [local_costmap.local_costmap]: Checking transform
[controller_server-48] [INFO] [1785507161.296598857] [local_costmap.local_costmap]: Timed out waiting for transform from base_link to odom to become available, tf error: Could not find a connection between 'odom' and 'base_link' because they are not part of the same tree.Tf has two or more unconnected trees.
[rtabmap_viz-47] [0m[INFO] [1785507161.417996859] [rtabmap_viz]: rtabmap_viz: frame_id             = "base_link"[0m
[rtabmap_viz-47] [0m[INFO] [1785507161.418054538] [rtabmap_viz]: rtabmap_viz: odom_frame_id        = ""[0m
[rtabmap_viz-47] [0m[INFO] [1785507161.418069289] [rtabmap_viz]: rtabmap_viz: wait_for_transform   = 0.200000[0m
[rtabmap_viz-47] [0m[INFO] [1785507161.418088377] [rtabmap_viz]: rtabmap_viz: odom_sensor_sync     = false[0m
[rtabmap_viz-47] [0m[INFO] [1785507161.418100826] [rtabmap_viz]: rtabmap_viz: max_odom_update_rate = 10.000000[0m
[rtabmap_viz-47] [0m[INFO] [1785507161.418115008] [rtabmap_viz]: rtabmap_viz: subscribe_info_only  = false[0m
[rtabmap_viz-47] [0m[INFO] [1785507161.418129938] [rtabmap_viz]: rtabmap_viz: init_cache_path      = ""[0m
[rtabmap_viz-47] [0m[INFO] [1785507161.443433184] [rtabmap_viz]: rtabmap_viz: subscribe_depth = true[0m
[rtabmap_viz-47] [0m[INFO] [1785507161.443473965] [rtabmap_viz]: rtabmap_viz: subscribe_rgb = true[0m
[rtabmap_viz-47] [0m[INFO] [1785507161.443477417] [rtabmap_viz]: rtabmap_viz: subscribe_stereo = false[0m
[rtabmap_viz-47] [0m[INFO] [1785507161.443480509] [rtabmap_viz]: rtabmap_viz: subscribe_rgbd = false (rgbd_cameras=1)[0m
[rtabmap_viz-47] [0m[INFO] [1785507161.443483861] [rtabmap_viz]: rtabmap_viz: subscribe_sensor_data = false[0m
[rtabmap_viz-47] [0m[INFO] [1785507161.443486783] [rtabmap_viz]: rtabmap_viz: subscribe_odom = true[0m
[rtabmap_viz-47] [0m[INFO] [1785507161.443490123] [rtabmap_viz]: rtabmap_viz: subscribe_odom_info = false[0m
[rtabmap_viz-47] [0m[INFO] [1785507161.443495134] [rtabmap_viz]: rtabmap_viz: subscribe_user_data = false[0m
[rtabmap_viz-47] [0m[INFO] [1785507161.443497861] [rtabmap_viz]: rtabmap_viz: subscribe_scan = true[0m
[rtabmap_viz-47] [0m[INFO] [1785507161.443500829] [rtabmap_viz]: rtabmap_viz: subscribe_scan_cloud = false[0m
[rtabmap_viz-47] [0m[INFO] [1785507161.443506691] [rtabmap_viz]: rtabmap_viz: subscribe_scan_descriptor = false[0m
[rtabmap_viz-47] [0m[INFO] [1785507161.443511332] [rtabmap_viz]: rtabmap_viz: topic_queue_size = 10[0m
[rtabmap_viz-47] [0m[INFO] [1785507161.443515393] [rtabmap_viz]: rtabmap_viz: sync_queue_size  = 10[0m
[rtabmap_viz-47] [0m[INFO] [1785507161.443520138] [rtabmap_viz]: rtabmap_viz: qos_image       = 2[0m
[rtabmap_viz-47] [0m[INFO] [1785507161.443524539] [rtabmap_viz]: rtabmap_viz: qos_camera_info = 2[0m
[rtabmap_viz-47] [0m[INFO] [1785507161.443528864] [rtabmap_viz]: rtabmap_viz: qos_scan        = 2[0m
[rtabmap_viz-47] [0m[INFO] [1785507161.443533284] [rtabmap_viz]: rtabmap_viz: qos_odom        = 2[0m
[rtabmap_viz-47] [0m[INFO] [1785507161.443537388] [rtabmap_viz]: rtabmap_viz: qos_user_data   = 2[0m
[rtabmap_viz-47] [0m[INFO] [1785507161.443541719] [rtabmap_viz]: rtabmap_viz: approx_sync     = true[0m
[rtabmap_viz-47] [0m[INFO] [1785507161.443544559] [rtabmap_viz]: rtabmap_viz: image_transport = raw[0m
[rtabmap_viz-47] [0m[INFO] [1785507161.443547687] [rtabmap_viz]: rtabmap_viz: depth_transport = raw[0m
[rtabmap_viz-47] [0m[INFO] [1785507161.443563898] [rtabmap_viz]: Setup depth callback[0m
[rtabmap_viz-47] [0m[INFO] [1785507161.456791654] [rtabmap_viz]: 
[rtabmap_viz-47] rtabmap_viz subscribed to (approx sync):
[rtabmap_viz-47]    /odom \
[rtabmap_viz-47]    /oakd/rgb/preview/image_raw \
[rtabmap_viz-47]    /oakd/rgb/preview/depth \
[rtabmap_viz-47]    /oakd/rgb/preview/camera_info \
[rtabmap_viz-47]    /scan[0m
[gazebo-1] [INFO] [1785507161.458623801] [controller_manager]: Loading controller : 'joint_state_broadcaster' of type 'joint_state_broadcaster/JointStateBroadcaster'
[gazebo-1] [INFO] [1785507161.458679673] [controller_manager]: Loading controller 'joint_state_broadcaster'
[rtabmap_viz-47] [0m[INFO] [1785507161.462787364] [rtabmap_viz]: rtabmap_viz started.[0m
[gazebo-1] [WARN] [1785507161.468062814] [controller_manager]: The use of remapping arguments to the controller_manager node is deprecated. Please use the '--controller-ros-args' argument of the spawner to pass remapping arguments to the controller node.
[gazebo-1] [INFO] [1785507161.468133090] [controller_manager]: Controller 'joint_state_broadcaster' node arguments: --ros-args --params-file /opt/ros/jazzy/share/irobot_create_control/config/control.yaml --ros-args --remap ~/odom:=odom --remap /tf:=tf --remap /tf_static:=tf_static --remap /diagnostics:=diagnostics -p use_sim_time:=true --param use_sim_time:=true 
[spawner-31] [INFO] [1785507161.518347416] [spawner_joint_state_broadcaster]: Loaded joint_state_broadcaster
[gazebo-1] [INFO] [1785507161.523810072] [controller_manager]: Configuring controller: 'joint_state_broadcaster'
[gazebo-1] [INFO] [1785507161.524182468] [joint_state_broadcaster]: 'joints' or 'interfaces' parameter is empty. All available state interfaces will be published
[gazebo-1] [INFO] [1785507161.561399063] [controller_manager]: Activating controllers: [ joint_state_broadcaster ]
[gazebo-1] [1;33m[Wrn] [OBJLoader.cc:91] [0m[1;33mBoth `d` and `Tr` parameters defined for "Chair". Use the value of `d` for dissolve (line 8 in .mtl.)[0m
[gazebo-1] [1;33m[0m
[gazebo-1] [1;33m[Wrn] [OBJLoader.cc:91] [0m[1;33mBoth `d` and `Tr` parameters defined for "CoffeeTable". Use the value of `d` for dissolve (line 8 in .mtl.)[0m
[gazebo-1] [1;33m[0m
[gazebo-1] [1;36m[Dbg] [SystemManager.cc:80] [0m[1;36mLoaded system [[0m[1;36mgz_ros2_control::GazeboSimROS2ControlPlugin[0m[1;36m] for entity [[0m[1;36m132[0m[1;36m][0m[1;36m[0m
[gazebo-1] [1;36m[Dbg] [SystemManager.cc:80] [0m[1;36mLoaded system [[0m[1;36mgz::sim::systems::PosePublisher[0m[1;36m] for entity [[0m[1;36m132[0m[1;36m][0m[1;36m[0m
[gazebo-1] [1;36m[Dbg] [SystemManager.cc:80] [0m[1;36mLoaded system [[0m[1;36mgz::sim::systems::Contact[0m[1;36m] for entity [[0m[1;36m132[0m[1;36m][0m[1;36m[0m
[gazebo-1] [1;36m[Dbg] [Sensors.cc:697] [0m[1;36mConfiguring Sensors system[0m[1;36m[0m
[gazebo-1] [1;36m[Dbg] [Sensors.cc:557] [0m[1;36mSensorsPrivate::Run[0m[1;36m[0m
[gazebo-1] [1;36m[Dbg] [SystemManager.cc:80] [0m[1;36mLoaded system [[0m[1;36mgz::sim::systems::Sensors[0m[1;36m] for entity [[0m[1;36m132[0m[1;36m][0m[1;36m[0m
[gazebo-1] [1;36m[Dbg] [Sensors.cc:532] [0m[1;36mSensorsPrivate::RenderThread started[0m[1;36m[0m
[gazebo-1] [1;36m[Dbg] [UserCommands.cc:1094] [0m[1;36mCreated entity [[0m[1;36m132[0m[1;36m] named [[0m[1;36mturtlebot4[0m[1;36m][0m[1;36m[0m
[gazebo-1] [1;36m[Dbg] [Sensors.cc:337] [0m[1;36mWaiting for init[0m[1;36m[0m
[gazebo-1] [1;32m[Msg] [0m[1;32mContact system publishing on [0m[1;32m/bumper_contact[0m[1;32m[0m
[gazebo-1] [1;36m[Dbg] [SDFFeatures.cc:332] [0m[1;36mMesh construction from an SDF has not been implemented yet for [0m[1;36mdartsim. Use AttachMeshShapeFeature to use mesh shapes.[0m
[gazebo-1] [1;36m[Dbg] [SDFFeatures.cc:864] [0m[1;36mThe geometry element of collision [[0m[1;36mwarehouse_collision[0m[1;36m] [0m[1;36mcouldn't be created[0m
[gazebo-1] [1;36m[Dbg] [SDFFeatures.cc:332] [0m[1;36mMesh construction from an SDF has not been implemented yet for [0m[1;36mdartsim. Use AttachMeshShapeFeature to use mesh shapes.[0m
[gazebo-1] [1;36m[Dbg] [SDFFeatures.cc:864] [0m[1;36mThe geometry element of collision [[0m[1;36mcollision[0m[1;36m] [0m[1;36mcouldn't be created[0m
[gazebo-1] [1;36m[Dbg] [SDFFeatures.cc:332] [0m[1;36mMesh construction from an SDF has not been implemented yet for [0m[1;36mdartsim. Use AttachMeshShapeFeature to use mesh shapes.[0m
[gazebo-1] [1;36m[Dbg] [SDFFeatures.cc:864] [0m[1;36mThe geometry element of collision [[0m[1;36mcollision[0m[1;36m] [0m[1;36mcouldn't be created[0m
[gazebo-1] [1;36m[Dbg] [SDFFeatures.cc:332] [0m[1;36mMesh construction from an SDF has not been implemented yet for [0m[1;36mdartsim. Use AttachMeshShapeFeature to use mesh shapes.[0m
[gazebo-1] [1;36m[Dbg] [SDFFeatures.cc:864] [0m[1;36mThe geometry element of collision [[0m[1;36mcollision[0m[1;36m] [0m[1;36mcouldn't be created[0m
[gazebo-1] [1;36m[Dbg] [SDFFeatures.cc:332] [0m[1;36mMesh construction from an SDF has not been implemented yet for [0m[1;36mdartsim. Use AttachMeshShapeFeature to use mesh shapes.[0m
[gazebo-1] [1;36m[Dbg] [SDFFeatures.cc:864] [0m[1;36mThe geometry element of collision [[0m[1;36mcollision[0m[1;36m] [0m[1;36mcouldn't be created[0m
[gazebo-1] [1;36m[Dbg] [SDFFeatures.cc:332] [0m[1;36mMesh construction from an SDF has not been implemented yet for [0m[1;36mdartsim. Use AttachMeshShapeFeature to use mesh shapes.[0m
[gazebo-1] [1;36m[Dbg] [SDFFeatures.cc:864] [0m[1;36mThe geometry element of collision [[0m[1;36mcollision[0m[1;36m] [0m[1;36mcouldn't be created[0m
[gazebo-1] [1;36m[Dbg] [SDFFeatures.cc:332] [0m[1;36mMesh construction from an SDF has not been implemented yet for [0m[1;36mdartsim. Use AttachMeshShapeFeature to use mesh shapes.[0m
[gazebo-1] [1;36m[Dbg] [SDFFeatures.cc:864] [0m[1;36mThe geometry element of collision [[0m[1;36mbase_link_fixed_joint_lump__shell_collision_collision_1[0m[1;36m] [0m[1;36mcouldn't be created[0m
[gazebo-1] [1;36m[Dbg] [SDFFeatures.cc:332] [0m[1;36mMesh construction from an SDF has not been implemented yet for [0m[1;36mdartsim. Use AttachMeshShapeFeature to use mesh shapes.[0m
[gazebo-1] [1;36m[Dbg] [SDFFeatures.cc:864] [0m[1;36mThe geometry element of collision [[0m[1;36mbumper_collision[0m[1;36m] [0m[1;36mcouldn't be created[0m
[gazebo-1] [1;36m[Dbg] [SimulationFeatures.cc:90] [0m[1;36mSimulation timestep set to: [0m[1;36m0.003[0m[1;36m[0m
[controller_server-48] [INFO] [1785507161.796667613] [local_costmap.local_costmap]: Timed out waiting for transform from base_link to odom to become available, tf error: Could not find a connection between 'odom' and 'base_link' because they are not part of the same tree.Tf has two or more unconnected trees.
[gazebo-1] [ERROR] [1785507161.803676286] [gz_ros_control]: Desired controller update period (0.001 s) is faster than the gazebo simulation period (0.003 s).
[gazebo-1] [INFO] [1785507161.807304533] [controller_manager]: Successfully switched controllers!
[gazebo-1] [1;32m[Msg] [0m[1;32mServing scene information on [[0m[1;32m/world/warehouse[0m[1;32m/[0m[1;32mscene/info[0m[1;32m][0m[1;32m[0m
[gazebo-1] [1;32m[Msg] [0m[1;32mServing graph information on [[0m[1;32m/world/warehouse[0m[1;32m/[0m[1;32mscene/graph[0m[1;32m][0m[1;32m[0m
[gazebo-1] [1;32m[Msg] [0m[1;32mServing full state on [[0m[1;32m/world/warehouse[0m[1;32m/[0m[1;32mstate[0m[1;32m][0m[1;32m[0m
[gazebo-1] [1;32m[Msg] [0m[1;32mServing full state (async) on [[0m[1;32m/world/warehouse[0m[1;32m/[0m[1;32mstate_async[0m[1;32m][0m[1;32m[0m
[gazebo-1] [1;32m[Msg] [0m[1;32mPublishing scene information on [[0m[1;32m/world/warehouse/scene/info[0m[1;32m][0m[1;32m[0m
[gazebo-1] [1;32m[Msg] [0m[1;32mPublishing entity deletions on [[0m[1;32m/world/warehouse/scene/deletion[0m[1;32m][0m[1;32m[0m
[gazebo-1] [1;32m[Msg] [0m[1;32mPublishing state changes on [[0m[1;32m/world/warehouse/state[0m[1;32m][0m[1;32m[0m
[gazebo-1] [1;32m[Msg] [0m[1;32mPublishing pose messages on [[0m[1;32m/world/warehouse[0m[1;32m/[0m[1;32mpose/info[0m[1;32m][0m[1;32m[0m
[gazebo-1] [1;32m[Msg] [0m[1;32mPublishing dynamic pose messages on [[0m[1;32m/world/warehouse[0m[1;32m/[0m[1;32mdynamic_pose/info[0m[1;32m][0m[1;32m[0m
[gazebo-1] [1;36m[Dbg] [SimulationRunner.cc:578] [0m[1;36mExiting postupdate worker thread ([0m[1;36m0[0m[1;36m)[0m[1;36m[0m
[gazebo-1] [1;36m[Dbg] [SimulationRunner.cc:578] [0m[1;36mExiting postupdate worker thread ([0m[1;36m1[0m[1;36m)[0m[1;36m[0m
[gazebo-1] [1;36m[Dbg] [SimulationRunner.cc:551] [0m[1;36mCreating PostUpdate worker threads: [0m[1;36m7[0m[1;36m[0m
[gazebo-1] [1;36m[Dbg] [SimulationRunner.cc:562] [0m[1;36mCreating postupdate worker thread ([0m[1;36m0[0m[1;36m)[0m[1;36m[0m
[gazebo-1] [1;36m[Dbg] [SimulationRunner.cc:562] [0m[1;36mCreating postupdate worker thread ([0m[1;36m1[0m[1;36m)[0m[1;36m[0m
[gazebo-1] [1;36m[Dbg] [SimulationRunner.cc:562] [0m[1;36mCreating postupdate worker thread ([0m[1;36m2[0m[1;36m)[0m[1;36m[0m
[gazebo-1] [1;36m[Dbg] [SimulationRunner.cc:562] [0m[1;36mCreating postupdate worker thread ([0m[1;36m3[0m[1;36m)[0m[1;36m[0m
[gazebo-1] [1;36m[Dbg] [SimulationRunner.cc:562] [0m[1;36mCreating postupdate worker thread ([0m[1;36m4[0m[1;36m)[0m[1;36m[0m
[gazebo-1] [1;36m[Dbg] [SimulationRunner.cc:562] [0m[1;36mCreating postupdate worker thread ([0m[1;36m5[0m[1;36m)[0m[1;36m[0m
[gazebo-1] [1;36m[Dbg] [SystemManager.cc:80] [0m[1;36mLoaded system [[0m[1;36mgz::sim::systems::PosePublisher[0m[1;36m] for entity [[0m[1;36m250[0m[1;36m][0m[1;36m[0m
[gazebo-1] [1;36m[Dbg] [UserCommands.cc:1094] [0m[1;36mCreated entity [[0m[1;36m250[0m[1;36m] named [[0m[1;36mstandard_dock[0m[1;36m][0m[1;36m[0m
[gazebo-1] [1;36m[Dbg] [Sensors.cc:953] [0m[1;36mInitialization needed[0m[1;36m[0m
[gazebo-1] [1;36m[Dbg] [Sensors.cc:349] [0m[1;36mInitializing render context[0m[1;36m[0m
[gazebo-1] [1;32m[Msg] [0m[1;32mLoading plugin [[0m[1;32mgz-rendering-ogre2[0m[1;32m][0m[1;32m[0m
[gazebo-1] [1;36m[Dbg] [SimulationRunner.cc:578] [0m[1;36mExiting postupdate worker thread ([0m[1;36m2[0m[1;36m)[0m[1;36m)[Dbg] [SimulationRunner.cc:578] [0m[1;36mExiting postupdate worker thread ([0m[1;36m0[0m[1;36m)[0m[1;36m[0m
[gazebo-1] [1;36mExiting postupdate worker thread ([0m[1;36mExiting postupdate worker thread ([Dbg] [SimulationRunner.cc:578] [0m[1;36mExiting postupdate worker thread ([Dbg] [SimulationRunner.cc:578] [0m[1;36m5[Dbg] [SimulationRunner.cc:578] [0m[1;36m5[0m[1;36m)[0m[1;36m[0m
[gazebo-1] [1;36mExiting postupdate worker thread ([0m[1;36m1[0m[1;36m
[gazebo-1] [Dbg] [SimulationRunner.cc:578] [0m[1;36m34[0m[1;36m)[0m[1;36m[0m
[gazebo-1] [1;36m)[0m[1;36m[0m
[gazebo-1] [1;36m)[0m
[gazebo-1] [1;36m[Dbg] [SimulationRunner.cc:551] [0m[1;36mCreating PostUpdate worker threads: [0m[1;36m8[0m[1;36m[0m
[gazebo-1] [1;36m[Dbg] [SimulationRunner.cc:562] [0m[1;36mCreating postupdate worker thread ([0m[1;36m0[0m[1;36m)[0m[1;36m[0m
[gazebo-1] [1;36m[Dbg] [SimulationRunner.cc:562] [0m[1;36mCreating postupdate worker thread ([0m[1;36m1[0m[1;36m)[0m[1;36m[0m
[gazebo-1] [1;36m[Dbg] [SimulationRunner.cc:562] [0m[1;36mCreating postupdate worker thread ([0m[1;36m2[0m[1;36m)[0m[1;36m[0m
[spawner-31] [INFO] [1785507161.820872047] [spawner_joint_state_broadcaster]: Configured and activated joint_state_broadcaster
[INFO] [spawner-31]: process has finished cleanly [pid 25851]
[INFO] [spawner-61]: process started with pid [27203]
[controller_server-48] [INFO] [1785507162.296664804] [local_costmap.local_costmap]: Timed out waiting for transform from base_link to odom to become available, tf error: Could not find a connection between 'odom' and 'base_link' because they are not part of the same tree.Tf has two or more unconnected trees.
[spawner-61] [INFO] [1785507162.404833810] [spawner_diffdrive_controller]: waiting for service /controller_manager/list_controllers to become available...
[controller_server-48] [INFO] [1785507162.796673266] [local_costmap.local_costmap]: Timed out waiting for transform from base_link to odom to become available, tf error: Could not find a connection between 'odom' and 'base_link' because they are not part of the same tree.Tf has two or more unconnected trees.
[controller_server-48] [INFO] [1785507163.296669914] [local_costmap.local_costmap]: Timed out waiting for transform from base_link to odom to become available, tf error: Could not find a connection between 'odom' and 'base_link' because they are not part of the same tree.Tf has two or more unconnected trees.
[controller_server-48] [INFO] [1785507163.796630561] [local_costmap.local_costmap]: Timed out waiting for transform from base_link to odom to become available, tf error: Could not find a connection between 'odom' and 'base_link' because they are not part of the same tree.Tf has two or more unconnected trees.
[gazebo-1] [1;33m[Wrn] [ColladaLoader.cc:2395] [0m[1;33mTriangle input semantic: '[0m[1;33mCOLOR[0m[1;33m' is currently[0m[1;33m not supported[0m[1;33m[0m
[gazebo-1] [1;33m[Wrn] [ColladaLoader.cc:2395] [0m[1;33mTriangle input semantic: '[0m[1;33mCOLOR[0m[1;33m' is currently[0m[1;33m not supported[0m[1;33m[0m
[gazebo-1] [1;36m[Dbg] [SimulationRunner.cc:562] [0m[1;36mCreating postupdate worker thread ([0m[1;36m3[0m[1;36m)[0m[1;36m[0m
[gazebo-1] [1;36m[Dbg] [SimulationRunner.cc:562] [0m[1;36mCreating postupdate worker thread ([0m[1;36m4[0m[1;36m)[0m[1;36m[0m
[gazebo-1] [1;36m[Dbg] [SimulationRunner.cc:562] [0m[1;36mCreating postupdate worker thread ([0m[1;36m5[0m[1;36m)[0m[1;36m[0m
[gazebo-1] [1;36m[Dbg] [SimulationRunner.cc:562] [0m[1;36mCreating postupdate worker thread ([0m[1;36m6[0m[1;36m)[0m[1;36m[0m
[gazebo-1] [1;36m[Dbg] [RenderUtil.cc:2646] [0m[1;36mCreate scene [[0m[1;36mscene[0m[1;36m][0m[1;36m[0m
[gazebo-1] [1;36m[Dbg] [Sensors.cc:391] [0m[1;36m[Dbg] [Sensors.cc:391] [Dbg] [Sensors.cc:953] [0m[1;36mInitialization needed[0m[1;36mRendering Thread initialized [0m[1;36m[0m
[gazebo-1] [1;36mRendering Thread initialized [0m[1;36m[Dbg] [RgbdCameraSensor.cc:210] [0m[1;36mRGB images for [[0m[1;36mturtlebot4::oakd_rgb_camera_frame::rgbd_camera[0m[1;36m] advertised on [[0m[1;36mworld/warehouse/model/turtlebot4/link/oakd_rgb_camera_frame/sensor/rgbd_camera[0m[1;36m/image][0m[1;36m[0m
[gazebo-1] [1;36m[Dbg] [RgbdCameraSensor.cc:224] [0m[1;36mDepth images for [[0m[1;36mturtlebot4::oakd_rgb_camera_frame::rgbd_camera[0m[1;36m] advertised on [[0m[1;36mworld/warehouse/model/turtlebot4/link/oakd_rgb_camera_frame/sensor/rgbd_camera[0m[1;36m/depth_image][0m[1;36m[0m
[gazebo-1] [1;36m[Dbg] [RgbdCameraSensor.cc:238] [0m[1;36mPoints for [[0m[1;36mturtlebot4::oakd_rgb_camera_frame::rgbd_camera[0m[1;36m] advertised on [[0m[1;36mworld/warehouse/model/turtlebot4/link/oakd_rgb_camera_frame/sensor/rgbd_camera[0m[1;36m/points][0m[1;36m[0m
[gazebo-1] [1;36m[Dbg] [CameraSensor.cc:695] [0m[1;36mCamera info for [[0m[1;36mturtlebot4::oakd_rgb_camera_frame::rgbd_camera[0m[1;36m] advertised on [[0m[1;36mworld/warehouse/model/turtlebot4/link/oakd_rgb_camera_frame/sensor/rgbd_camera/camera_info[0m[1;36m][0m[1;36m[0m
[gazebo-1] [1;36m[Dbg] [Lidar.cc:139] [0m[1;36mLaser scans for [[0m[1;36mturtlebot4::base_link::cliff_front_left[0m[1;36m] advertised on [[0m[1;36mworld/warehouse/model/turtlebot4/link/base_link/sensor/cliff_front_left/scan[0m[1;36m][0m[1;36m[0m
[gazebo-1] [1;36m[Dbg] [GpuLidarSensor.cc:164] [0m[1;36mLidar points for [[0m[1;36mturtlebot4::base_link::cliff_front_left[0m[1;36m] advertised on [[0m[1;36mworld/warehouse/model/turtlebot4/link/base_link/sensor/cliff_front_left/scan/points[0m[1;36m][0m[1;36m[0m
[gazebo-1] [1;36m[Dbg] [Lidar.cc:139] [0m[1;36mLaser scans for [[0m[1;36mturtlebot4::base_link::cliff_front_right[0m[1;36m] advertised on [[0m[1;36mworld/warehouse/model/turtlebot4/link/base_link/sensor/cliff_front_right/scan[0m[1;36m][0m[1;36m[0m
[gazebo-1] [1;36m[Dbg] [GpuLidarSensor.cc:164] [0m[1;36mLidar points for [[0m[1;36mturtlebot4::base_link::cliff_front_right[0m[1;36m] advertised on [[0m[1;36mworld/warehouse/model/turtlebot4/link/base_link/sensor/cliff_front_right/scan/points[0m[1;36m][0m[1;36m[0m
[gazebo-1] [1;36m[Dbg] [Lidar.cc:139] [0m[1;36mLaser scans for [[0m[1;36mturtlebot4::base_link::cliff_side_left[0m[1;36m] advertised on [[0m[1;36mworld/warehouse/model/turtlebot4/link/base_link/sensor/cliff_side_left/scan[0m[1;36m][0m[1;36m[0m
[gazebo-1] [1;36m[Dbg] [GpuLidarSensor.cc:164] [0m[1;36mLidar points for [[0m[1;36mturtlebot4::base_link::cliff_side_left[0m[1;36m] advertised on [[0m[1;36mworld/warehouse/model/turtlebot4/link/base_link/sensor/cliff_side_left/scan/points[0m[1;36m][0m[1;36m[0m
[gazebo-1] [1;36m[Dbg] [Lidar.cc:139] [0m[1;36mLaser scans for [[0m[1;36mturtlebot4::base_link::cliff_side_right[0m[1;36m] advertised on [[0m[1;36mworld/warehouse/model/turtlebot4/link/base_link/sensor/cliff_side_right/scan[0m[1;36m][0m[1;36m[0m
[gazebo-1] [1;36m[Dbg] [GpuLidarSensor.cc:164] [0m[1;36mLidar points for [[0m[1;36mturtlebot4::base_link::cliff_side_right[0m[1;36m] advertised on [[0m[1;36mworld/warehouse/model/turtlebot4/link/base_link/sensor/cliff_side_right/scan/points[0m[1;36m][0m[1;36m[0m
[gazebo-1] [1;36m[Dbg] [Lidar.cc:139] [0m[1;36mLaser scans for [[0m[1;36mturtlebot4::ir_intensity_front_center_left::ir_intensity_front_center_left[0m[1;36m] advertised on [[0m[1;36mworld/warehouse/model/turtlebot4/link/ir_intensity_front_center_left/sensor/ir_intensity_front_center_left/scan[0m[1;36m][0m[1;36m[0m
[gazebo-1] [1;36m[Dbg] [GpuLidarSensor.cc:164] [0m[1;36mLidar points for [[0m[1;36mturtlebot4::ir_intensity_front_center_left::ir_intensity_front_center_left[0m[1;36m] advertised on [[0m[1;36mworld/warehouse/model/turtlebot4/link/ir_intensity_front_center_left/sensor/ir_intensity_front_center_left/scan/points[0m[1;36m][0m[1;36m[0m
[gazebo-1] [1;36m[Dbg] [Lidar.cc:139] [0m[1;36mLaser scans for [[0m[1;36mturtlebot4::ir_intensity_front_center_right::ir_intensity_front_center_right[0m[1;36m] advertised on [[0m[1;36mworld/warehouse/model/turtlebot4/link/ir_intensity_front_center_right/sensor/ir_intensity_front_center_right/scan[0m[1;36m][0m[1;36m[0m
[gazebo-1] [1;36m[Dbg] [GpuLidarSensor.cc:164] [0m[1;36mLidar points for [[0m[1;36mturtlebot4::ir_intensity_front_center_right::ir_intensity_front_center_right[0m[1;36m] advertised on [[0m[1;36mworld/warehouse/model/turtlebot4/link/ir_intensity_front_center_right/sensor/ir_intensity_front_center_right/scan/points[0m[1;36m][0m[1;36m[0m
[gazebo-1] [1;36m[Dbg] [Lidar.cc:139] [0m[1;36mLaser scans for [[0m[1;36mturtlebot4::ir_intensity_front_left::ir_intensity_front_left[0m[1;36m] advertised on [[0m[1;36mworld/warehouse/model/turtlebot4/link/ir_intensity_front_left/sensor/ir_intensity_front_left/scan[0m[1;36m][0m[1;36m[0m
[gazebo-1] [1;36m[Dbg] [GpuLidarSensor.cc:164] [0m[1;36mLidar points for [[0m[1;36mturtlebot4::ir_intensity_front_left::ir_intensity_front_left[0m[1;36m] advertised on [[0m[1;36mworld/warehouse/model/turtlebot4/link/ir_intensity_front_left/sensor/ir_intensity_front_left/scan/points[0m[1;36m][0m[1;36m[0m
[gazebo-1] [1;36m[Dbg] [Lidar.cc:139] [0m[1;36mLaser scans for [[0m[1;36mturtlebot4::ir_intensity_front_right::ir_intensity_front_right[0m[1;36m] advertised on [[0m[1;36mworld/warehouse/model/turtlebot4/link/ir_intensity_front_right/sensor/ir_intensity_front_right/scan[0m[1;36m][0m[1;36m[0m
[gazebo-1] [1;36m[Dbg] [GpuLidarSensor.cc:164] [0m[1;36mLidar points for [[0m[1;36mturtlebot4::ir_intensity_front_right::ir_intensity_front_right[0m[1;36m] advertised on [[0m[1;36mworld/warehouse/model/turtlebot4/link/ir_intensity_front_right/sensor/ir_intensity_front_right/scan/points[0m[1;36m][0m[1;36m[0m
[gazebo-1] [1;36m[Dbg] [Lidar.cc:139] [0m[1;36mLaser scans for [[0m[1;36mturtlebot4::ir_intensity_left::ir_intensity_left[0m[1;36m] advertised on [[0m[1;36mworld/warehouse/model/turtlebot4/link/ir_intensity_left/sensor/ir_intensity_left/scan[0m[1;36m][0m[1;36m[0m
[gazebo-1] [1;36m[Dbg] [GpuLidarSensor.cc:164] [0m[1;36mLidar points for [[0m[1;36mturtlebot4::ir_intensity_left::ir_intensity_left[0m[1;36m] advertised on [[0m[1;36mworld/warehouse/model/turtlebot4/link/ir_intensity_left/sensor/ir_intensity_left/scan/points[0m[1;36m][0m[1;36m[0m
[gazebo-1] [1;36m[Dbg] [Lidar.cc:139] [0m[1;36mLaser scans for [[0m[1;36mturtlebot4::ir_intensity_right::ir_intensity_right[0m[1;36m] advertised on [[0m[1;36mworld/warehouse/model/turtlebot4/link/ir_intensity_right/sensor/ir_intensity_right/scan[0m[1;36m][0m[1;36m[0m
[gazebo-1] [1;36m[Dbg] [GpuLidarSensor.cc:164] [0m[1;36mLidar points for [[0m[1;36mturtlebot4::ir_intensity_right::ir_intensity_right[0m[1;36m] advertised on [[0m[1;36mworld/warehouse/model/turtlebot4/link/ir_intensity_right/sensor/ir_intensity_right/scan/points[0m[1;36m][0m[1;36m[0m
[gazebo-1] [1;36m[Dbg] [Lidar.cc:139] [0m[1;36mLaser scans for [[0m[1;36mturtlebot4::ir_intensity_side_left::ir_intensity_side_left[0m[1;36m] advertised on [[0m[1;36mworld/warehouse/model/turtlebot4/link/ir_intensity_side_left/sensor/ir_intensity_side_left/scan[0m[1;36m][0m[1;36m[0m
[gazebo-1] [1;36m[Dbg] [GpuLidarSensor.cc:164] [0m[1;36mLidar points for [[0m[1;36mturtlebot4::ir_intensity_side_left::ir_intensity_side_left[0m[1;36m] advertised on [[0m[1;36mworld/warehouse/model/turtlebot4/link/ir_intensity_side_left/sensor/ir_intensity_side_left/scan/points[0m[1;36m][0m[1;36m[0m
[parameter_bridge-8] [INFO] [1785507164.119248893] [cmd_vel_bridge]: Passing message from ROS geometry_msgs/msg/TwistStamped to Gazebo gz.msgs.Twist (showing msg only once per type)
[turtlebot4_node-29] [INFO] [1785507164.146958550] [turtlebot4_node]: OAKD stopped
[turtlebot4_node-29] [INFO] [1785507164.147000325] [turtlebot4_node]: RPLIDAR stopped
[controller_server-48] [INFO] [1785507164.296678308] [local_costmap.local_costmap]: Timed out waiting for transform from base_link to odom to become available, tf error: Could not find a connection between 'odom' and 'base_link' because they are not part of the same tree.Tf has two or more unconnected trees.
[gazebo-1] [1;36m[Dbg] [Lidar.cc:139] [0m[1;36mLaser scans for [[0m[1;36mturtlebot4::rplidar_link::rplidar[0m[1;36m] advertised on [[0m[1;36mworld/warehouse/model/turtlebot4/link/rplidar_link/sensor/rplidar/scan[0m[1;36m][0m[1;36m[0m
[gazebo-1] [1;36m[Dbg] [GpuLidarSensor.cc:164] [0m[1;36mLidar points for [[0m[1;36mturtlebot4::rplidar_link::rplidar[0m[1;36m] advertised on [[0m[1;36mworld/warehouse/model/turtlebot4/link/rplidar_link/sensor/rplidar/scan/points[0m[1;36m][0m[1;36m[0m
[gazebo-1] [1;36m[Dbg] [Lidar.cc:139] [0m[1;36mLaser scans for [[0m[1;36mstandard_dock::green_buoy_link::green_buoy[0m[1;36m] advertised on [[0m[1;36mworld/warehouse/model/standard_dock/link/green_buoy_link/sensor/green_buoy/scan[0m[1;36m][0m[1;36m[0m
[gazebo-1] [1;36m[Dbg] [GpuLidarSensor.cc:164] [0m[1;36mLidar points for [[0m[1;36mstandard_dock::green_buoy_link::green_buoy[0m[1;36m] advertised on [[0m[1;36mworld/warehouse/model/standard_dock/link/green_buoy_link/sensor/green_buoy/scan/points[0m[1;36m][0m[1;36m[0m
[gazebo-1] [1;36m[Dbg] [Lidar.cc:139] [0m[1;36mLaser scans for [[0m[1;36mstandard_dock::halo_link::halo[0m[1;36m] advertised on [[0m[1;36mworld/warehouse/model/standard_dock/link/halo_link/sensor/halo/scan[0m[1;36m][0m[1;36m[0m
[gazebo-1] [1;36m[Dbg] [GpuLidarSensor.cc:164] [0m[1;36mLidar points for [[0m[1;36mstandard_dock::halo_link::halo[0m[1;36m] advertised on [[0m[1;36mworld/warehouse/model/standard_dock/link/halo_link/sensor/halo/scan/points[0m[1;36m][0m[1;36m[0m
[gazebo-1] [1;36m[Dbg] [Lidar.cc:139] [0m[1;36mLaser scans for [[0m[1;36mstandard_dock::red_buoy_link::red_buoy[0m[1;36m] advertised on [[0m[1;36mworld/warehouse/model/standard_dock/link/red_buoy_link/sensor/red_buoy/scan[0m[1;36m][0m[1;36m[0m
[gazebo-1] [1;36m[Dbg] [GpuLidarSensor.cc:164] [0m[1;36mLidar points for [[0m[1;36mstandard_dock::red_buoy_link::red_buoy[0m[1;36m] advertised on [[0m[1;36mworld/warehouse/model/standard_dock/link/red_buoy_link/sensor/red_buoy/scan/points[0m[1;36m][0m[1;36m[0m
[gazebo-1] [1;36m[Dbg] [Lidar.cc:139] [0m[1;36mLaser scans for [[0m[1;36mstandard_dock::yellow_buoy_link::yellow_buoy[0m[1;36m] advertised on [[0m[1;36mworld/warehouse/model/standard_dock/link/yellow_buoy_link/sensor/yellow_buoy/scan[0m[1;36m][0m[1;36m[0m
[gazebo-1] [1;36m[Dbg] [GpuLidarSensor.cc:164] [0m[1;36mLidar points for [[0m[1;36mstandard_dock::yellow_buoy_link::yellow_buoy[0m[1;36m] advertised on [[0m[1;36mworld/warehouse/model/standard_dock/link/yellow_buoy_link/sensor/yellow_buoy/scan/points[0m[1;36m][0m[1;36m[0m
[spawner-61] [INFO] [1785507164.693465127] [spawner_diffdrive_controller]: Setting controller param "params_file" to "['/opt/ros/jazzy/share/irobot_create_control/config/control.yaml']" for diffdrive_controller
[gazebo-1] [INFO] [1785507164.702793695] [controller_manager]: Loading controller : 'diffdrive_controller' of type 'diff_drive_controller/DiffDriveController'
[gazebo-1] [INFO] [1785507164.702852652] [controller_manager]: Loading controller 'diffdrive_controller'
[gazebo-1] [WARN] [1785507164.708139741] [controller_manager]: The use of remapping arguments to the controller_manager node is deprecated. Please use the '--controller-ros-args' argument of the spawner to pass remapping arguments to the controller node.
[gazebo-1] [INFO] [1785507164.708260439] [controller_manager]: Controller 'diffdrive_controller' node arguments: --ros-args --params-file /opt/ros/jazzy/share/irobot_create_control/config/control.yaml --ros-args --remap ~/odom:=odom --remap /tf:=tf --remap /tf_static:=tf_static --remap /diagnostics:=diagnostics -p use_sim_time:=true --params-file /opt/ros/jazzy/share/irobot_create_control/config/control.yaml --param use_sim_time:=true 
[spawner-61] [INFO] [1785507164.790959331] [spawner_diffdrive_controller]: Loaded diffdrive_controller
[gazebo-1] [INFO] [1785507164.794827089] [controller_manager]: Configuring controller: 'diffdrive_controller'
[gazebo-1] [WARN] [1785507164.794980550] [diffdrive_controller]: [deprecated] has_jerk_limits parameter is deprecated, instead set the respective limits to NAN
[gazebo-1] [WARN] [1785507164.795000374] [diffdrive_controller]: [deprecated] has_jerk_limits parameter is deprecated, instead set the respective limits to NAN
[controller_server-48] [INFO] [1785507164.796639885] [local_costmap.local_costmap]: Timed out waiting for transform from base_link to odom to become available, tf error: Could not find a connection between 'odom' and 'base_link' because they are not part of the same tree.Tf has two or more unconnected trees.
[gazebo-1] [WARN] [1785507164.799164982] [diffdrive_controller]: Can't accept new commands. subscriber is inactive
[gazebo-1] [INFO] [1785507164.817596211] [controller_manager]: Activating controllers: [ diffdrive_controller ]
[gazebo-1] [INFO] [1785507164.827011387] [controller_manager]: Successfully switched controllers!
[spawner-61] [INFO] [1785507164.832047944] [spawner_diffdrive_controller]: Configured and activated diffdrive_controller
[gazebo-1] [WARN] [1785507164.857931270] [diffdrive_controller]: Received TwistStamped with zero timestamp, setting it to current time, this message will only be shown once
[rtabmap-46] [33m[ WARN] (2026-07-31 22:12:44.960) Memory.cpp:6451::createSignature() Mem/SaveDepth16Format is set to false to use 32bits format but this is not compatible with the compressed depth format chosen (Mem/DepthCompressionFormat=".rvl"), depth images will be compressed in ".png" format instead. Explicitly set Mem/SaveDepth16Format to true to keep using ".rvl" format and images will be converted to 16bits for convenience (warning: that would remove all depth values over 65 meters). Explicitly set Mem/DepthCompressionFormat=".png" to suppress this warning. This warning is only printed once.[0m
[rtabmap-46] [33m[ WARN] (2026-07-31 22:12:45.014) MapsManager.cpp:899::publishMaps() Graph has changed! The whole cloud is regenerated.[0m
[controller_server-48] [INFO] [1785507165.015310791] [local_costmap.local_costmap]: StaticLayer: Resizing static layer to 113 X 136 at 0.050000 m/pix
[planner_server-50] [INFO] [1785507165.015331987] [global_costmap.global_costmap]: StaticLayer: Resizing costmap to 113 X 136 at 0.050000 m/pix
[rtabmap-46] [0m[INFO] [1785507165.016963144] [rtabmap]: rtabmap (1): Rate=1.00s, Limit=0.000s, Conversion=0.0017s, RTAB-Map=0.0702s, Maps update=0.0046s pub=0.0029s delay=0.0810s (local map=1, WM=1)[0m
[INFO] [spawner-61]: process has finished cleanly [pid 27203]
[controller_server-48] [INFO] [1785507165.296719725] [local_costmap.local_costmap]: start
[controller_server-48] [INFO] [1785507165.499782432] [controller_server]: Activating controller: FollowPath of type nav2_rotation_shim_controller::RotationShimController
[controller_server-48] [WARN] [1785507165.499835790] [controller_server]: Parameter controller_server.verbose not found
[controller_server-48] [INFO] [1785507165.502626663] [controller_server]: Optimizer reset
[controller_server-48] [INFO] [1785507165.503324255] [MPPIController]: Activated MPPI Controller: FollowPath
[controller_server-48] [INFO] [1785507165.503384514] [controller_server]: Creating bond (controller_server) to lifecycle manager.
[lifecycle_manager-58] [INFO] [1785507165.618999177] [lifecycle_manager_navigation]: Server controller_server connected with bond.
[lifecycle_manager-58] [INFO] [1785507165.619050926] [lifecycle_manager_navigation]: [34m[1mActivating smoother_server[0m[0m
[smoother_server-49] [INFO] [1785507165.619937031] [smoother_server]: Activating
[smoother_server-49] [INFO] [1785507165.619976712] [smoother_server]: Creating bond (smoother_server) to lifecycle manager.
[lifecycle_manager-58] [INFO] [1785507165.735728450] [lifecycle_manager_navigation]: Server smoother_server connected with bond.
[lifecycle_manager-58] [INFO] [1785507165.735764296] [lifecycle_manager_navigation]: [34m[1mActivating planner_server[0m[0m
[planner_server-50] [INFO] [1785507165.736238618] [planner_server]: Activating
[planner_server-50] [INFO] [1785507165.736283026] [global_costmap.global_costmap]: Activating
[planner_server-50] [INFO] [1785507165.736297786] [global_costmap.global_costmap]: Checking transform
[planner_server-50] [INFO] [1785507165.736454119] [global_costmap.global_costmap]: start
[rtabmap-46] [0m[INFO] [1785507166.661638504] [rtabmap]: rtabmap (2): Rate=1.00s, Limit=0.000s, Conversion=0.0008s, RTAB-Map=0.0663s, Maps update=0.0031s pub=0.0011s delay=0.0600s (local map=1, WM=1)[0m
[planner_server-50] [INFO] [1785507166.738612921] [planner_server]: Activating plugin GridBased of type NavfnPlanner
[planner_server-50] [INFO] [1785507166.743271582] [planner_server]: Creating bond (planner_server) to lifecycle manager.
[lifecycle_manager-58] [INFO] [1785507166.858958753] [lifecycle_manager_navigation]: Server planner_server connected with bond.
[lifecycle_manager-58] [INFO] [1785507166.859029648] [lifecycle_manager_navigation]: [34m[1mActivating route_server[0m[0m
[route_server-51] [INFO] [1785507166.859966808] [route_server]: Activating
[route_server-51] [INFO] [1785507166.860218364] [route_server]: Creating bond (route_server) to lifecycle manager.
[lifecycle_manager-58] [INFO] [1785507166.971986227] [lifecycle_manager_navigation]: Server route_server connected with bond.
[lifecycle_manager-58] [INFO] [1785507166.972025703] [lifecycle_manager_navigation]: [34m[1mActivating behavior_server[0m[0m
[behavior_server-52] [INFO] [1785507166.972600049] [behavior_server]: Activating
[behavior_server-52] [INFO] [1785507166.972620562] [behavior_server]: Activating spin
[behavior_server-52] [INFO] [1785507166.972627939] [behavior_server]: Activating backup
[behavior_server-52] [INFO] [1785507166.972634197] [behavior_server]: Activating drive_on_heading
[behavior_server-52] [INFO] [1785507166.972640031] [behavior_server]: Activating assisted_teleop
[behavior_server-52] [INFO] [1785507166.972645715] [behavior_server]: Activating wait
[behavior_server-52] [INFO] [1785507166.972655121] [behavior_server]: Creating bond (behavior_server) to lifecycle manager.
[lifecycle_manager-58] [INFO] [1785507167.084503125] [lifecycle_manager_navigation]: Server behavior_server connected with bond.
[lifecycle_manager-58] [INFO] [1785507167.084551456] [lifecycle_manager_navigation]: [34m[1mActivating velocity_smoother[0m[0m
[velocity_smoother-55] [INFO] [1785507167.085056760] [velocity_smoother]: Activating
[velocity_smoother-55] [INFO] [1785507167.085103114] [velocity_smoother]: Creating bond (velocity_smoother) to lifecycle manager.
[lifecycle_manager-58] [INFO] [1785507167.198057520] [lifecycle_manager_navigation]: Server velocity_smoother connected with bond.
[lifecycle_manager-58] [INFO] [1785507167.198128482] [lifecycle_manager_navigation]: [34m[1mActivating collision_monitor[0m[0m
[collision_monitor-56] [INFO] [1785507167.198816102] [collision_monitor]: Activating
[collision_monitor-56] [INFO] [1785507167.198864487] [collision_monitor]: Creating bond (collision_monitor) to lifecycle manager.
[lifecycle_manager-58] [INFO] [1785507167.316016360] [lifecycle_manager_navigation]: Server collision_monitor connected with bond.
[lifecycle_manager-58] [INFO] [1785507167.316068219] [lifecycle_manager_navigation]: [34m[1mActivating bt_navigator[0m[0m
[bt_navigator-53] [INFO] [1785507167.316645582] [bt_navigator]: Activating
[bt_navigator-53] [INFO] [1785507167.507848887] [bt_navigator]: Creating bond (bt_navigator) to lifecycle manager.
[lifecycle_manager-58] [INFO] [1785507167.621714163] [lifecycle_manager_navigation]: Server bt_navigator connected with bond.
[lifecycle_manager-58] [INFO] [1785507167.621757167] [lifecycle_manager_navigation]: [34m[1mActivating waypoint_follower[0m[0m
[waypoint_follower-54] [INFO] [1785507167.622435921] [waypoint_follower]: Activating
[waypoint_follower-54] [INFO] [1785507167.622477102] [waypoint_follower]: Creating bond (waypoint_follower) to lifecycle manager.
[lifecycle_manager-58] [INFO] [1785507167.737864394] [lifecycle_manager_navigation]: Server waypoint_follower connected with bond.
[lifecycle_manager-58] [INFO] [1785507167.737936985] [lifecycle_manager_navigation]: [34m[1mActivating docking_server[0m[0m
[opennav_docking-57] [INFO] [1785507167.738866547] [docking_server]: Activating docking_server
[opennav_docking-57] [INFO] [1785507167.769845790] [docking_server]: Creating bond (docking_server) to lifecycle manager.
[lifecycle_manager-58] [INFO] [1785507167.882990338] [lifecycle_manager_navigation]: Server docking_server connected with bond.
[lifecycle_manager-58] [INFO] [1785507167.883037276] [lifecycle_manager_navigation]: [34m[1mManaged nodes are active[0m[0m
[lifecycle_manager-58] [INFO] [1785507167.883052071] [lifecycle_manager_navigation]: [34m[1mCreating bond timer...[0m[0m
[rtabmap-46] [0m[INFO] [1785507168.498056082] [rtabmap]: rtabmap (3): Rate=1.00s, Limit=0.000s, Conversion=0.0005s, RTAB-Map=0.0547s, Maps update=0.0042s pub=0.0014s delay=0.0690s (local map=1, WM=1)[0m
[rtabmap-46] [0m[INFO] [1785507170.226795318] [rtabmap]: rtabmap (4): Rate=1.00s, Limit=0.000s, Conversion=0.0009s, RTAB-Map=0.0537s, Maps update=0.0060s pub=0.0009s delay=0.0690s (local map=1, WM=1)[0m
[rtabmap-46] [0m[INFO] [1785507171.910473053] [rtabmap]: rtabmap (5): Rate=1.00s, Limit=0.000s, Conversion=0.0005s, RTAB-Map=0.0463s, Maps update=0.0043s pub=0.0013s delay=0.0660s (local map=1, WM=1)[0m
[exploration_manager-60] [INFO] [1785507172.670222839] [exploration_manager]: Sending undock goal...
[motion_control-34] [INFO] [1785507172.670862109] [motion_control]: Received new undock goal
[exploration_manager-60] [INFO] [1785507172.672862338] [exploration_manager]: Undock goal accepted.
[turtlebot4_node-29] [INFO] [1785507173.080944345] [turtlebot4_node]: OAKD started
[turtlebot4_node-29] [INFO] [1785507173.080983774] [turtlebot4_node]: RPLIDAR started
[rtabmap-46] [0m[INFO] [1785507173.634841485] [rtabmap]: rtabmap (6): Rate=1.00s, Limit=0.000s, Conversion=0.0007s, RTAB-Map=0.0560s, Maps update=0.0043s pub=0.0011s delay=0.0570s (local map=1, WM=1)[0m
[rtabmap-46] [0m[INFO] [1785507175.351630292] [rtabmap]: rtabmap (7): Rate=1.00s, Limit=0.000s, Conversion=0.0016s, RTAB-Map=0.0734s, Maps update=0.0031s pub=0.0010s delay=0.0690s (local map=2, WM=2)[0m
[controller_server-48] [INFO] [1785507175.496945226] [local_costmap.local_costmap]: StaticLayer: Resizing static layer to 118 X 136 at 0.050000 m/pix
[planner_server-50] [INFO] [1785507175.736610381] [global_costmap.global_costmap]: StaticLayer: Resizing costmap to 118 X 136 at 0.050000 m/pix
[rtabmap-46] [0m[INFO] [1785507176.997869765] [rtabmap]: rtabmap (8): Rate=1.00s, Limit=0.000s, Conversion=0.0008s, RTAB-Map=0.0572s, Maps update=0.0035s pub=0.0011s delay=0.0480s (local map=3, WM=3)[0m
[controller_server-48] [INFO] [1785507177.096921344] [local_costmap.local_costmap]: StaticLayer: Resizing static layer to 120 X 136 at 0.050000 m/pix
[planner_server-50] [INFO] [1785507177.736623030] [global_costmap.global_costmap]: StaticLayer: Resizing costmap to 120 X 136 at 0.050000 m/pix
[rtabmap-46] [0m[INFO] [1785507178.694302129] [rtabmap]: rtabmap (9): Rate=1.00s, Limit=0.000s, Conversion=0.0005s, RTAB-Map=0.0713s, Maps update=0.0033s pub=0.0011s delay=0.0690s (local map=4, WM=4)[0m
[controller_server-48] [INFO] [1785507178.696915988] [local_costmap.local_costmap]: StaticLayer: Resizing static layer to 122 X 162 at 0.050000 m/pix
[planner_server-50] [INFO] [1785507178.736659326] [global_costmap.global_costmap]: StaticLayer: Resizing costmap to 122 X 162 at 0.050000 m/pix
[rtabmap-46] [0m[INFO] [1785507180.448749863] [rtabmap]: rtabmap (10): Rate=1.00s, Limit=0.000s, Conversion=0.0007s, RTAB-Map=0.0542s, Maps update=0.0037s pub=0.0017s delay=0.0510s (local map=5, WM=5)[0m
[controller_server-48] [INFO] [1785507180.496922179] [local_costmap.local_costmap]: StaticLayer: Resizing static layer to 147 X 178 at 0.050000 m/pix
[planner_server-50] [INFO] [1785507180.736614199] [global_costmap.global_costmap]: StaticLayer: Resizing costmap to 147 X 178 at 0.050000 m/pix
[exploration_manager-60] [INFO] [1785507181.043756363] [exploration_manager]: Initialization: waiting for undock...
[rtabmap-46] [0m[INFO] [1785507182.172115178] [rtabmap]: rtabmap (11): Rate=1.00s, Limit=0.000s, Conversion=0.0008s, RTAB-Map=0.0860s, Maps update=0.0042s pub=0.0012s delay=0.0660s (local map=6, WM=6)[0m
[controller_server-48] [INFO] [1785507182.296951283] [local_costmap.local_costmap]: StaticLayer: Resizing static layer to 206 X 178 at 0.050000 m/pix
[planner_server-50] [INFO] [1785507182.736647672] [global_costmap.global_costmap]: StaticLayer: Resizing costmap to 206 X 178 at 0.050000 m/pix
[rtabmap-46] [0m[INFO] [1785507183.972653337] [rtabmap]: rtabmap (12): Rate=1.00s, Limit=0.000s, Conversion=0.0006s, RTAB-Map=0.0744s, Maps update=0.0067s pub=0.0019s delay=0.0660s (local map=7, WM=7)[0m
[controller_server-48] [INFO] [1785507184.096934437] [local_costmap.local_costmap]: StaticLayer: Resizing static layer to 220 X 178 at 0.050000 m/pix
[planner_server-50] [INFO] [1785507184.736609397] [global_costmap.global_costmap]: StaticLayer: Resizing costmap to 220 X 178 at 0.050000 m/pix
[rtabmap-46] [0m[INFO] [1785507185.725038422] [rtabmap]: rtabmap (13): Rate=1.00s, Limit=0.000s, Conversion=0.0005s, RTAB-Map=0.0681s, Maps update=0.0041s pub=0.0019s delay=0.0660s (local map=8, WM=8)[0m
[rtabmap-46] [0m[INFO] [1785507187.420627077] [rtabmap]: rtabmap (14): Rate=1.00s, Limit=0.000s, Conversion=0.0007s, RTAB-Map=0.0636s, Maps update=0.0049s pub=0.0016s delay=0.0630s (local map=9, WM=9)[0m
[controller_server-48] [INFO] [1785507187.496904507] [local_costmap.local_costmap]: StaticLayer: Resizing static layer to 220 X 187 at 0.050000 m/pix
[planner_server-50] [INFO] [1785507187.736624423] [global_costmap.global_costmap]: StaticLayer: Resizing costmap to 220 X 187 at 0.050000 m/pix
[motion_control-34] [INFO] [1785507188.351729040] [motion_control]: Undock Goal Succeeded
[exploration_manager-60] [INFO] [1785507188.353066066] [exploration_manager]: Undock finished with status: 4
[rtabmap-46] [0m[INFO] [1785507189.071822735] [rtabmap]: rtabmap (15): Rate=1.00s, Limit=0.000s, Conversion=0.0004s, RTAB-Map=0.0530s, Maps update=0.0040s pub=0.0009s delay=0.0540s (local map=9, WM=9)[0m
[exploration_manager-60] [INFO] [1785507189.454656121] [exploration_manager]: Initialization: undock done, start rotating.
[rtabmap-46] [0m[INFO] [1785507190.777030574] [rtabmap]: rtabmap (16): Rate=1.00s, Limit=0.000s, Conversion=0.0005s, RTAB-Map=0.0668s, Maps update=0.0026s pub=0.0010s delay=0.0630s (local map=9, WM=9)[0m
[rtabmap-46] [0m[INFO] [1785507192.478586175] [rtabmap]: rtabmap (17): Rate=1.00s, Limit=0.000s, Conversion=0.0005s, RTAB-Map=0.0552s, Maps update=0.0055s pub=0.0019s delay=0.0720s (local map=9, WM=9)[0m
[turtlebot4_node-29] [ERROR] [1785507194.157405412] [turtlebot4_node]: Service oakd/stop_camera unavailable.
[turtlebot4_node-29] [ERROR] [1785507194.167956118] [turtlebot4_node]: Service stop_motor unavailable.
[rtabmap-46] [0m[INFO] [1785507194.186950006] [rtabmap]: rtabmap (18): Rate=1.00s, Limit=0.000s, Conversion=0.0008s, RTAB-Map=0.0578s, Maps update=0.0036s pub=0.0009s delay=0.0540s (local map=9, WM=9)[0m
[rtabmap-46] [0m[INFO] [1785507195.973801420] [rtabmap]: rtabmap (19): Rate=1.00s, Limit=0.000s, Conversion=0.0008s, RTAB-Map=0.0623s, Maps update=0.0033s pub=0.0007s delay=0.0720s (local map=9, WM=9)[0m
[rtabmap-46] [0m[INFO] [1785507197.673283627] [rtabmap]: rtabmap (20): Rate=1.00s, Limit=0.000s, Conversion=0.0009s, RTAB-Map=0.0556s, Maps update=0.0048s pub=0.0014s delay=0.0660s (local map=9, WM=9)[0m
[exploration_manager-60] [INFO] [1785507197.923983918] [exploration_manager]: Initialization: rotating... 5.0s
[exploration_manager-60] [INFO] [1785507197.925823893] [exploration_manager]: Initialization finished. Starting exploration.
[rtabmap-46] [0m[INFO] [1785507199.680160083] [rtabmap]: rtabmap (21): Rate=1.00s, Limit=0.000s, Conversion=0.0006s, RTAB-Map=0.0917s, Maps update=0.0063s pub=0.0015s delay=0.0750s (local map=9, WM=9)[0m
[rtabmap-46] [0m[INFO] [1785507202.609677486] [rtabmap]: rtabmap (22): Rate=1.00s, Limit=0.000s, Conversion=0.0011s, RTAB-Map=0.1243s, Maps update=0.0083s pub=0.0020s delay=0.0630s (local map=9, WM=9)[0m
[turtlebot4_node-29] [ERROR] [1785507203.091576237] [turtlebot4_node]: Service start_motor unavailable.
[turtlebot4_node-29] [ERROR] [1785507203.102005628] [turtlebot4_node]: Service oakd/start_camera unavailable.
[rtabmap-46] [0m[INFO] [1785507205.508796361] [rtabmap]: rtabmap (23): Rate=1.00s, Limit=0.000s, Conversion=0.0008s, RTAB-Map=0.1033s, Maps update=0.0062s pub=0.0015s delay=0.0690s (local map=9, WM=9)[0m
[rtabmap-46] [0m[INFO] [1785507208.151338853] [rtabmap]: rtabmap (24): Rate=1.00s, Limit=0.000s, Conversion=0.0009s, RTAB-Map=0.1029s, Maps update=0.0070s pub=0.0018s delay=0.0660s (local map=9, WM=9)[0m
[rtabmap-46] [0m[INFO] [1785507210.734215501] [rtabmap]: rtabmap (25): Rate=1.00s, Limit=0.000s, Conversion=0.0007s, RTAB-Map=0.1058s, Maps update=0.0078s pub=0.0019s delay=0.0600s (local map=9, WM=9)[0m
[exploration_manager-60] [INFO] [1785507210.820502821] [exploration_manager]: === Exploration Step ===
[exploration_manager-60] [INFO] [1785507210.822921295] [exploration_manager]: Calling compute_next_goal()
[exploration_manager-60] [INFO] [1785507210.824019381] [exploration_manager]: DEBUG: compute_next_goal entered
[exploration_manager-60] [INFO] [1785507210.832531173] [exploration_manager]: Map stats: width=220, height=187, free=20662, occupied=455, unknown=20023
[exploration_manager-60] [INFO] [1785507210.902737208] [exploration_manager]: Frontier cluster candidate: size=530, unknown=869, distance=4.42, revisit_penalty=0.0, score=930.76, goal=(-4.55, -1.40)
[exploration_manager-60] [INFO] [1785507210.905154902] [exploration_manager]: Frontier cluster candidate: size=251, unknown=722, distance=4.78, revisit_penalty=0.0, score=724.37, goal=(4.25, -1.30)
[exploration_manager-60] [INFO] [1785507210.907950730] [exploration_manager]: Frontier cluster candidate: size=29, unknown=560, distance=4.25, revisit_penalty=0.0, score=523.26, goal=(3.90, -0.10)
[exploration_manager-60] [INFO] [1785507210.911322367] [exploration_manager]: Frontier cluster candidate: size=169, unknown=1016, distance=5.01, revisit_penalty=0.0, score=999.66, goal=(4.20, 2.10)
[exploration_manager-60] [INFO] [1785507210.914432406] [exploration_manager]: Frontier cluster candidate: size=32, unknown=59, distance=1.68, revisit_penalty=0.0, score=48.60, goal=(-1.00, 1.55)
[exploration_manager-60] [INFO] [1785507210.918011346] [exploration_manager]: Frontier cluster candidate: size=1009, unknown=534, distance=3.64, revisit_penalty=0.0, score=699.42, goal=(0.80, 3.45)
[exploration_manager-60] [INFO] [1785507210.920944536] [exploration_manager]: Frontier cluster candidate: size=36, unknown=85, distance=2.06, revisit_penalty=0.0, score=71.60, goal=(-1.15, 1.90)
[exploration_manager-60] [INFO] [1785507210.924320916] [exploration_manager]: Frontier cluster candidate: size=854, unknown=641, distance=3.81, revisit_penalty=0.0, score=773.65, goal=(-2.35, 3.25)
[exploration_manager-60] [INFO] [1785507210.927086628] [exploration_manager]: Frontier cluster candidate: size=23, unknown=451, distance=3.70, revisit_penalty=0.0, score=418.60, goal=(-2.65, 2.90)
[exploration_manager-60] [INFO] [1785507210.928737554] [exploration_manager]: Frontier candidates=3354, clusters=74, valid_clusters=9
[exploration_manager-60] [INFO] [1785507210.929774889] [exploration_manager]: DEBUG: calling visualize_debug()
[exploration_manager-60] [INFO] [1785507212.290164941] [exploration_manager]: Debug map saved to: /home/tsehsun/frontier_debug/frontier_debug_latest.png
[exploration_manager-60] [INFO] [1785507212.292677405] [exploration_manager]: Best frontier cluster selected: cluster_size=169, unknown=1016, score=999.66, x=4.20, y=2.10, dist=5.01
[exploration_manager-60] [INFO] [1785507212.294584494] [exploration_manager]: Goal generated successfully.
[exploration_manager-60] [INFO] [1785507212.295661552] [exploration_manager]: Sending frontier goal to Nav2: x=4.20, y=2.10
[bt_navigator-53] [INFO] [1785507212.297544525] [bt_navigator]: Begin navigating from current location (-0.35, -0.00) to (4.20, 2.10)
[exploration_manager-60] [INFO] [1785507212.298530955] [exploration_manager]: Navigation goal accepted.
[controller_server-48] [INFO] [1785507212.320624014] [controller_server]: Received a goal, begin computing control effort.
[controller_server-48] [WARN] [1785507212.320772250] [controller_server]: No goal checker was specified in parameter 'current_goal_checker'. Server will use only plugin loaded general_goal_checker . This warning will appear once.
[controller_server-48] [WARN] [1785507212.320822934] [controller_server]: No progress checker was specified in parameter 'current_progress_checker'. Server will use only plugin loaded progress_checker . This warning will appear once.
[controller_server-48] [WARN] [1785507212.433320374] [controller_server]: Control loop missed its desired rate of 20.0000 Hz. Current loop rate is 83.3333 Hz.
[controller_server-48] [WARN] [1785507212.544753435] [controller_server]: Control loop missed its desired rate of 20.0000 Hz. Current loop rate is 66.6667 Hz.
[controller_server-48] [WARN] [1785507212.646377142] [controller_server]: Control loop missed its desired rate of 20.0000 Hz. Current loop rate is 66.6667 Hz.
[controller_server-48] [INFO] [1785507213.396577201] [controller_server]: Passing new path to controller.
[rtabmap-46] [0m[INFO] [1785507213.510035329] [rtabmap]: rtabmap (26): Rate=1.00s, Limit=0.000s, Conversion=0.0013s, RTAB-Map=0.1041s, Maps update=0.0068s pub=0.0020s delay=0.0630s (local map=9, WM=9)[0m
[controller_server-48] [WARN] [1785507213.767858445] [controller_server]: Control loop missed its desired rate of 20.0000 Hz. Current loop rate is 47.6190 Hz.
[controller_server-48] [WARN] [1785507214.119688499] [controller_server]: Control loop missed its desired rate of 20.0000 Hz. Current loop rate is 55.5556 Hz.
[controller_server-48] [INFO] [1785507214.419876564] [controller_server]: Passing new path to controller.
[controller_server-48] [WARN] [1785507215.320743890] [controller_server]: Control loop missed its desired rate of 20.0000 Hz. Current loop rate is 47.6190 Hz.
[controller_server-48] [INFO] [1785507215.420960966] [controller_server]: Passing new path to controller.
[controller_server-48] [WARN] [1785507216.121930067] [controller_server]: Control loop missed its desired rate of 20.0000 Hz. Current loop rate is 55.5556 Hz.
[rtabmap-46] [0m[INFO] [1785507216.310935403] [rtabmap]: rtabmap (27): Rate=1.00s, Limit=0.000s, Conversion=0.0010s, RTAB-Map=0.1057s, Maps update=0.0087s pub=0.0033s delay=0.0660s (local map=10, WM=10)[0m
[controller_server-48] [INFO] [1785507216.472121006] [controller_server]: Passing new path to controller.
[controller_server-48] [WARN] [1785507216.773172341] [controller_server]: Control loop missed its desired rate of 20.0000 Hz. Current loop rate is 83.3333 Hz.
[controller_server-48] [WARN] [1785507217.424192703] [controller_server]: Control loop missed its desired rate of 20.0000 Hz. Current loop rate is 55.5556 Hz.
[controller_server-48] [INFO] [1785507217.474723401] [controller_server]: Passing new path to controller.
[controller_server-48] [WARN] [1785507218.185473906] [controller_server]: Control loop missed its desired rate of 20.0000 Hz. Current loop rate is 66.6667 Hz.
[controller_server-48] [WARN] [1785507218.446998307] [controller_server]: Control loop missed its desired rate of 20.0000 Hz. Current loop rate is 66.6667 Hz.
[controller_server-48] [INFO] [1785507218.497214314] [controller_server]: Passing new path to controller.
[rtabmap-46] [0m[INFO] [1785507219.212904657] [rtabmap]: rtabmap (28): Rate=1.00s, Limit=0.000s, Conversion=0.0008s, RTAB-Map=0.1645s, Maps update=0.0075s pub=0.0034s delay=0.0870s (local map=11, WM=11)[0m
[controller_server-48] [WARN] [1785507219.398268863] [controller_server]: Control loop missed its desired rate of 20.0000 Hz. Current loop rate is 55.5556 Hz.
[controller_server-48] [INFO] [1785507219.548450963] [controller_server]: Passing new path to controller.
[controller_server-48] [WARN] [1785507219.749553391] [controller_server]: Control loop missed its desired rate of 20.0000 Hz. Current loop rate is 66.6667 Hz.
[controller_server-48] [WARN] [1785507220.010872824] [controller_server]: Control loop missed its desired rate of 20.0000 Hz. Current loop rate is 41.6667 Hz.
[controller_server-48] [INFO] [1785507220.561033234] [controller_server]: Passing new path to controller.
[controller_server-48] [INFO] [1785507221.611062710] [controller_server]: Passing new path to controller.
[rtabmap-46] [33m[ WARN] (2026-07-31 22:13:41.887) Rtabmap.cpp:3543::process() Rejected loop closure 1 -> 29: Not enough inliers 0/10 (matches=20) between 1 and 29[0m
[rtabmap-46] [0m[INFO] [1785507221.897681086] [rtabmap]: rtabmap (29): Rate=1.00s, Limit=0.000s, Conversion=0.0007s, RTAB-Map=0.1707s, Maps update=0.0053s pub=0.0033s delay=0.0810s (local map=12, WM=12)[0m
[controller_server-48] [WARN] [1785507222.012855799] [controller_server]: Control loop missed its desired rate of 20.0000 Hz. Current loop rate is 55.5556 Hz.
[controller_server-48] [WARN] [1785507222.424265536] [controller_server]: Control loop missed its desired rate of 20.0000 Hz. Current loop rate is 66.6667 Hz.
[controller_server-48] [WARN] [1785507222.585505419] [controller_server]: Control loop missed its desired rate of 20.0000 Hz. Current loop rate is 47.6190 Hz.
[controller_server-48] [INFO] [1785507222.635656134] [controller_server]: Passing new path to controller.
[controller_server-48] [WARN] [1785507223.086523700] [controller_server]: Control loop missed its desired rate of 20.0000 Hz. Current loop rate is 55.5556 Hz.
[controller_server-48] [WARN] [1785507223.487648102] [controller_server]: Control loop missed its desired rate of 20.0000 Hz. Current loop rate is 55.5556 Hz.
[controller_server-48] [WARN] [1785507223.638957610] [controller_server]: Control loop missed its desired rate of 20.0000 Hz. Current loop rate is 55.5556 Hz.
[controller_server-48] [INFO] [1785507223.639049019] [controller_server]: Passing new path to controller.
[controller_server-48] [WARN] [1785507223.790192284] [controller_server]: Control loop missed its desired rate of 20.0000 Hz. Current loop rate is 55.5556 Hz.
[controller_server-48] [WARN] [1785507223.941457572] [controller_server]: Control loop missed its desired rate of 20.0000 Hz. Current loop rate is 55.5556 Hz.
[controller_server-48] [WARN] [1785507224.093047795] [controller_server]: Control loop missed its desired rate of 20.0000 Hz. Current loop rate is 66.6667 Hz.
[exploration_manager-60] [INFO] [1785507224.167912111] [exploration_manager]: === Exploration Step ===
[exploration_manager-60] [INFO] [1785507224.169176304] [exploration_manager]: Already navigating. elapsed=5.0s
[controller_server-48] [WARN] [1785507224.354292176] [controller_server]: Control loop missed its desired rate of 20.0000 Hz. Current loop rate is 55.5556 Hz.
[rtabmap-46] [33m[ WARN] (2026-07-31 22:13:44.474) Rtabmap.cpp:3543::process() Rejected loop closure 1 -> 30: Not enough inliers 0/10 (matches=36) between 1 and 30[0m
[rtabmap-46] [0m[INFO] [1785507224.488991436] [rtabmap]: rtabmap (30): Rate=1.00s, Limit=0.000s, Conversion=0.0006s, RTAB-Map=0.1752s, Maps update=0.0075s pub=0.0047s delay=0.0930s (local map=13, WM=13)[0m
[controller_server-48] [INFO] [1785507224.704462151] [controller_server]: Passing new path to controller.
[controller_server-48] [WARN] [1785507225.305361324] [controller_server]: Control loop missed its desired rate of 20.0000 Hz. Current loop rate is 55.5556 Hz.
[controller_server-48] [WARN] [1785507225.556425441] [controller_server]: Control loop missed its desired rate of 20.0000 Hz. Current loop rate is 47.6190 Hz.
[controller_server-48] [INFO] [1785507225.706604046] [controller_server]: Passing new path to controller.
[controller_server-48] [WARN] [1785507226.257511822] [controller_server]: Control loop missed its desired rate of 20.0000 Hz. Current loop rate is 111.1111 Hz.
[controller_server-48] [INFO] [1785507226.757670219] [controller_server]: Passing new path to controller.
[controller_server-48] [WARN] [1785507227.008711644] [controller_server]: Control loop missed its desired rate of 20.0000 Hz. Current loop rate is 55.5556 Hz.
[rtabmap-46] [31m[ERROR] (2026-07-31 22:13:47.181) Rtabmap.cpp:3569::process() [ROVER] TRY_ADD_GLOBAL current=31 target=9[0m
[rtabmap-46] [31m[ERROR] (2026-07-31 22:13:47.181) Rtabmap.cpp:3576::process() [ROVER] ADD_RESULT rejected=0[0m
[rtabmap-46] [33m[ WARN] (2026-07-31 22:13:47.187) Rtabmap.cpp:4334::process() [ROVER_PAIR] valid=1 pairs=14 first=1 last=31[0m
[rtabmap-46] [33m[ WARN] (2026-07-31 22:13:47.187) Rtabmap.cpp:4352::process() [ROVER_POINT] first=(1 -0.00 -0.00 -> 0.00 0.00) last=(31 -0.35 -0.00 -> -0.35 0.00)[0m
[rtabmap-46] [33m[ WARN] (2026-07-31 22:13:47.187) Rtabmap.cpp:4373::process() [ROVER_SET] before=14 after=14[0m
[rtabmap-46] [33m[ WARN] (2026-07-31 22:13:47.187) Rtabmap.cpp:4387::process() [ROVER_CENTER] before=(-0.316 -0.000) after=(-0.314 0.001)[0m
[rtabmap-46] [33m[ WARN] (2026-07-31 22:13:47.187) Rtabmap.cpp:4409::process() [ROVER_TRANSFORM] scale=1.00000 yaw=0.304deg tx=-0.002 ty=0.000[0m
[rtabmap-46] [33m[ WARN] (2026-07-31 22:13:47.187) Rtabmap.cpp:4428::process() [ROVER_SET] first_before=(-0.00 -0.00) first_after=(0.00 0.00)[0m
[rtabmap-46] [33m[ WARN] (2026-07-31 22:13:47.187) Rtabmap.cpp:4453::process() [ROVER_RESULT] current=31 target=9 rmse=0.00176 mean=0.00157 max=0.00307 max_id=31 pairs=14 suspicious=0[0m
[rtabmap-46] [33m[ WARN] (2026-07-31 22:13:47.187) Rtabmap.cpp:4488::process() [ROVER] LOOP_EVENT before=14, after=14, new_loops=1[0m
[rtabmap-46] [33m[ WARN] (2026-07-31 22:13:47.187) Rtabmap.cpp:4496::process() [ROVER] Added link 31 -> 9[0m
[rtabmap-46] [0m[INFO] [1785507227.199674775] [rtabmap]: rtabmap (31): Rate=1.00s, Limit=0.000s, Conversion=0.0006s, RTAB-Map=0.1643s, Maps update=0.0060s pub=0.0039s delay=0.0840s (local map=14, WM=14)[0m
[controller_server-48] [WARN] [1785507227.359767789] [controller_server]: Control loop missed its desired rate of 20.0000 Hz. Current loop rate is 55.5556 Hz.
[controller_server-48] [WARN] [1785507227.760897020] [controller_server]: Control loop missed its desired rate of 20.0000 Hz. Current loop rate is 83.3333 Hz.
[controller_server-48] [INFO] [1785507227.760980737] [controller_server]: Passing new path to controller.
[controller_server-48] [WARN] [1785507227.862057166] [controller_server]: Control loop missed its desired rate of 20.0000 Hz. Current loop rate is 83.3333 Hz.
[controller_server-48] [WARN] [1785507228.223334150] [controller_server]: Control loop missed its desired rate of 20.0000 Hz. Current loop rate is 66.6667 Hz.
[controller_server-48] [INFO] [1785507228.773507782] [controller_server]: Passing new path to controller.
[controller_server-48] [INFO] [1785507229.823487416] [controller_server]: Passing new path to controller.
[rtabmap-46] [31m[ERROR] (2026-07-31 22:13:50.268) Rtabmap.cpp:3569::process() [ROVER] TRY_ADD_GLOBAL current=32 target=9[0m
[rtabmap-46] [31m[ERROR] (2026-07-31 22:13:50.268) Rtabmap.cpp:3576::process() [ROVER] ADD_RESULT rejected=0[0m
[rtabmap-46] [33m[ WARN] (2026-07-31 22:13:50.271) Rtabmap.cpp:4334::process() [ROVER_PAIR] valid=1 pairs=15 first=1 last=32[0m
[rtabmap-46] [33m[ WARN] (2026-07-31 22:13:50.271) Rtabmap.cpp:4352::process() [ROVER_POINT] first=(1 0.00 0.00 -> 0.00 0.00) last=(32 -0.27 0.06 -> -0.28 0.05)[0m
[rtabmap-46] [33m[ WARN] (2026-07-31 22:13:50.271) Rtabmap.cpp:4373::process() [ROVER_SET] before=15 after=15[0m
[rtabmap-46] [33m[ WARN] (2026-07-31 22:13:50.271) Rtabmap.cpp:4387::process() [ROVER_CENTER] before=(-0.311 0.005) after=(-0.312 0.004)[0m
[rtabmap-46] [33m[ WARN] (2026-07-31 22:13:50.271) Rtabmap.cpp:4409::process() [ROVER_TRANSFORM] scale=1.00000 yaw=-0.127deg tx=0.001 ty=-0.000[0m
[rtabmap-46] [33m[ WARN] (2026-07-31 22:13:50.271) Rtabmap.cpp:4428::process() [ROVER_SET] first_before=(0.00 0.00) first_after=(0.00 0.00)[0m
[rtabmap-46] [33m[ WARN] (2026-07-31 22:13:50.271) Rtabmap.cpp:4453::process() [ROVER_RESULT] current=32 target=9 rmse=0.00144 mean=0.00081 max=0.00514 max_id=32 pairs=15 suspicious=0[0m
[rtabmap-46] [33m[ WARN] (2026-07-31 22:13:50.271) Rtabmap.cpp:4488::process() [ROVER] LOOP_EVENT before=15, after=15, new_loops=1[0m
[rtabmap-46] [33m[ WARN] (2026-07-31 22:13:50.271) Rtabmap.cpp:4496::process() [ROVER] Added link 32 -> 9[0m
[rtabmap-46] [0m[INFO] [1785507230.283995224] [rtabmap]: rtabmap (32): Rate=1.00s, Limit=0.000s, Conversion=0.0009s, RTAB-Map=0.1902s, Maps update=0.0070s pub=0.0038s delay=0.0840s (local map=15, WM=15)[0m
[controller_server-48] [INFO] [1785507230.873509128] [controller_server]: Passing new path to controller.
[controller_server-48] [INFO] [1785507231.873497641] [controller_server]: Passing new path to controller.
[controller_server-48] [INFO] [1785507232.923493032] [controller_server]: Passing new path to controller.
[rtabmap-46] [31m[ERROR] (2026-07-31 22:13:53.436) Rtabmap.cpp:3569::process() [ROVER] TRY_ADD_GLOBAL current=33 target=9[0m
[rtabmap-46] [31m[ERROR] (2026-07-31 22:13:53.436) Rtabmap.cpp:3576::process() [ROVER] ADD_RESULT rejected=0[0m
[rtabmap-46] [33m[ WARN] (2026-07-31 22:13:53.439) Rtabmap.cpp:4334::process() [ROVER_PAIR] valid=1 pairs=16 first=1 last=33[0m
[rtabmap-46] [33m[ WARN] (2026-07-31 22:13:53.439) Rtabmap.cpp:4352::process() [ROVER_POINT] first=(1 0.00 0.00 -> 0.00 -0.00) last=(33 -0.04 0.17 -> -0.04 0.18)[0m
[rtabmap-46] [33m[ WARN] (2026-07-31 22:13:53.439) Rtabmap.cpp:4373::process() [ROVER_SET] before=16 after=16[0m
[rtabmap-46] [33m[ WARN] (2026-07-31 22:13:53.439) Rtabmap.cpp:4387::process() [ROVER_CENTER] before=(-0.295 0.015) after=(-0.295 0.015)[0m
[rtabmap-46] [33m[ WARN] (2026-07-31 22:13:53.439) Rtabmap.cpp:4409::process() [ROVER_TRANSFORM] scale=1.00000 yaw=-0.238deg tx=0.000 ty=-0.001[0m
[rtabmap-46] [33m[ WARN] (2026-07-31 22:13:53.439) Rtabmap.cpp:4428::process() [ROVER_SET] first_before=(0.00 0.00) first_after=(0.00 -0.00)[0m
[rtabmap-46] [33m[ WARN] (2026-07-31 22:13:53.439) Rtabmap.cpp:4453::process() [ROVER_RESULT] current=33 target=9 rmse=0.00057 mean=0.00031 max=0.00163 max_id=33 pairs=16 suspicious=0[0m
[rtabmap-46] [33m[ WARN] (2026-07-31 22:13:53.439) Rtabmap.cpp:4488::process() [ROVER] LOOP_EVENT before=16, after=16, new_loops=1[0m
[rtabmap-46] [33m[ WARN] (2026-07-31 22:13:53.439) Rtabmap.cpp:4496::process() [ROVER] Added link 33 -> 9[0m
[rtabmap-46] [0m[INFO] [1785507233.456470066] [rtabmap]: rtabmap (33): Rate=1.00s, Limit=0.000s, Conversion=0.0006s, RTAB-Map=0.1916s, Maps update=0.0096s pub=0.0051s delay=0.0960s (local map=16, WM=16)[0m
[controller_server-48] [INFO] [1785507233.496974667] [local_costmap.local_costmap]: StaticLayer: Resizing static layer to 226 X 187 at 0.050000 m/pix
[planner_server-50] [INFO] [1785507233.736702780] [global_costmap.global_costmap]: StaticLayer: Resizing costmap to 226 X 187 at 0.050000 m/pix
[controller_server-48] [INFO] [1785507233.923502720] [controller_server]: Passing new path to controller.
[controller_server-48] [INFO] [1785507234.973502631] [controller_server]: Passing new path to controller.
[controller_server-48] [INFO] [1785507235.973491258] [controller_server]: Passing new path to controller.
[rtabmap-46] [31m[ERROR] (2026-07-31 22:13:56.532) Rtabmap.cpp:3569::process() [ROVER] TRY_ADD_GLOBAL current=34 target=9[0m
[rtabmap-46] [31m[ERROR] (2026-07-31 22:13:56.532) Rtabmap.cpp:3576::process() [ROVER] ADD_RESULT rejected=0[0m
[rtabmap-46] [33m[ WARN] (2026-07-31 22:13:56.535) Rtabmap.cpp:4334::process() [ROVER_PAIR] valid=1 pairs=17 first=1 last=34[0m
[rtabmap-46] [33m[ WARN] (2026-07-31 22:13:56.535) Rtabmap.cpp:4352::process() [ROVER_POINT] first=(1 0.00 -0.00 -> 0.00 -0.00) last=(34 0.17 0.31 -> 0.17 0.31)[0m
[rtabmap-46] [33m[ WARN] (2026-07-31 22:13:56.535) Rtabmap.cpp:4373::process() [ROVER_SET] before=17 after=17[0m
[rtabmap-46] [33m[ WARN] (2026-07-31 22:13:56.535) Rtabmap.cpp:4387::process() [ROVER_CENTER] before=(-0.268 0.033) after=(-0.268 0.033)[0m
[rtabmap-46] [33m[ WARN] (2026-07-31 22:13:56.535) Rtabmap.cpp:4409::process() [ROVER_TRANSFORM] scale=1.00000 yaw=-0.134deg tx=-0.000 ty=-0.001[0m
[rtabmap-46] [33m[ WARN] (2026-07-31 22:13:56.535) Rtabmap.cpp:4428::process() [ROVER_SET] first_before=(0.00 -0.00) first_after=(0.00 -0.00)[0m
[rtabmap-46] [33m[ WARN] (2026-07-31 22:13:56.535) Rtabmap.cpp:4453::process() [ROVER_RESULT] current=34 target=9 rmse=0.00037 mean=0.00022 max=0.00102 max_id=34 pairs=17 suspicious=0[0m
[rtabmap-46] [33m[ WARN] (2026-07-31 22:13:56.535) Rtabmap.cpp:4488::process() [ROVER] LOOP_EVENT before=17, after=17, new_loops=1[0m
[rtabmap-46] [33m[ WARN] (2026-07-31 22:13:56.535) Rtabmap.cpp:4496::process() [ROVER] Added link 34 -> 9[0m
[rtabmap-46] [0m[INFO] [1785507236.547811606] [rtabmap]: rtabmap (34): Rate=1.00s, Limit=0.000s, Conversion=0.0007s, RTAB-Map=0.1827s, Maps update=0.0070s pub=0.0032s delay=0.0810s (local map=17, WM=17)[0m
[controller_server-48] [INFO] [1785507236.696992647] [local_costmap.local_costmap]: StaticLayer: Resizing static layer to 229 X 189 at 0.050000 m/pix
[planner_server-50] [INFO] [1785507236.737322986] [global_costmap.global_costmap]: StaticLayer: Resizing costmap to 229 X 189 at 0.050000 m/pix
[controller_server-48] [INFO] [1785507237.023513961] [controller_server]: Passing new path to controller.
[controller_server-48] [INFO] [1785507238.023897627] [controller_server]: Passing new path to controller.
[exploration_manager-60] [INFO] [1785507238.896406294] [exploration_manager]: === Exploration Step ===
[exploration_manager-60] [INFO] [1785507238.897518140] [exploration_manager]: Already navigating. elapsed=10.0s
[controller_server-48] [INFO] [1785507239.073509247] [controller_server]: Passing new path to controller.
[rtabmap-46] [31m[ERROR] (2026-07-31 22:13:59.536) Rtabmap.cpp:3569::process() [ROVER] TRY_ADD_GLOBAL current=35 target=9[0m
[rtabmap-46] [31m[ERROR] (2026-07-31 22:13:59.536) Rtabmap.cpp:3576::process() [ROVER] ADD_RESULT rejected=0[0m
[rtabmap-46] [33m[ WARN] (2026-07-31 22:13:59.540) Rtabmap.cpp:4334::process() [ROVER_PAIR] valid=1 pairs=18 first=1 last=35[0m
[rtabmap-46] [33m[ WARN] (2026-07-31 22:13:59.540) Rtabmap.cpp:4352::process() [ROVER_POINT] first=(1 0.00 -0.00 -> 0.00 -0.00) last=(35 0.35 0.49 -> 0.35 0.50)[0m
[rtabmap-46] [33m[ WARN] (2026-07-31 22:13:59.540) Rtabmap.cpp:4373::process() [ROVER_SET] before=18 after=18[0m
[rtabmap-46] [33m[ WARN] (2026-07-31 22:13:59.540) Rtabmap.cpp:4387::process() [ROVER_CENTER] before=(-0.233 0.058) after=(-0.234 0.059)[0m
[rtabmap-46] [33m[ WARN] (2026-07-31 22:13:59.540) Rtabmap.cpp:4409::process() [ROVER_TRANSFORM] scale=1.00000 yaw=-0.247deg tx=0.000 ty=-0.001[0m
[rtabmap-46] [33m[ WARN] (2026-07-31 22:13:59.540) Rtabmap.cpp:4428::process() [ROVER_SET] first_before=(0.00 -0.00) first_after=(0.00 -0.00)[0m
[rtabmap-46] [33m[ WARN] (2026-07-31 22:13:59.540) Rtabmap.cpp:4453::process() [ROVER_RESULT] current=35 target=9 rmse=0.00046 mean=0.00034 max=0.00135 max_id=1 pairs=18 suspicious=0[0m
[rtabmap-46] [33m[ WARN] (2026-07-31 22:13:59.540) Rtabmap.cpp:4488::process() [ROVER] LOOP_EVENT before=18, after=18, new_loops=1[0m
[rtabmap-46] [33m[ WARN] (2026-07-31 22:13:59.540) Rtabmap.cpp:4496::process() [ROVER] Added link 35 -> 9[0m
[rtabmap-46] [0m[INFO] [1785507239.554874234] [rtabmap]: rtabmap (35): Rate=1.00s, Limit=0.000s, Conversion=0.0007s, RTAB-Map=0.1796s, Maps update=0.0076s pub=0.0046s delay=0.0960s (local map=18, WM=18)[0m
[controller_server-48] [INFO] [1785507239.697008309] [local_costmap.local_costmap]: StaticLayer: Resizing static layer to 232 X 192 at 0.050000 m/pix
[planner_server-50] [INFO] [1785507239.736660405] [global_costmap.global_costmap]: StaticLayer: Resizing costmap to 232 X 192 at 0.050000 m/pix
[controller_server-48] [INFO] [1785507240.073501143] [controller_server]: Passing new path to controller.
[controller_server-48] [INFO] [1785507241.123487474] [controller_server]: Passing new path to controller.
[controller_server-48] [INFO] [1785507242.123501089] [controller_server]: Passing new path to controller.
[rtabmap-46] [31m[ERROR] (2026-07-31 22:14:02.496) Rtabmap.cpp:3569::process() [ROVER] TRY_ADD_GLOBAL current=36 target=9[0m
[rtabmap-46] [31m[ERROR] (2026-07-31 22:14:02.496) Rtabmap.cpp:3576::process() [ROVER] ADD_RESULT rejected=0[0m
[rtabmap-46] [33m[ WARN] (2026-07-31 22:14:02.499) Rtabmap.cpp:4334::process() [ROVER_PAIR] valid=1 pairs=19 first=1 last=36[0m
[rtabmap-46] [33m[ WARN] (2026-07-31 22:14:02.499) Rtabmap.cpp:4352::process() [ROVER_POINT] first=(1 0.00 -0.00 -> 0.00 -0.00) last=(36 0.58 0.63 -> 0.59 0.64)[0m
[rtabmap-46] [33m[ WARN] (2026-07-31 22:14:02.499) Rtabmap.cpp:4373::process() [ROVER_SET] before=19 after=19[0m
[rtabmap-46] [33m[ WARN] (2026-07-31 22:14:02.499) Rtabmap.cpp:4387::process() [ROVER_CENTER] before=(-0.191 0.089) after=(-0.190 0.090)[0m
[rtabmap-46] [33m[ WARN] (2026-07-31 22:14:02.499) Rtabmap.cpp:4409::process() [ROVER_TRANSFORM] scale=1.00000 yaw=-0.048deg tx=-0.001 ty=-0.001[0m
[rtabmap-46] [33m[ WARN] (2026-07-31 22:14:02.499) Rtabmap.cpp:4428::process() [ROVER_SET] first_before=(0.00 -0.00) first_after=(0.00 -0.00)[0m
[rtabmap-46] [33m[ WARN] (2026-07-31 22:14:02.499) Rtabmap.cpp:4453::process() [ROVER_RESULT] current=36 target=9 rmse=0.00371 mean=0.00268 max=0.01154 max_id=36 pairs=19 suspicious=0[0m
[rtabmap-46] [33m[ WARN] (2026-07-31 22:14:02.499) Rtabmap.cpp:4488::process() [ROVER] LOOP_EVENT before=19, after=19, new_loops=1[0m
[rtabmap-46] [33m[ WARN] (2026-07-31 22:14:02.499) Rtabmap.cpp:4496::process() [ROVER] Added link 36 -> 9[0m
[rtabmap-46] [0m[INFO] [1785507242.529911802] [rtabmap]: rtabmap (36): Rate=1.00s, Limit=0.000s, Conversion=0.0005s, RTAB-Map=0.1922s, Maps update=0.0201s pub=0.0083s delay=0.0870s (local map=19, WM=19)[0m
[controller_server-48] [INFO] [1785507242.696986469] [local_costmap.local_costmap]: StaticLayer: Resizing static layer to 238 X 190 at 0.050000 m/pix
[planner_server-50] [INFO] [1785507242.736698296] [global_costmap.global_costmap]: StaticLayer: Resizing costmap to 238 X 190 at 0.050000 m/pix
[controller_server-48] [INFO] [1785507243.173503645] [controller_server]: Passing new path to controller.
[controller_server-48] [INFO] [1785507244.173499786] [controller_server]: Passing new path to controller.
[controller_server-48] [INFO] [1785507245.223504980] [controller_server]: Passing new path to controller.
[rtabmap-46] [31m[ERROR] (2026-07-31 22:14:05.518) Rtabmap.cpp:3569::process() [ROVER] TRY_ADD_GLOBAL current=37 target=9[0m
[rtabmap-46] [31m[ERROR] (2026-07-31 22:14:05.518) Rtabmap.cpp:3576::process() [ROVER] ADD_RESULT rejected=0[0m
[rtabmap-46] [33m[ WARN] (2026-07-31 22:14:05.526) Rtabmap.cpp:4334::process() [ROVER_PAIR] valid=1 pairs=20 first=1 last=37[0m
[rtabmap-46] [33m[ WARN] (2026-07-31 22:14:05.526) Rtabmap.cpp:4352::process() [ROVER_POINT] first=(1 0.00 -0.00 -> 0.00 -0.00) last=(37 0.83 0.76 -> 0.82 0.76)[0m
[rtabmap-46] [33m[ WARN] (2026-07-31 22:14:05.526) Rtabmap.cpp:4373::process() [ROVER_SET] before=20 after=20[0m
[rtabmap-46] [33m[ WARN] (2026-07-31 22:14:05.526) Rtabmap.cpp:4387::process() [ROVER_CENTER] before=(-0.139 0.123) after=(-0.140 0.125)[0m
[rtabmap-46] [33m[ WARN] (2026-07-31 22:14:05.527) Rtabmap.cpp:4409::process() [ROVER_TRANSFORM] scale=1.00000 yaw=-0.439deg tx=0.000 ty=-0.002[0m
[rtabmap-46] [33m[ WARN] (2026-07-31 22:14:05.527) Rtabmap.cpp:4428::process() [ROVER_SET] first_before=(0.00 -0.00) first_after=(0.00 -0.00)[0m
[rtabmap-46] [33m[ WARN] (2026-07-31 22:14:05.527) Rtabmap.cpp:4453::process() [ROVER_RESULT] current=37 target=9 rmse=0.00096 mean=0.00079 max=0.00236 max_id=37 pairs=20 suspicious=0[0m
[rtabmap-46] [33m[ WARN] (2026-07-31 22:14:05.527) Rtabmap.cpp:4488::process() [ROVER] LOOP_EVENT before=20, after=20, new_loops=1[0m
[rtabmap-46] [33m[ WARN] (2026-07-31 22:14:05.527) Rtabmap.cpp:4496::process() [ROVER] Added link 37 -> 9[0m
[rtabmap-46] [0m[INFO] [1785507245.555415029] [rtabmap]: rtabmap (37): Rate=1.00s, Limit=0.000s, Conversion=0.0009s, RTAB-Map=0.2233s, Maps update=0.0196s pub=0.0061s delay=0.1050s (local map=20, WM=20)[0m
[controller_server-48] [INFO] [1785507245.696975705] [local_costmap.local_costmap]: StaticLayer: Resizing static layer to 243 X 191 at 0.050000 m/pix
[planner_server-50] [INFO] [1785507245.736660335] [global_costmap.global_costmap]: StaticLayer: Resizing costmap to 243 X 191 at 0.050000 m/pix
[controller_server-48] [INFO] [1785507246.273501113] [controller_server]: Passing new path to controller.
[controller_server-48] [INFO] [1785507247.274452477] [controller_server]: Passing new path to controller.
[controller_server-48] [INFO] [1785507248.323486070] [controller_server]: Passing new path to controller.
[rtabmap-46] [31m[ERROR] (2026-07-31 22:14:08.646) Rtabmap.cpp:3569::process() [ROVER] TRY_ADD_GLOBAL current=38 target=9[0m
[rtabmap-46] [31m[ERROR] (2026-07-31 22:14:08.646) Rtabmap.cpp:3576::process() [ROVER] ADD_RESULT rejected=0[0m
[rtabmap-46] [33m[ WARN] (2026-07-31 22:14:08.650) Rtabmap.cpp:4334::process() [ROVER_PAIR] valid=1 pairs=21 first=1 last=38[0m
[rtabmap-46] [33m[ WARN] (2026-07-31 22:14:08.650) Rtabmap.cpp:4352::process() [ROVER_POINT] first=(1 0.00 -0.00 -> 0.00 -0.00) last=(38 1.06 0.87 -> 1.05 0.89)[0m
[rtabmap-46] [33m[ WARN] (2026-07-31 22:14:08.650) Rtabmap.cpp:4373::process() [ROVER_SET] before=21 after=21[0m
[rtabmap-46] [33m[ WARN] (2026-07-31 22:14:08.650) Rtabmap.cpp:4387::process() [ROVER_CENTER] before=(-0.083 0.160) after=(-0.084 0.162)[0m
[rtabmap-46] [33m[ WARN] (2026-07-31 22:14:08.650) Rtabmap.cpp:4409::process() [ROVER_TRANSFORM] scale=1.00000 yaw=-0.569deg tx=-0.000 ty=-0.003[0m
[rtabmap-46] [33m[ WARN] (2026-07-31 22:14:08.650) Rtabmap.cpp:4428::process() [ROVER_SET] first_before=(0.00 -0.00) first_after=(0.00 -0.00)[0m
[rtabmap-46] [33m[ WARN] (2026-07-31 22:14:08.651) Rtabmap.cpp:4453::process() [ROVER_RESULT] current=38 target=9 rmse=0.00158 mean=0.00112 max=0.00499 max_id=38 pairs=21 suspicious=0[0m
[rtabmap-46] [33m[ WARN] (2026-07-31 22:14:08.651) Rtabmap.cpp:4488::process() [ROVER] LOOP_EVENT before=21, after=21, new_loops=1[0m
[rtabmap-46] [33m[ WARN] (2026-07-31 22:14:08.651) Rtabmap.cpp:4496::process() [ROVER] Added link 38 -> 9[0m
[rtabmap-46] [0m[INFO] [1785507248.684607252] [rtabmap]: rtabmap (38): Rate=1.00s, Limit=0.000s, Conversion=0.0009s, RTAB-Map=0.4019s, Maps update=0.0219s pub=0.0079s delay=0.1530s (local map=21, WM=21)[0m
[controller_server-48] [INFO] [1785507248.696965004] [local_costmap.local_costmap]: StaticLayer: Resizing static layer to 247 X 191 at 0.050000 m/pix
[planner_server-50] [INFO] [1785507248.736662483] [global_costmap.global_costmap]: StaticLayer: Resizing costmap to 247 X 191 at 0.050000 m/pix
[controller_server-48] [INFO] [1785507249.323486137] [controller_server]: Passing new path to controller.
[controller_server-48] [INFO] [1785507250.373496266] [controller_server]: Passing new path to controller.
[controller_server-48] [INFO] [1785507251.373508217] [controller_server]: Passing new path to controller.
[rtabmap-46] [31m[ERROR] (2026-07-31 22:14:11.548) Rtabmap.cpp:3569::process() [ROVER] TRY_ADD_GLOBAL current=39 target=9[0m
[rtabmap-46] [31m[ERROR] (2026-07-31 22:14:11.548) Rtabmap.cpp:3576::process() [ROVER] ADD_RESULT rejected=0[0m
[rtabmap-46] [33m[ WARN] (2026-07-31 22:14:11.552) Rtabmap.cpp:4334::process() [ROVER_PAIR] valid=1 pairs=22 first=1 last=39[0m
[rtabmap-46] [33m[ WARN] (2026-07-31 22:14:11.552) Rtabmap.cpp:4352::process() [ROVER_POINT] first=(1 0.00 -0.00 -> 0.00 -0.00) last=(39 1.30 0.99 -> 1.30 1.00)[0m
[rtabmap-46] [33m[ WARN] (2026-07-31 22:14:11.552) Rtabmap.cpp:4373::process() [ROVER_SET] before=22 after=22[0m
[rtabmap-46] [33m[ WARN] (2026-07-31 22:14:11.552) Rtabmap.cpp:4387::process() [ROVER_CENTER] before=(-0.021 0.200) after=(-0.021 0.200)[0m
[rtabmap-46] [33m[ WARN] (2026-07-31 22:14:11.552) Rtabmap.cpp:4409::process() [ROVER_TRANSFORM] scale=1.00000 yaw=-0.026deg tx=-0.000 ty=-0.000[0m
[rtabmap-46] [33m[ WARN] (2026-07-31 22:14:11.552) Rtabmap.cpp:4428::process() [ROVER_SET] first_before=(0.00 -0.00) first_after=(0.00 -0.00)[0m
[rtabmap-46] [33m[ WARN] (2026-07-31 22:14:11.552) Rtabmap.cpp:4453::process() [ROVER_RESULT] current=39 target=9 rmse=0.00080 mean=0.00056 max=0.00278 max_id=39 pairs=22 suspicious=0[0m
[rtabmap-46] [33m[ WARN] (2026-07-31 22:14:11.552) Rtabmap.cpp:4488::process() [ROVER] LOOP_EVENT before=22, after=22, new_loops=1[0m
[rtabmap-46] [33m[ WARN] (2026-07-31 22:14:11.552) Rtabmap.cpp:4496::process() [ROVER] Added link 39 -> 9[0m
[rtabmap-46] [0m[INFO] [1785507251.568617209] [rtabmap]: rtabmap (39): Rate=1.00s, Limit=0.000s, Conversion=0.0006s, RTAB-Map=0.2716s, Maps update=0.0092s pub=0.0052s delay=0.1290s (local map=22, WM=22)[0m
[controller_server-48] [INFO] [1785507251.696937048] [local_costmap.local_costmap]: StaticLayer: Resizing static layer to 251 X 191 at 0.050000 m/pix
[planner_server-50] [INFO] [1785507251.736703729] [global_costmap.global_costmap]: StaticLayer: Resizing costmap to 251 X 191 at 0.050000 m/pix
[controller_server-48] [INFO] [1785507252.423504095] [controller_server]: Passing new path to controller.
[exploration_manager-60] [INFO] [1785507253.413346096] [exploration_manager]: === Exploration Step ===
[exploration_manager-60] [INFO] [1785507253.414193866] [exploration_manager]: Already navigating. elapsed=15.0s
[controller_server-48] [INFO] [1785507253.423541026] [controller_server]: Passing new path to controller.
[rtabmap-46] [0m[INFO] [1785507254.350938970] [rtabmap]: rtabmap (40): Rate=1.00s, Limit=0.000s, Conversion=0.0007s, RTAB-Map=0.1801s, Maps update=0.0091s pub=0.0038s delay=0.0900s (local map=23, WM=23)[0m
[controller_server-48] [INFO] [1785507254.473489951] [controller_server]: Passing new path to controller.
[controller_server-48] [INFO] [1785507254.496949501] [local_costmap.local_costmap]: StaticLayer: Resizing static layer to 257 X 191 at 0.050000 m/pix
[planner_server-50] [INFO] [1785507254.736852946] [global_costmap.global_costmap]: StaticLayer: Resizing costmap to 257 X 191 at 0.050000 m/pix
[controller_server-48] [INFO] [1785507255.473503178] [controller_server]: Passing new path to controller.
[controller_server-48] [INFO] [1785507256.523496858] [controller_server]: Passing new path to controller.
[rtabmap-46] [0m[INFO] [1785507257.119937538] [rtabmap]: rtabmap (41): Rate=1.00s, Limit=0.000s, Conversion=0.0005s, RTAB-Map=0.1717s, Maps update=0.0087s pub=0.0056s delay=0.0840s (local map=24, WM=24)[0m
[controller_server-48] [INFO] [1785507257.297046636] [local_costmap.local_costmap]: StaticLayer: Resizing static layer to 262 X 192 at 0.050000 m/pix
[controller_server-48] [INFO] [1785507257.523505707] [controller_server]: Passing new path to controller.
[planner_server-50] [INFO] [1785507257.736645017] [global_costmap.global_costmap]: StaticLayer: Resizing costmap to 262 X 192 at 0.050000 m/pix
[controller_server-48] [INFO] [1785507258.573499766] [controller_server]: Passing new path to controller.
[controller_server-48] [INFO] [1785507259.573498384] [controller_server]: Passing new path to controller.
[rtabmap-46] [0m[INFO] [1785507259.833714505] [rtabmap]: rtabmap (42): Rate=1.00s, Limit=0.000s, Conversion=0.0006s, RTAB-Map=0.1668s, Maps update=0.0092s pub=0.0052s delay=0.0870s (local map=25, WM=25)[0m
[controller_server-48] [INFO] [1785507259.896956138] [local_costmap.local_costmap]: StaticLayer: Resizing static layer to 267 X 195 at 0.050000 m/pix
[controller_server-48] [INFO] [1785507260.623502780] [controller_server]: Passing new path to controller.
[planner_server-50] [INFO] [1785507260.736671268] [global_costmap.global_costmap]: StaticLayer: Resizing costmap to 267 X 195 at 0.050000 m/pix
[controller_server-48] [INFO] [1785507261.623508363] [controller_server]: Passing new path to controller.
[rtabmap-46] [0m[INFO] [1785507262.622203793] [rtabmap]: rtabmap (43): Rate=1.00s, Limit=0.000s, Conversion=0.0007s, RTAB-Map=0.1945s, Maps update=0.0112s pub=0.0049s delay=0.0960s (local map=26, WM=26)[0m
[controller_server-48] [INFO] [1785507262.673575471] [controller_server]: Passing new path to controller.
[controller_server-48] [INFO] [1785507262.696943246] [local_costmap.local_costmap]: StaticLayer: Resizing static layer to 272 X 195 at 0.050000 m/pix
[planner_server-50] [INFO] [1785507262.736667920] [global_costmap.global_costmap]: StaticLayer: Resizing costmap to 272 X 195 at 0.050000 m/pix
[controller_server-48] [INFO] [1785507263.673505472] [controller_server]: Passing new path to controller.
[controller_server-48] [INFO] [1785507264.723502586] [controller_server]: Passing new path to controller.
[rtabmap-46] [0m[INFO] [1785507265.578901150] [rtabmap]: rtabmap (44): Rate=1.00s, Limit=0.000s, Conversion=0.0008s, RTAB-Map=0.1621s, Maps update=0.0106s pub=0.0057s delay=0.0900s (local map=27, WM=27)[0m
[controller_server-48] [INFO] [1785507265.696952429] [local_costmap.local_costmap]: StaticLayer: Resizing static layer to 277 X 196 at 0.050000 m/pix
[controller_server-48] [INFO] [1785507265.723501896] [controller_server]: Passing new path to controller.
[planner_server-50] [INFO] [1785507265.736697178] [global_costmap.global_costmap]: StaticLayer: Resizing costmap to 277 X 196 at 0.050000 m/pix
[controller_server-48] [INFO] [1785507266.773490036] [controller_server]: Passing new path to controller.
[exploration_manager-60] [INFO] [1785507267.060811693] [exploration_manager]: === Exploration Step ===
[exploration_manager-60] [INFO] [1785507267.062116233] [exploration_manager]: Already navigating. elapsed=20.0s
[controller_server-48] [INFO] [1785507267.773494432] [controller_server]: Passing new path to controller.
[rtabmap-46] [0m[INFO] [1785507268.320435761] [rtabmap]: rtabmap (45): Rate=1.00s, Limit=0.000s, Conversion=0.0009s, RTAB-Map=0.1554s, Maps update=0.0077s pub=0.0038s delay=0.0810s (local map=28, WM=28)[0m
[controller_server-48] [INFO] [1785507268.496942251] [local_costmap.local_costmap]: StaticLayer: Resizing static layer to 282 X 197 at 0.050000 m/pix
[planner_server-50] [INFO] [1785507268.736681118] [global_costmap.global_costmap]: StaticLayer: Resizing costmap to 282 X 197 at 0.050000 m/pix
[controller_server-48] [INFO] [1785507268.823495144] [controller_server]: Passing new path to controller.
[controller_server-48] [INFO] [1785507269.823492048] [controller_server]: Passing new path to controller.
[controller_server-48] [INFO] [1785507270.873502632] [controller_server]: Passing new path to controller.
[rtabmap-46] [0m[INFO] [1785507271.136779661] [rtabmap]: rtabmap (46): Rate=1.00s, Limit=0.000s, Conversion=0.0010s, RTAB-Map=0.1754s, Maps update=0.0096s pub=0.0072s delay=0.0840s (local map=29, WM=29)[0m
[controller_server-48] [INFO] [1785507271.296979011] [local_costmap.local_costmap]: StaticLayer: Resizing static layer to 286 X 197 at 0.050000 m/pix
[planner_server-50] [INFO] [1785507271.736672288] [global_costmap.global_costmap]: StaticLayer: Resizing costmap to 286 X 197 at 0.050000 m/pix
[controller_server-48] [INFO] [1785507271.873499094] [controller_server]: Passing new path to controller.
[controller_server-48] [INFO] [1785507272.923506152] [controller_server]: Passing new path to controller.
[controller_server-48] [INFO] [1785507273.923508122] [controller_server]: Passing new path to controller.
[rtabmap-46] [0m[INFO] [1785507274.022019250] [rtabmap]: rtabmap (47): Rate=1.00s, Limit=0.000s, Conversion=0.0009s, RTAB-Map=0.1524s, Maps update=0.0085s pub=0.0045s delay=0.0810s (local map=30, WM=30)[0m
[controller_server-48] [INFO] [1785507274.096945615] [local_costmap.local_costmap]: StaticLayer: Resizing static layer to 292 X 199 at 0.050000 m/pix
[planner_server-50] [INFO] [1785507274.736664716] [global_costmap.global_costmap]: StaticLayer: Resizing costmap to 292 X 199 at 0.050000 m/pix
[controller_server-48] [INFO] [1785507274.973488916] [controller_server]: Passing new path to controller.
[controller_server-48] [INFO] [1785507275.973502464] [controller_server]: Passing new path to controller.
[rtabmap-46] [0m[INFO] [1785507276.711333762] [rtabmap]: rtabmap (48): Rate=1.00s, Limit=0.000s, Conversion=0.0006s, RTAB-Map=0.1530s, Maps update=0.0098s pub=0.0057s delay=0.0750s (local map=31, WM=31)[0m
[planner_server-50] [INFO] [1785507276.736687153] [global_costmap.global_costmap]: StaticLayer: Resizing costmap to 297 X 202 at 0.050000 m/pix
[controller_server-48] [INFO] [1785507276.896946386] [local_costmap.local_costmap]: StaticLayer: Resizing static layer to 297 X 202 at 0.050000 m/pix
[controller_server-48] [INFO] [1785507277.023523730] [controller_server]: Passing new path to controller.
[controller_server-48] [INFO] [1785507278.023505497] [controller_server]: Passing new path to controller.
[controller_server-48] [INFO] [1785507279.073491310] [controller_server]: Passing new path to controller.
[rtabmap-46] [0m[INFO] [1785507279.661186404] [rtabmap]: rtabmap (49): Rate=1.00s, Limit=0.000s, Conversion=0.0009s, RTAB-Map=0.1597s, Maps update=0.0104s pub=0.0062s delay=0.0810s (local map=32, WM=32)[0m
[controller_server-48] [INFO] [1785507279.697002306] [local_costmap.local_costmap]: StaticLayer: Resizing static layer to 302 X 206 at 0.050000 m/pix
[planner_server-50] [INFO] [1785507279.736642352] [global_costmap.global_costmap]: StaticLayer: Resizing costmap to 302 X 206 at 0.050000 m/pix
[controller_server-48] [INFO] [1785507280.073489285] [controller_server]: Passing new path to controller.
[exploration_manager-60] [INFO] [1785507280.937497171] [exploration_manager]: === Exploration Step ===
[exploration_manager-60] [INFO] [1785507280.938833627] [exploration_manager]: Already navigating. elapsed=25.0s
[controller_server-48] [INFO] [1785507281.123673576] [controller_server]: Passing new path to controller.
[controller_server-48] [INFO] [1785507281.635936167] [controller_server]: Reached the goal!
[controller_server-48] [INFO] [1785507281.638886808] [controller_server]: Optimizer reset
[bt_navigator-53] [INFO] [1785507281.668309251] [bt_navigator]: Goal succeeded
[exploration_manager-60] [INFO] [1785507281.670132939] [exploration_manager]: Navigation finished. status=4, error_code=0, error_msg=
[rtabmap-46] [0m[INFO] [1785507282.349069974] [rtabmap]: rtabmap (50): Rate=1.00s, Limit=0.000s, Conversion=0.0007s, RTAB-Map=0.1597s, Maps update=0.0090s pub=0.0047s delay=0.0840s (local map=33, WM=33)[0m
[controller_server-48] [INFO] [1785507282.497046954] [local_costmap.local_costmap]: StaticLayer: Resizing static layer to 305 X 206 at 0.050000 m/pix
[planner_server-50] [INFO] [1785507282.736628122] [global_costmap.global_costmap]: StaticLayer: Resizing costmap to 305 X 206 at 0.050000 m/pix
[gazebo-1] [WARN] [1785507282.916653264] [diffdrive_controller]: Ignoring the received message (timestamp 50.2740000000) because it is older than the current time by 0.5010000000 seconds, which exceeds the allowed timeout (0.5000)
[gazebo-1] [WARN] [1785507282.967187915] [diffdrive_controller]: Ignoring the received message (timestamp 50.2740000000) because it is older than the current time by 0.5280000000 seconds, which exceeds the allowed timeout (0.5000)
[gazebo-1] [WARN] [1785507283.050298944] [diffdrive_controller]: Ignoring the received message (timestamp 50.2740000000) because it is older than the current time by 0.5520000000 seconds, which exceeds the allowed timeout (0.5000)
[gazebo-1] [WARN] [1785507283.082248915] [diffdrive_controller]: Ignoring the received message (timestamp 50.2740000000) because it is older than the current time by 0.5760000000 seconds, which exceeds the allowed timeout (0.5000)
[gazebo-1] [WARN] [1785507283.155957777] [diffdrive_controller]: Ignoring the received message (timestamp 50.2740000000) because it is older than the current time by 0.6030000000 seconds, which exceeds the allowed timeout (0.5000)
[gazebo-1] [WARN] [1785507283.221812766] [diffdrive_controller]: Ignoring the received message (timestamp 50.2740000000) because it is older than the current time by 0.6270000000 seconds, which exceeds the allowed timeout (0.5000)
[gazebo-1] [WARN] [1785507283.294143219] [diffdrive_controller]: Ignoring the received message (timestamp 50.2740000000) because it is older than the current time by 0.6510000000 seconds, which exceeds the allowed timeout (0.5000)
[gazebo-1] [WARN] [1785507283.339854680] [diffdrive_controller]: Ignoring the received message (timestamp 50.2740000000) because it is older than the current time by 0.6780000000 seconds, which exceeds the allowed timeout (0.5000)
[gazebo-1] [WARN] [1785507283.393468221] [diffdrive_controller]: Ignoring the received message (timestamp 50.2740000000) because it is older than the current time by 0.7020000000 seconds, which exceeds the allowed timeout (0.5000)
[gazebo-1] [WARN] [1785507283.462130570] [diffdrive_controller]: Ignoring the received message (timestamp 50.2740000000) because it is older than the current time by 0.7260000000 seconds, which exceeds the allowed timeout (0.5000)
[gazebo-1] [WARN] [1785507283.529084396] [diffdrive_controller]: Ignoring the received message (timestamp 50.2740000000) because it is older than the current time by 0.7530000000 seconds, which exceeds the allowed timeout (0.5000)
[gazebo-1] [WARN] [1785507283.572449308] [diffdrive_controller]: Ignoring the received message (timestamp 50.2740000000) because it is older than the current time by 0.7740000000 seconds, which exceeds the allowed timeout (0.5000)
[gazebo-1] [WARN] [1785507283.629028290] [diffdrive_controller]: Ignoring the received message (timestamp 50.2740000000) because it is older than the current time by 0.8010000000 seconds, which exceeds the allowed timeout (0.5000)
[gazebo-1] [WARN] [1785507283.697001990] [diffdrive_controller]: Ignoring the received message (timestamp 50.2740000000) because it is older than the current time by 0.8280000000 seconds, which exceeds the allowed timeout (0.5000)
[gazebo-1] [WARN] [1785507283.768680013] [diffdrive_controller]: Ignoring the received message (timestamp 50.2740000000) because it is older than the current time by 0.8520000000 seconds, which exceeds the allowed timeout (0.5000)
[gazebo-1] [WARN] [1785507283.814200782] [diffdrive_controller]: Ignoring the received message (timestamp 50.2740000000) because it is older than the current time by 0.8760000000 seconds, which exceeds the allowed timeout (0.5000)
[gazebo-1] [WARN] [1785507283.877490823] [diffdrive_controller]: Ignoring the received message (timestamp 50.2740000000) because it is older than the current time by 0.9030000000 seconds, which exceeds the allowed timeout (0.5000)
[gazebo-1] [WARN] [1785507283.935213918] [diffdrive_controller]: Ignoring the received message (timestamp 50.2740000000) because it is older than the current time by 0.9270000000 seconds, which exceeds the allowed timeout (0.5000)
[gazebo-1] [WARN] [1785507283.993643178] [diffdrive_controller]: Ignoring the received message (timestamp 50.2740000000) because it is older than the current time by 0.9510000000 seconds, which exceeds the allowed timeout (0.5000)
[gazebo-1] [WARN] [1785507284.060655865] [diffdrive_controller]: Ignoring the received message (timestamp 50.2740000000) because it is older than the current time by 0.9780000000 seconds, which exceeds the allowed timeout (0.5000)
[gazebo-1] [WARN] [1785507284.109292515] [diffdrive_controller]: Ignoring the received message (timestamp 50.2740000000) because it is older than the current time by 1.0020000000 seconds, which exceeds the allowed timeout (0.5000)
[gazebo-1] [WARN] [1785507284.170820394] [diffdrive_controller]: Ignoring the received message (timestamp 50.2740000000) because it is older than the current time by 1.0260000000 seconds, which exceeds the allowed timeout (0.5000)
[gazebo-1] [WARN] [1785507284.227929120] [diffdrive_controller]: Ignoring the received message (timestamp 50.2740000000) because it is older than the current time by 1.0530000000 seconds, which exceeds the allowed timeout (0.5000)
[gazebo-1] [WARN] [1785507284.329597044] [diffdrive_controller]: Ignoring the received message (timestamp 50.2740000000) because it is older than the current time by 1.0770000000 seconds, which exceeds the allowed timeout (0.5000)
[gazebo-1] [WARN] [1785507284.365761553] [diffdrive_controller]: Ignoring the received message (timestamp 50.2740000000) because it is older than the current time by 1.1010000000 seconds, which exceeds the allowed timeout (0.5000)
[gazebo-1] [WARN] [1785507284.449854669] [diffdrive_controller]: Ignoring the received message (timestamp 50.2740000000) because it is older than the current time by 1.1280000000 seconds, which exceeds the allowed timeout (0.5000)
[gazebo-1] [WARN] [1785507284.522102579] [diffdrive_controller]: Ignoring the received message (timestamp 50.2740000000) because it is older than the current time by 1.1520000000 seconds, which exceeds the allowed timeout (0.5000)
[gazebo-1] [WARN] [1785507284.596261766] [diffdrive_controller]: Ignoring the received message (timestamp 50.2740000000) because it is older than the current time by 1.1760000000 seconds, which exceeds the allowed timeout (0.5000)
[gazebo-1] [WARN] [1785507284.643581668] [diffdrive_controller]: Ignoring the received message (timestamp 50.2740000000) because it is older than the current time by 1.2000000000 seconds, which exceeds the allowed timeout (0.5000)
[gazebo-1] [WARN] [1785507284.703647393] [diffdrive_controller]: Ignoring the received message (timestamp 50.2740000000) because it is older than the current time by 1.2270000000 seconds, which exceeds the allowed timeout (0.5000)
[gazebo-1] [WARN] [1785507284.779467511] [diffdrive_controller]: Ignoring the received message (timestamp 50.2740000000) because it is older than the current time by 1.2510000000 seconds, which exceeds the allowed timeout (0.5000)
[rtabmap-46] [0m[INFO] [1785507284.795372824] [rtabmap]: rtabmap (51): Rate=1.00s, Limit=0.000s, Conversion=0.0006s, RTAB-Map=0.1381s, Maps update=0.0089s pub=0.0035s delay=0.0780s (local map=33, WM=33)[0m
[gazebo-1] [WARN] [1785507284.859143468] [diffdrive_controller]: Ignoring the received message (timestamp 50.2740000000) because it is older than the current time by 1.2780000000 seconds, which exceeds the allowed timeout (0.5000)
[gazebo-1] [WARN] [1785507284.909717411] [diffdrive_controller]: Ignoring the received message (timestamp 50.2740000000) because it is older than the current time by 1.3020000000 seconds, which exceeds the allowed timeout (0.5000)
[gazebo-1] [WARN] [1785507284.965796663] [diffdrive_controller]: Ignoring the received message (timestamp 50.2740000000) because it is older than the current time by 1.3260000000 seconds, which exceeds the allowed timeout (0.5000)
[gazebo-1] [WARN] [1785507285.030532249] [diffdrive_controller]: Ignoring the received message (timestamp 50.2740000000) because it is older than the current time by 1.3530000000 seconds, which exceeds the allowed timeout (0.5000)
[gazebo-1] [WARN] [1785507285.095960293] [diffdrive_controller]: Ignoring the received message (timestamp 50.2740000000) because it is older than the current time by 1.3770000000 seconds, which exceeds the allowed timeout (0.5000)
[gazebo-1] [WARN] [1785507285.136210747] [diffdrive_controller]: Ignoring the received message (timestamp 50.2740000000) because it is older than the current time by 1.4010000000 seconds, which exceeds the allowed timeout (0.5000)
[gazebo-1] [WARN] [1785507285.196382224] [diffdrive_controller]: Ignoring the received message (timestamp 50.2740000000) because it is older than the current time by 1.4280000000 seconds, which exceeds the allowed timeout (0.5000)
[gazebo-1] [WARN] [1785507285.254866439] [diffdrive_controller]: Ignoring the received message (timestamp 50.2740000000) because it is older than the current time by 1.4520000000 seconds, which exceeds the allowed timeout (0.5000)
[gazebo-1] [WARN] [1785507285.307668491] [diffdrive_controller]: Ignoring the received message (timestamp 50.2740000000) because it is older than the current time by 1.4760000000 seconds, which exceeds the allowed timeout (0.5000)
[gazebo-1] [WARN] [1785507285.360190719] [diffdrive_controller]: Ignoring the received message (timestamp 50.2740000000) because it is older than the current time by 1.5030000000 seconds, which exceeds the allowed timeout (0.5000)
[rtabmap-46] [0m[INFO] [1785507287.246785772] [rtabmap]: rtabmap (52): Rate=1.00s, Limit=0.000s, Conversion=0.0009s, RTAB-Map=0.1470s, Maps update=0.0086s pub=0.0015s delay=0.0720s (local map=33, WM=33)[0m
[rtabmap-46] [0m[INFO] [1785507289.826308289] [rtabmap]: rtabmap (53): Rate=1.00s, Limit=0.000s, Conversion=0.0008s, RTAB-Map=0.1405s, Maps update=0.0082s pub=0.0015s delay=0.0960s (local map=33, WM=33)[0m
[rtabmap-46] [0m[INFO] [1785507292.273583383] [rtabmap]: rtabmap (54): Rate=1.00s, Limit=0.000s, Conversion=0.0007s, RTAB-Map=0.1438s, Maps update=0.0076s pub=0.0019s delay=0.0960s (local map=33, WM=33)[0m
[exploration_manager-60] [INFO] [1785507293.219855601] [exploration_manager]: === Exploration Step ===
[exploration_manager-60] [INFO] [1785507293.222946721] [exploration_manager]: Calling compute_next_goal()
[exploration_manager-60] [INFO] [1785507293.223679479] [exploration_manager]: DEBUG: compute_next_goal entered
[exploration_manager-60] [INFO] [1785507293.233026256] [exploration_manager]: Map stats: width=305, height=206, free=32244, occupied=434, unknown=30152
[exploration_manager-60] [INFO] [1785507293.326963282] [exploration_manager]: Frontier cluster candidate: size=436, unknown=1060, distance=8.16, revisit_penalty=0.0, score=1065.63, goal=(-2.98, -2.19)
[exploration_manager-60] [INFO] [1785507293.329697965] [exploration_manager]: Frontier cluster candidate: size=211, unknown=1208, distance=3.81, revisit_penalty=0.0, score=1212.08, goal=(4.12, -1.84)
[exploration_manager-60] [INFO] [1785507293.332767578] [exploration_manager]: Frontier cluster candidate: size=121, unknown=1233, distance=2.76, revisit_penalty=0.0, score=1229.56, goal=(5.82, -0.14)
[exploration_manager-60] [INFO] [1785507293.334865136] [exploration_manager]: Frontier cluster candidate: size=23, unknown=789, distance=9.20, revisit_penalty=0.0, score=701.59, goal=(-4.83, -0.49)
[exploration_manager-60] [INFO] [1785507293.336897218] [exploration_manager]: Frontier cluster candidate: size=155, unknown=1100, distance=4.74, revisit_penalty=0.0, score=1083.58, goal=(8.62, 0.76)
[exploration_manager-60] [INFO] [1785507293.339385134] [exploration_manager]: Frontier cluster candidate: size=107, unknown=1337, distance=7.95, revisit_penalty=0.0, score=1278.93, goal=(-3.78, 3.41)
[exploration_manager-60] [INFO] [1785507293.341788187] [exploration_manager]: Frontier cluster candidate: size=278, unknown=1154, distance=4.36, revisit_penalty=0.0, score=1165.99, goal=(8.17, 3.36)
[exploration_manager-60] [INFO] [1785507293.344808785] [exploration_manager]: Frontier cluster candidate: size=63, unknown=1359, distance=6.43, revisit_penalty=0.0, score=1307.28, goal=(-1.83, 4.61)
[exploration_manager-60] [INFO] [1785507293.347517371] [exploration_manager]: Frontier cluster candidate: size=530, unknown=1272, distance=3.12, revisit_penalty=0.0, score=1346.84, goal=(3.62, 5.06)
[exploration_manager-60] [INFO] [1785507293.348560868] [exploration_manager]: Frontier candidates=2171, clusters=55, valid_clusters=9
[exploration_manager-60] [INFO] [1785507293.349133773] [exploration_manager]: DEBUG: calling visualize_debug()
[exploration_manager-60] [INFO] [1785507293.980408797] [exploration_manager]: Debug map saved to: /home/tsehsun/frontier_debug/frontier_debug_latest.png
[exploration_manager-60] [INFO] [1785507293.981800304] [exploration_manager]: Best frontier cluster selected: cluster_size=530, unknown=1272, score=1346.84, x=3.62, y=5.06, dist=3.12
[exploration_manager-60] [INFO] [1785507293.983161257] [exploration_manager]: Goal generated successfully.
[exploration_manager-60] [INFO] [1785507293.984020056] [exploration_manager]: Sending frontier goal to Nav2: x=3.62, y=5.06
[bt_navigator-53] [INFO] [1785507293.985172883] [bt_navigator]: Begin navigating from current location (4.03, 1.97) to (3.62, 5.06)
[exploration_manager-60] [INFO] [1785507293.986778320] [exploration_manager]: Navigation goal accepted.
[controller_server-48] [INFO] [1785507294.006689264] [controller_server]: Received a goal, begin computing control effort.
[rtabmap-46] [0m[INFO] [1785507294.832695335] [rtabmap]: rtabmap (55): Rate=1.00s, Limit=0.000s, Conversion=0.0009s, RTAB-Map=0.1332s, Maps update=0.0084s pub=0.0018s delay=0.0660s (local map=33, WM=33)[0m
[controller_server-48] [WARN] [1785507294.878051960] [controller_server]: Control loop missed its desired rate of 20.0000 Hz. Current loop rate is 55.5556 Hz.
[controller_server-48] [INFO] [1785507295.078208467] [controller_server]: Passing new path to controller.
[controller_server-48] [WARN] [1785507295.229462687] [controller_server]: Control loop missed its desired rate of 20.0000 Hz. Current loop rate is 66.6667 Hz.
[controller_server-48] [INFO] [1785507296.079643367] [controller_server]: Passing new path to controller.
[controller_server-48] [WARN] [1785507296.390822835] [controller_server]: Control loop missed its desired rate of 20.0000 Hz. Current loop rate is 47.6190 Hz.
[controller_server-48] [INFO] [1785507297.091009562] [controller_server]: Passing new path to controller.
[rtabmap-46] [0m[INFO] [1785507297.487154343] [rtabmap]: rtabmap (56): Rate=1.00s, Limit=0.000s, Conversion=0.0006s, RTAB-Map=0.1536s, Maps update=0.0076s pub=0.0062s delay=0.0840s (local map=34, WM=34)[0m
[controller_server-48] [INFO] [1785507297.496949034] [local_costmap.local_costmap]: StaticLayer: Resizing static layer to 306 X 221 at 0.050000 m/pix
[planner_server-50] [INFO] [1785507297.736705319] [global_costmap.global_costmap]: StaticLayer: Resizing costmap to 306 X 221 at 0.050000 m/pix
[controller_server-48] [WARN] [1785507297.841868281] [controller_server]: Control loop missed its desired rate of 20.0000 Hz. Current loop rate is 47.6190 Hz.
[controller_server-48] [INFO] [1785507298.142011473] [controller_server]: Passing new path to controller.
[controller_server-48] [WARN] [1785507298.793557107] [controller_server]: Control loop missed its desired rate of 20.0000 Hz. Current loop rate is 55.5556 Hz.
[controller_server-48] [INFO] [1785507299.143745768] [controller_server]: Passing new path to controller.
[controller_server-48] [WARN] [1785507299.194870678] [controller_server]: Control loop missed its desired rate of 20.0000 Hz. Current loop rate is 83.3333 Hz.
[rtabmap-46] [0m[INFO] [1785507300.169972071] [rtabmap]: rtabmap (57): Rate=1.00s, Limit=0.000s, Conversion=0.0007s, RTAB-Map=0.2468s, Maps update=0.0089s pub=0.0073s delay=0.1110s (local map=35, WM=35)[0m
[controller_server-48] [INFO] [1785507300.195033403] [controller_server]: Passing new path to controller.
[controller_server-48] [INFO] [1785507300.366365216] [local_costmap.local_costmap]: StaticLayer: Resizing static layer to 306 X 225 at 0.050000 m/pix
[controller_server-48] [WARN] [1785507300.366539189] [controller_server]: Control loop missed its desired rate of 20.0000 Hz. Current loop rate is 55.5556 Hz.
[controller_server-48] [WARN] [1785507300.628328903] [controller_server]: Control loop missed its desired rate of 20.0000 Hz. Current loop rate is 55.5556 Hz.
[planner_server-50] [INFO] [1785507300.736637928] [global_costmap.global_costmap]: StaticLayer: Resizing costmap to 306 X 225 at 0.050000 m/pix
[controller_server-48] [WARN] [1785507300.799834870] [controller_server]: Control loop missed its desired rate of 20.0000 Hz. Current loop rate is 41.6667 Hz.
[controller_server-48] [INFO] [1785507301.200013240] [controller_server]: Passing new path to controller.
[controller_server-48] [INFO] [1785507302.200001392] [controller_server]: Passing new path to controller.
[rtabmap-46] [0m[INFO] [1785507302.754506606] [rtabmap]: rtabmap (58): Rate=1.00s, Limit=0.000s, Conversion=0.0007s, RTAB-Map=0.1556s, Maps update=0.0086s pub=0.0046s delay=0.0810s (local map=36, WM=36)[0m
[controller_server-48] [INFO] [1785507303.250029447] [controller_server]: Passing new path to controller.
[controller_server-48] [INFO] [1785507304.250020889] [controller_server]: Passing new path to controller.
[controller_server-48] [INFO] [1785507305.300029613] [controller_server]: Passing new path to controller.
[rtabmap-46] [0m[INFO] [1785507305.709794690] [rtabmap]: rtabmap (59): Rate=1.00s, Limit=0.000s, Conversion=0.0007s, RTAB-Map=0.4992s, Maps update=0.0077s pub=0.0058s delay=0.1950s (local map=37, WM=37)[0m
[exploration_manager-60] [INFO] [1785507306.227744854] [exploration_manager]: === Exploration Step ===
[exploration_manager-60] [INFO] [1785507306.229256126] [exploration_manager]: Already navigating. elapsed=5.0s
[controller_server-48] [INFO] [1785507306.300005199] [controller_server]: Passing new path to controller.
[controller_server-48] [INFO] [1785507307.350011400] [controller_server]: Passing new path to controller.
[rtabmap-46] [0m[INFO] [1785507308.246570217] [rtabmap]: rtabmap (60): Rate=1.00s, Limit=0.000s, Conversion=0.0008s, RTAB-Map=0.3002s, Maps update=0.0103s pub=0.0047s delay=0.1470s (local map=38, WM=38)[0m
[controller_server-48] [INFO] [1785507308.296949301] [local_costmap.local_costmap]: StaticLayer: Resizing static layer to 306 X 234 at 0.050000 m/pix
[controller_server-48] [INFO] [1785507308.350023039] [controller_server]: Passing new path to controller.
[planner_server-50] [INFO] [1785507308.736670755] [global_costmap.global_costmap]: StaticLayer: Resizing costmap to 306 X 234 at 0.050000 m/pix
[controller_server-48] [INFO] [1785507309.400026031] [controller_server]: Passing new path to controller.
[controller_server-48] [INFO] [1785507310.400002147] [controller_server]: Passing new path to controller.
[rtabmap-46] [0m[INFO] [1785507311.144021106] [rtabmap]: rtabmap (61): Rate=1.00s, Limit=0.000s, Conversion=0.0009s, RTAB-Map=0.5083s, Maps update=0.0127s pub=0.0044s delay=0.2280s (local map=39, WM=39)[0m
[controller_server-48] [INFO] [1785507311.296931100] [local_costmap.local_costmap]: StaticLayer: Resizing static layer to 306 X 242 at 0.050000 m/pix
[controller_server-48] [INFO] [1785507311.450503366] [controller_server]: Passing new path to controller.
[planner_server-50] [INFO] [1785507311.736663446] [global_costmap.global_costmap]: StaticLayer: Resizing costmap to 306 X 242 at 0.050000 m/pix
[controller_server-48] [INFO] [1785507312.450019607] [controller_server]: Passing new path to controller.
[controller_server-48] [INFO] [1785507313.500009052] [controller_server]: Passing new path to controller.
[rtabmap-46] [0m[INFO] [1785507313.944040859] [rtabmap]: rtabmap (62): Rate=1.00s, Limit=0.000s, Conversion=0.0006s, RTAB-Map=0.6231s, Maps update=0.0161s pub=0.0071s delay=0.3000s (local map=40, WM=40)[0m
[controller_server-48] [INFO] [1785507314.096962693] [local_costmap.local_costmap]: StaticLayer: Resizing static layer to 306 X 246 at 0.050000 m/pix
[controller_server-48] [INFO] [1785507314.500035153] [controller_server]: Passing new path to controller.
[planner_server-50] [INFO] [1785507314.737052862] [global_costmap.global_costmap]: StaticLayer: Resizing costmap to 306 X 246 at 0.050000 m/pix
[controller_server-48] [INFO] [1785507315.550022084] [controller_server]: Passing new path to controller.
[rtabmap-46] [0m[INFO] [1785507316.519081406] [rtabmap]: rtabmap (63): Rate=1.00s, Limit=0.000s, Conversion=0.0007s, RTAB-Map=0.6380s, Maps update=0.0150s pub=0.0081s delay=0.2880s (local map=41, WM=41)[0m
[controller_server-48] [INFO] [1785507316.550030787] [controller_server]: Passing new path to controller.
[controller_server-48] [INFO] [1785507316.696960761] [local_costmap.local_costmap]: StaticLayer: Resizing static layer to 306 X 252 at 0.050000 m/pix
[planner_server-50] [INFO] [1785507316.736641618] [global_costmap.global_costmap]: StaticLayer: Resizing costmap to 306 X 252 at 0.050000 m/pix
[controller_server-48] [INFO] [1785507317.600112985] [controller_server]: Passing new path to controller.
[controller_server-48] [INFO] [1785507318.599992936] [controller_server]: Passing new path to controller.
[rtabmap-46] [33m[ WARN] (2026-07-31 22:15:19.126) Rtabmap.cpp:5388::process() Republishing data of requested node(s) 62 (Rtabmap/MaxRepublished=2)[0m
[rtabmap-46] [0m[INFO] [1785507319.154415412] [rtabmap]: rtabmap (64): Rate=1.00s, Limit=0.000s, Conversion=0.0007s, RTAB-Map=0.6063s, Maps update=0.0154s pub=0.0106s delay=0.2700s (local map=42, WM=42)[0m
[exploration_manager-60] [INFO] [1785507319.216024456] [exploration_manager]: === Exploration Step ===
[exploration_manager-60] [INFO] [1785507319.217171979] [exploration_manager]: Already navigating. elapsed=10.0s
[controller_server-48] [INFO] [1785507319.296952583] [local_costmap.local_costmap]: StaticLayer: Resizing static layer to 306 X 255 at 0.050000 m/pix
[controller_server-48] [INFO] [1785507319.650043541] [controller_server]: Passing new path to controller.
[planner_server-50] [INFO] [1785507319.736634615] [global_costmap.global_costmap]: StaticLayer: Resizing costmap to 306 X 255 at 0.050000 m/pix
[controller_server-48] [INFO] [1785507320.650023663] [controller_server]: Passing new path to controller.
[controller_server-48] [INFO] [1785507321.700021613] [controller_server]: Passing new path to controller.
[rtabmap-46] [0m[INFO] [1785507321.799920918] [rtabmap]: rtabmap (65): Rate=1.00s, Limit=0.000s, Conversion=0.0006s, RTAB-Map=0.6022s, Maps update=0.0161s pub=0.0053s delay=0.2700s (local map=43, WM=43)[0m
[controller_server-48] [INFO] [1785507321.897078435] [local_costmap.local_costmap]: StaticLayer: Resizing static layer to 306 X 260 at 0.050000 m/pix
[planner_server-50] [INFO] [1785507322.736633861] [global_costmap.global_costmap]: StaticLayer: Resizing costmap to 306 X 260 at 0.050000 m/pix
[controller_server-48] [INFO] [1785507322.750014393] [controller_server]: Passing new path to controller.
[controller_server-48] [INFO] [1785507323.750017345] [controller_server]: Passing new path to controller.
[rtabmap-46] [33m[ WARN] (2026-07-31 22:15:24.415) Rtabmap.cpp:5388::process() Republishing data of requested node(s) 64 62 (Rtabmap/MaxRepublished=2)[0m
[rtabmap-46] [0m[INFO] [1785507324.441896838] [rtabmap]: rtabmap (66): Rate=1.00s, Limit=0.000s, Conversion=0.0006s, RTAB-Map=0.6144s, Maps update=0.0140s pub=0.0109s delay=0.2730s (local map=44, WM=44)[0m
[controller_server-48] [INFO] [1785507324.496952073] [local_costmap.local_costmap]: StaticLayer: Resizing static layer to 306 X 265 at 0.050000 m/pix
[planner_server-50] [INFO] [1785507324.736654336] [global_costmap.global_costmap]: StaticLayer: Resizing costmap to 306 X 265 at 0.050000 m/pix
[controller_server-48] [INFO] [1785507324.800037257] [controller_server]: Passing new path to controller.
[controller_server-48] [INFO] [1785507325.800002150] [controller_server]: Passing new path to controller.
[controller_server-48] [INFO] [1785507326.850012831] [controller_server]: Passing new path to controller.
[rtabmap-46] [0m[INFO] [1785507327.004926535] [rtabmap]: rtabmap (67): Rate=1.00s, Limit=0.000s, Conversion=0.0010s, RTAB-Map=0.5266s, Maps update=0.0130s pub=0.0074s delay=0.2010s (local map=45, WM=45)[0m
[controller_server-48] [INFO] [1785507327.096959845] [local_costmap.local_costmap]: StaticLayer: Resizing static layer to 306 X 272 at 0.050000 m/pix
[planner_server-50] [INFO] [1785507327.736655688] [global_costmap.global_costmap]: StaticLayer: Resizing costmap to 306 X 272 at 0.050000 m/pix
[controller_server-48] [INFO] [1785507327.850007320] [controller_server]: Passing new path to controller.
[controller_server-48] [INFO] [1785507328.900018869] [controller_server]: Passing new path to controller.
[rtabmap-46] [31m[ERROR] (2026-07-31 22:15:29.726) Rtabmap.cpp:3569::process() [ROVER] TRY_ADD_GLOBAL current=68 target=58[0m
[rtabmap-46] [31m[ERROR] (2026-07-31 22:15:29.726) Rtabmap.cpp:3576::process() [ROVER] ADD_RESULT rejected=0[0m
[rtabmap-46] [33m[ WARN] (2026-07-31 22:15:29.765) Rtabmap.cpp:4334::process() [ROVER_PAIR] valid=1 pairs=46 first=1 last=68[0m
[rtabmap-46] [33m[ WARN] (2026-07-31 22:15:29.765) Rtabmap.cpp:4352::process() [ROVER_POINT] first=(1 0.00 -0.00 -> 0.00 -0.00) last=(68 3.80 4.69 -> 4.04 2.03)[0m
[rtabmap-46] [33m[ WARN] (2026-07-31 22:15:29.765) Rtabmap.cpp:4373::process() [ROVER_SET] before=46 after=46[0m
[rtabmap-46] [33m[ WARN] (2026-07-31 22:15:29.765) Rtabmap.cpp:4387::process() [ROVER_CENTER] before=(1.781 1.362) after=(1.832 1.079)[0m
[rtabmap-46] [33m[ WARN] (2026-07-31 22:15:29.765) Rtabmap.cpp:4409::process() [ROVER_TRANSFORM] scale=1.00000 yaw=8.666deg tx=0.132 ty=0.019[0m
[rtabmap-46] [33m[ WARN] (2026-07-31 22:15:29.765) Rtabmap.cpp:4428::process() [ROVER_SET] first_before=(0.00 -0.00) first_after=(0.00 -0.00)[0m
[rtabmap-46] [33m[ WARN] (2026-07-31 22:15:29.765) Rtabmap.cpp:4453::process() [ROVER_RESULT] current=68 target=58 rmse=0.63696 mean=0.43033 max=2.05904 max_id=68 pairs=46 suspicious=1[0m
[rtabmap-46] [33m[ WARN] (2026-07-31 22:15:29.765) Rtabmap.cpp:4488::process() [ROVER] LOOP_EVENT before=46, after=46, new_loops=1[0m
[rtabmap-46] [33m[ WARN] (2026-07-31 22:15:29.765) Rtabmap.cpp:4496::process() [ROVER] Added link 68 -> 58[0m
[rtabmap-46] [33m[ WARN] (2026-07-31 22:15:29.767) Rtabmap.cpp:5388::process() Republishing data of requested node(s) 66 64 (Rtabmap/MaxRepublished=2)[0m
[rtabmap-46] [0m[INFO] [1785507329.866428960] [rtabmap]: rtabmap (68): Rate=1.00s, Limit=0.000s, Conversion=0.0009s, RTAB-Map=0.5776s, Maps update=0.0808s pub=0.0166s delay=0.2670s (local map=46, WM=46)[0m
[controller_server-48] [INFO] [1785507329.897050053] [local_costmap.local_costmap]: StaticLayer: Resizing static layer to 306 X 234 at 0.050000 m/pix
[controller_server-48] [INFO] [1785507329.900016044] [controller_server]: Passing new path to controller.
[controller_server-48] [ERROR] [1785507330.100217800] [controller_server]: Resulting plan has 0 poses in it.
[controller_server-48] [INFO] [1785507330.101030929] [controller_server]: Optimizer reset
[controller_server-48] [WARN] [1785507330.101059523] [controller_server]: [follow_path] [ActionServer] Aborting handle.
[bt_navigator-53] [WARN] [1785507330.125460518] [bt_navigator]: [navigate_to_pose] [ActionServer] Aborting handle.
[bt_navigator-53] [ERROR] [1785507330.125731272] [bt_navigator]: Goal failed
[exploration_manager-60] [INFO] [1785507330.127859948] [exploration_manager]: Navigation finished. status=6, error_code=103, error_msg=
[planner_server-50] [INFO] [1785507330.736657172] [global_costmap.global_costmap]: StaticLayer: Resizing costmap to 306 X 234 at 0.050000 m/pix
[gazebo-1] [WARN] [1785507331.480145612] [diffdrive_controller]: Ignoring the received message (timestamp 69.1530000000) because it is older than the current time by 0.5220000000 seconds, which exceeds the allowed timeout (0.5000)
[gazebo-1] [WARN] [1785507331.537315185] [diffdrive_controller]: Ignoring the received message (timestamp 69.1530000000) because it is older than the current time by 0.5490000000 seconds, which exceeds the allowed timeout (0.5000)
[gazebo-1] [WARN] [1785507331.586502266] [diffdrive_controller]: Ignoring the received message (timestamp 69.1530000000) because it is older than the current time by 0.5730000000 seconds, which exceeds the allowed timeout (0.5000)
[gazebo-1] [WARN] [1785507331.650654558] [diffdrive_controller]: Ignoring the received message (timestamp 69.1530000000) because it is older than the current time by 0.5970000000 seconds, which exceeds the allowed timeout (0.5000)
[gazebo-1] [WARN] [1785507331.700333568] [diffdrive_controller]: Ignoring the received message (timestamp 69.1530000000) because it is older than the current time by 0.6240000000 seconds, which exceeds the allowed timeout (0.5000)
[gazebo-1] [WARN] [1785507331.762103086] [diffdrive_controller]: Ignoring the received message (timestamp 69.1530000000) because it is older than the current time by 0.6480000000 seconds, which exceeds the allowed timeout (0.5000)
[gazebo-1] [WARN] [1785507331.816017889] [diffdrive_controller]: Ignoring the received message (timestamp 69.1530000000) because it is older than the current time by 0.6720000000 seconds, which exceeds the allowed timeout (0.5000)
[gazebo-1] [WARN] [1785507331.890172528] [diffdrive_controller]: Ignoring the received message (timestamp 69.1530000000) because it is older than the current time by 0.6990000000 seconds, which exceeds the allowed timeout (0.5000)
[gazebo-1] [WARN] [1785507331.963385193] [diffdrive_controller]: Ignoring the received message (timestamp 69.1530000000) because it is older than the current time by 0.7230000000 seconds, which exceeds the allowed timeout (0.5000)
[gazebo-1] [WARN] [1785507332.030907083] [diffdrive_controller]: Ignoring the received message (timestamp 69.1530000000) because it is older than the current time by 0.7470000000 seconds, which exceeds the allowed timeout (0.5000)
[gazebo-1] [WARN] [1785507332.088814839] [diffdrive_controller]: Ignoring the received message (timestamp 69.1530000000) because it is older than the current time by 0.7740000000 seconds, which exceeds the allowed timeout (0.5000)
[gazebo-1] [WARN] [1785507332.148013444] [diffdrive_controller]: Ignoring the received message (timestamp 69.1530000000) because it is older than the current time by 0.7980000000 seconds, which exceeds the allowed timeout (0.5000)
[gazebo-1] [WARN] [1785507332.219535410] [diffdrive_controller]: Ignoring the received message (timestamp 69.1530000000) because it is older than the current time by 0.8220000000 seconds, which exceeds the allowed timeout (0.5000)
[gazebo-1] [WARN] [1785507332.294433105] [diffdrive_controller]: Ignoring the received message (timestamp 69.1530000000) because it is older than the current time by 0.8490000000 seconds, which exceeds the allowed timeout (0.5000)
[exploration_manager-60] [INFO] [1785507332.296790889] [exploration_manager]: === Exploration Step ===
[exploration_manager-60] [INFO] [1785507332.300005153] [exploration_manager]: Calling compute_next_goal()
[exploration_manager-60] [INFO] [1785507332.300787948] [exploration_manager]: DEBUG: compute_next_goal entered
[exploration_manager-60] [INFO] [1785507332.311563370] [exploration_manager]: Map stats: width=306, height=234, free=36816, occupied=821, unknown=33967
[gazebo-1] [WARN] [1785507332.343471566] [diffdrive_controller]: Ignoring the received message (timestamp 69.1530000000) because it is older than the current time by 0.8730000000 seconds, which exceeds the allowed timeout (0.5000)
[rtabmap-46] [31m[ERROR] (2026-07-31 22:15:32.386) Rtabmap.cpp:3569::process() [ROVER] TRY_ADD_GLOBAL current=69 target=58[0m
[rtabmap-46] [31m[ERROR] (2026-07-31 22:15:32.386) Rtabmap.cpp:3576::process() [ROVER] ADD_RESULT rejected=0[0m
[gazebo-1] [WARN] [1785507332.417174396] [diffdrive_controller]: Ignoring the received message (timestamp 69.1530000000) because it is older than the current time by 0.8970000000 seconds, which exceeds the allowed timeout (0.5000)
[rtabmap-46] [33m[ WARN] (2026-07-31 22:15:32.429) Rtabmap.cpp:4334::process() [ROVER_PAIR] valid=1 pairs=47 first=1 last=69[0m
[rtabmap-46] [33m[ WARN] (2026-07-31 22:15:32.429) Rtabmap.cpp:4352::process() [ROVER_POINT] first=(1 0.00 -0.00 -> -0.00 -0.00) last=(69 3.99 2.16 -> 4.04 2.16)[0m
[rtabmap-46] [33m[ WARN] (2026-07-31 22:15:32.429) Rtabmap.cpp:4373::process() [ROVER_SET] before=47 after=47[0m
[rtabmap-46] [33m[ WARN] (2026-07-31 22:15:32.429) Rtabmap.cpp:4387::process() [ROVER_CENTER] before=(1.878 1.102) after=(1.782 1.117)[0m
[rtabmap-46] [33m[ WARN] (2026-07-31 22:15:32.430) Rtabmap.cpp:4409::process() [ROVER_TRANSFORM] scale=1.00000 yaw=-2.072deg tx=0.057 ty=0.049[0m
[rtabmap-46] [33m[ WARN] (2026-07-31 22:15:32.430) Rtabmap.cpp:4428::process() [ROVER_SET] first_before=(0.00 -0.00) first_after=(-0.00 -0.00)[0m
[rtabmap-46] [33m[ WARN] (2026-07-31 22:15:32.430) Rtabmap.cpp:4453::process() [ROVER_RESULT] current=69 target=58 rmse=0.23376 mean=0.16909 max=0.75080 max_id=61 pairs=47 suspicious=1[0m
[rtabmap-46] [33m[ WARN] (2026-07-31 22:15:32.430) Rtabmap.cpp:4488::process() [ROVER] LOOP_EVENT before=47, after=47, new_loops=1[0m
[rtabmap-46] [33m[ WARN] (2026-07-31 22:15:32.430) Rtabmap.cpp:4496::process() [ROVER] Added link 69 -> 58[0m
[rtabmap-46] [33m[ WARN] (2026-07-31 22:15:32.432) Rtabmap.cpp:5388::process() Republishing data of requested node(s) 62 (Rtabmap/MaxRepublished=2)[0m
[exploration_manager-60] [INFO] [1785507332.486703097] [exploration_manager]: Frontier cluster candidate: size=388, unknown=871, distance=9.35, revisit_penalty=0.0, score=855.05, goal=(-4.68, -1.34)
[exploration_manager-60] [INFO] [1785507332.490055753] [exploration_manager]: Frontier cluster candidate: size=176, unknown=1399, distance=4.16, revisit_penalty=0.0, score=1392.61, goal=(4.27, -1.99)
[exploration_manager-60] [INFO] [1785507332.492425612] [exploration_manager]: Frontier cluster candidate: size=75, unknown=1395, distance=4.89, revisit_penalty=0.0, score=1361.13, goal=(1.87, -2.24)
[exploration_manager-60] [INFO] [1785507332.495243469] [exploration_manager]: Frontier cluster candidate: size=20, unknown=1383, distance=4.83, revisit_penalty=0.0, score=1338.72, goal=(1.22, -1.79)
[exploration_manager-60] [INFO] [1785507332.497680442] [exploration_manager]: Frontier cluster candidate: size=114, unknown=1231, distance=2.94, revisit_penalty=0.0, score=1224.44, goal=(5.82, -0.14)
[exploration_manager-60] [INFO] [1785507332.500373331] [exploration_manager]: Frontier cluster candidate: size=23, unknown=789, distance=9.21, revisit_penalty=0.0, score=701.45, goal=(-4.83, -0.49)
[exploration_manager-60] [INFO] [1785507332.502507938] [exploration_manager]: Frontier cluster candidate: size=147, unknown=1169, distance=4.85, revisit_penalty=0.0, score=1149.93, goal=(8.62, 0.71)
[exploration_manager-60] [INFO] [1785507332.504984601] [exploration_manager]: Frontier cluster candidate: size=107, unknown=1337, distance=7.88, revisit_penalty=0.0, score=1279.65, goal=(-3.78, 3.41)
[exploration_manager-60] [INFO] [1785507332.507619134] [exploration_manager]: Frontier cluster candidate: size=346, unknown=941, distance=4.56, revisit_penalty=0.0, score=964.61, goal=(8.42, 3.26)
[exploration_manager-60] [INFO] [1785507332.510777154] [exploration_manager]: Frontier cluster candidate: size=63, unknown=1359, distance=6.32, revisit_penalty=0.0, score=1308.41, goal=(-1.83, 4.61)
[exploration_manager-60] [INFO] [1785507332.513287205] [exploration_manager]: Frontier cluster candidate: size=39, unknown=1260, distance=4.65, revisit_penalty=0.0, score=1221.27, goal=(7.42, 5.31)
[exploration_manager-60] [INFO] [1785507332.515947899] [exploration_manager]: Frontier cluster candidate: size=68, unknown=1385, distance=4.90, revisit_penalty=0.0, score=1349.63, goal=(1.17, 6.16)
[exploration_manager-60] [INFO] [1785507332.518361131] [exploration_manager]: Frontier cluster candidate: size=179, unknown=1109, distance=4.78, revisit_penalty=0.0, score=1096.96, goal=(5.62, 6.66)
[exploration_manager-60] [INFO] [1785507332.520988810] [exploration_manager]: Frontier cluster candidate: size=259, unknown=927, distance=4.87, revisit_penalty=0.0, score=930.12, goal=(3.57, 7.01)
[exploration_manager-60] [INFO] [1785507332.522066278] [exploration_manager]: Frontier candidates=2258, clusters=76, valid_clusters=14
[exploration_manager-60] [INFO] [1785507332.522714911] [exploration_manager]: DEBUG: calling visualize_debug()
[gazebo-1] [WARN] [1785507332.525418600] [diffdrive_controller]: Ignoring the received message (timestamp 69.1530000000) because it is older than the current time by 0.9240000000 seconds, which exceeds the allowed timeout (0.5000)
[rtabmap-46] [0m[INFO] [1785507332.540700206] [rtabmap]: rtabmap (69): Rate=1.00s, Limit=0.000s, Conversion=0.0010s, RTAB-Map=0.5574s, Maps update=0.0895s pub=0.0178s delay=0.2580s (local map=47, WM=47)[0m
[gazebo-1] [WARN] [1785507332.614671103] [diffdrive_controller]: Ignoring the received message (timestamp 69.1530000000) because it is older than the current time by 0.9480000000 seconds, which exceeds the allowed timeout (0.5000)
[gazebo-1] [WARN] [1785507332.674975482] [diffdrive_controller]: Ignoring the received message (timestamp 69.1530000000) because it is older than the current time by 0.9690000000 seconds, which exceeds the allowed timeout (0.5000)
[controller_server-48] [INFO] [1785507332.696996665] [local_costmap.local_costmap]: StaticLayer: Resizing static layer to 306 X 234 at 0.050000 m/pix
[planner_server-50] [INFO] [1785507332.736657307] [global_costmap.global_costmap]: StaticLayer: Resizing costmap to 306 X 234 at 0.050000 m/pix
[gazebo-1] [WARN] [1785507332.758692649] [diffdrive_controller]: Ignoring the received message (timestamp 69.1530000000) because it is older than the current time by 0.9960000000 seconds, which exceeds the allowed timeout (0.5000)
[gazebo-1] [WARN] [1785507332.826312063] [diffdrive_controller]: Ignoring the received message (timestamp 69.1530000000) because it is older than the current time by 1.0230000000 seconds, which exceeds the allowed timeout (0.5000)
[gazebo-1] [WARN] [1785507332.911488967] [diffdrive_controller]: Ignoring the received message (timestamp 69.1530000000) because it is older than the current time by 1.0470000000 seconds, which exceeds the allowed timeout (0.5000)
[gazebo-1] [WARN] [1785507332.991605694] [diffdrive_controller]: Ignoring the received message (timestamp 69.1530000000) because it is older than the current time by 1.0740000000 seconds, which exceeds the allowed timeout (0.5000)
[gazebo-1] [WARN] [1785507333.049944035] [diffdrive_controller]: Ignoring the received message (timestamp 69.1530000000) because it is older than the current time by 1.0980000000 seconds, which exceeds the allowed timeout (0.5000)
[gazebo-1] [WARN] [1785507333.110579273] [diffdrive_controller]: Ignoring the received message (timestamp 69.1530000000) because it is older than the current time by 1.1190000000 seconds, which exceeds the allowed timeout (0.5000)
[gazebo-1] [WARN] [1785507333.194070939] [diffdrive_controller]: Ignoring the received message (timestamp 69.1530000000) because it is older than the current time by 1.1490000000 seconds, which exceeds the allowed timeout (0.5000)
[gazebo-1] [WARN] [1785507333.272860863] [diffdrive_controller]: Ignoring the received message (timestamp 69.1530000000) because it is older than the current time by 1.1730000000 seconds, which exceeds the allowed timeout (0.5000)
[exploration_manager-60] [INFO] [1785507333.294765699] [exploration_manager]: Debug map saved to: /home/tsehsun/frontier_debug/frontier_debug_latest.png
[exploration_manager-60] [INFO] [1785507333.296923910] [exploration_manager]: Best frontier cluster selected: cluster_size=176, unknown=1399, score=1392.61, x=4.27, y=-1.99, dist=4.16
[exploration_manager-60] [INFO] [1785507333.299502949] [exploration_manager]: Goal generated successfully.
[exploration_manager-60] [INFO] [1785507333.301088191] [exploration_manager]: Sending frontier goal to Nav2: x=4.27, y=-1.99
[bt_navigator-53] [INFO] [1785507333.302359462] [bt_navigator]: Begin navigating from current location (4.04, 2.16) to (4.27, -1.99)
[exploration_manager-60] [INFO] [1785507333.304481684] [exploration_manager]: Navigation goal accepted.
[controller_server-48] [INFO] [1785507333.324414104] [controller_server]: Received a goal, begin computing control effort.
[gazebo-1] [WARN] [1785507333.340030645] [diffdrive_controller]: Ignoring the received message (timestamp 69.1530000000) because it is older than the current time by 1.1970000000 seconds, which exceeds the allowed timeout (0.5000)
[controller_server-48] [WARN] [1785507333.375501166] [controller_server]: Control loop missed its desired rate of 20.0000 Hz. Current loop rate is 66.6667 Hz.
[controller_server-48] [WARN] [1785507333.526814787] [controller_server]: Control loop missed its desired rate of 20.0000 Hz. Current loop rate is 47.6190 Hz.
[controller_server-48] [INFO] [1785507334.377001410] [controller_server]: Passing new path to controller.
[controller_server-48] [WARN] [1785507334.788165585] [controller_server]: Control loop missed its desired rate of 20.0000 Hz. Current loop rate is 83.3333 Hz.
[rtabmap-46] [31m[ERROR] (2026-07-31 22:15:35.196) Rtabmap.cpp:3569::process() [ROVER] TRY_ADD_GLOBAL current=70 target=58[0m
[rtabmap-46] [31m[ERROR] (2026-07-31 22:15:35.196) Rtabmap.cpp:3576::process() [ROVER] ADD_RESULT rejected=0[0m
[rtabmap-46] [33m[ WARN] (2026-07-31 22:15:35.229) Rtabmap.cpp:4334::process() [ROVER_PAIR] valid=1 pairs=48 first=1 last=70[0m
[rtabmap-46] [33m[ WARN] (2026-07-31 22:15:35.229) Rtabmap.cpp:4352::process() [ROVER_POINT] first=(1 -0.00 -0.00 -> 0.00 -0.00) last=(70 4.04 2.16 -> 4.03 2.16)[0m
[rtabmap-46] [33m[ WARN] (2026-07-31 22:15:35.229) Rtabmap.cpp:4373::process() [ROVER_SET] before=48 after=48[0m
[rtabmap-46] [33m[ WARN] (2026-07-31 22:15:35.229) Rtabmap.cpp:4387::process() [ROVER_CENTER] before=(1.829 1.139) after=(1.962 1.156)[0m
[rtabmap-46] [33m[ WARN] (2026-07-31 22:15:35.229) Rtabmap.cpp:4409::process() [ROVER_TRANSFORM] scale=1.00000 yaw=1.774deg tx=-0.096 ty=-0.077[0m
[rtabmap-46] [33m[ WARN] (2026-07-31 22:15:35.229) Rtabmap.cpp:4428::process() [ROVER_SET] first_before=(-0.00 -0.00) first_after=(0.00 -0.00)[0m
[rtabmap-46] [33m[ WARN] (2026-07-31 22:15:35.229) Rtabmap.cpp:4453::process() [ROVER_RESULT] current=70 target=58 rmse=0.32065 mean=0.22420 max=1.11480 max_id=62 pairs=48 suspicious=1[0m
[rtabmap-46] [33m[ WARN] (2026-07-31 22:15:35.229) Rtabmap.cpp:4488::process() [ROVER] LOOP_EVENT before=48, after=48, new_loops=1[0m
[rtabmap-46] [33m[ WARN] (2026-07-31 22:15:35.229) Rtabmap.cpp:4496::process() [ROVER] Added link 70 -> 58[0m
[rtabmap-46] [0m[INFO] [1785507335.327601080] [rtabmap]: rtabmap (70): Rate=1.00s, Limit=0.000s, Conversion=0.0006s, RTAB-Map=0.5241s, Maps update=0.0811s pub=0.0146s delay=0.2400s (local map=48, WM=48)[0m
[controller_server-48] [INFO] [1785507335.388387082] [controller_server]: Passing new path to controller.
[controller_server-48] [WARN] [1785507335.439694635] [controller_server]: Control loop missed its desired rate of 20.0000 Hz. Current loop rate is 47.6190 Hz.
[controller_server-48] [INFO] [1785507335.540752538] [local_costmap.local_costmap]: StaticLayer: Resizing static layer to 306 X 237 at 0.050000 m/pix
[controller_server-48] [WARN] [1785507335.540941069] [controller_server]: Control loop missed its desired rate of 20.0000 Hz. Current loop rate is 47.6190 Hz.
[controller_server-48] [WARN] [1785507335.642246081] [controller_server]: Control loop missed its desired rate of 20.0000 Hz. Current loop rate is 55.5556 Hz.
[planner_server-50] [INFO] [1785507335.736697723] [global_costmap.global_costmap]: StaticLayer: Resizing costmap to 306 X 237 at 0.050000 m/pix
[controller_server-48] [WARN] [1785507336.243360212] [controller_server]: Control loop missed its desired rate of 20.0000 Hz. Current loop rate is 66.6667 Hz.
[controller_server-48] [WARN] [1785507336.324814658] [controller_server]: Control loop missed its desired rate of 20.0000 Hz. Current loop rate is 47.6190 Hz.
[controller_server-48] [INFO] [1785507336.424990431] [controller_server]: Passing new path to controller.
[controller_server-48] [WARN] [1785507336.986162280] [controller_server]: Control loop missed its desired rate of 20.0000 Hz. Current loop rate is 66.6667 Hz.
[controller_server-48] [INFO] [1785507337.436352838] [controller_server]: Passing new path to controller.
[rtabmap-46] [31m[ERROR] (2026-07-31 22:15:38.042) Rtabmap.cpp:3569::process() [ROVER] TRY_ADD_GLOBAL current=71 target=58[0m
[rtabmap-46] [31m[ERROR] (2026-07-31 22:15:38.042) Rtabmap.cpp:3576::process() [ROVER] ADD_RESULT rejected=0[0m
[rtabmap-46] [33m[ WARN] (2026-07-31 22:15:38.079) Rtabmap.cpp:4334::process() [ROVER_PAIR] valid=1 pairs=49 first=1 last=71[0m
[rtabmap-46] [33m[ WARN] (2026-07-31 22:15:38.079) Rtabmap.cpp:4352::process() [ROVER_POINT] first=(1 0.00 -0.00 -> 0.00 -0.00) last=(71 4.03 2.16 -> 4.03 2.16)[0m
[rtabmap-46] [33m[ WARN] (2026-07-31 22:15:38.079) Rtabmap.cpp:4373::process() [ROVER_SET] before=49 after=49[0m
[rtabmap-46] [33m[ WARN] (2026-07-31 22:15:38.079) Rtabmap.cpp:4387::process() [ROVER_CENTER] before=(2.004 1.177) after=(1.895 1.081)[0m
[rtabmap-46] [33m[ WARN] (2026-07-31 22:15:38.079) Rtabmap.cpp:4409::process() [ROVER_TRANSFORM] scale=1.00000 yaw=1.276deg tx=0.133 ty=0.054[0m
[rtabmap-46] [33m[ WARN] (2026-07-31 22:15:38.079) Rtabmap.cpp:4428::process() [ROVER_SET] first_before=(0.00 -0.00) first_after=(0.00 -0.00)[0m
[rtabmap-46] [33m[ WARN] (2026-07-31 22:15:38.079) Rtabmap.cpp:4453::process() [ROVER_RESULT] current=71 target=58 rmse=0.36175 mean=0.24456 max=1.19532 max_id=63 pairs=49 suspicious=1[0m
[rtabmap-46] [33m[ WARN] (2026-07-31 22:15:38.079) Rtabmap.cpp:4488::process() [ROVER] LOOP_EVENT before=49, after=49, new_loops=1[0m
[rtabmap-46] [33m[ WARN] (2026-07-31 22:15:38.079) Rtabmap.cpp:4496::process() [ROVER] Added link 71 -> 58[0m
[rtabmap-46] [0m[INFO] [1785507338.181276999] [rtabmap]: rtabmap (71): Rate=1.00s, Limit=0.000s, Conversion=0.0008s, RTAB-Map=0.4809s, Maps update=0.0857s pub=0.0137s delay=0.2250s (local map=49, WM=49)[0m
[controller_server-48] [WARN] [1785507338.238305047] [controller_server]: Control loop missed its desired rate of 20.0000 Hz. Current loop rate is 66.6667 Hz.
[controller_server-48] [INFO] [1785507338.329624657] [local_costmap.local_costmap]: StaticLayer: Resizing static layer to 306 X 227 at 0.050000 m/pix
[controller_server-48] [INFO] [1785507338.488496246] [controller_server]: Passing new path to controller.
[controller_server-48] [WARN] [1785507338.649695566] [controller_server]: Control loop missed its desired rate of 20.0000 Hz. Current loop rate is 83.3333 Hz.
[planner_server-50] [INFO] [1785507338.736849793] [global_costmap.global_costmap]: StaticLayer: Resizing costmap to 306 X 227 at 0.050000 m/pix
[controller_server-48] [WARN] [1785507339.200782366] [controller_server]: Control loop missed its desired rate of 20.0000 Hz. Current loop rate is 55.5556 Hz.
[controller_server-48] [WARN] [1785507339.251651458] [controller_server]: Control loop missed its desired rate of 20.0000 Hz. Current loop rate is 83.3333 Hz.
[controller_server-48] [INFO] [1785507339.501799401] [controller_server]: Passing new path to controller.
[controller_server-48] [WARN] [1785507340.112800056] [controller_server]: Control loop missed its desired rate of 20.0000 Hz. Current loop rate is 55.5556 Hz.
[controller_server-48] [INFO] [1785507340.562945392] [controller_server]: Passing new path to controller.
[controller_server-48] [WARN] [1785507340.813856238] [controller_server]: Control loop missed its desired rate of 20.0000 Hz. Current loop rate is 111.1111 Hz.
[controller_server-48] [WARN] [1785507340.925110817] [controller_server]: Control loop missed its desired rate of 20.0000 Hz. Current loop rate is 83.3333 Hz.
[rtabmap-46] [33m[ WARN] (2026-07-31 22:15:40.965) Rtabmap.cpp:3543::process() Rejected loop closure 50 -> 72: Not enough inliers 0/10 (matches=55) between 50 and 72[0m
[rtabmap-46] [0m[INFO] [1785507340.987027617] [rtabmap]: rtabmap (72): Rate=1.00s, Limit=0.000s, Conversion=0.0009s, RTAB-Map=0.3987s, Maps update=0.0116s pub=0.0086s delay=0.1650s (local map=50, WM=50)[0m
[controller_server-48] [WARN] [1785507341.036473585] [controller_server]: Control loop missed its desired rate of 20.0000 Hz. Current loop rate is 83.3333 Hz.
[controller_server-48] [WARN] [1785507341.147825801] [controller_server]: Control loop missed its desired rate of 20.0000 Hz. Current loop rate is 66.6667 Hz.
[controller_server-48] [INFO] [1785507341.548006324] [controller_server]: Passing new path to controller.
[controller_server-48] [WARN] [1785507341.649320241] [controller_server]: Control loop missed its desired rate of 20.0000 Hz. Current loop rate is 47.6190 Hz.
[controller_server-48] [WARN] [1785507342.450525708] [controller_server]: Control loop missed its desired rate of 20.0000 Hz. Current loop rate is 83.3333 Hz.
[controller_server-48] [WARN] [1785507342.551813523] [controller_server]: Control loop missed its desired rate of 20.0000 Hz. Current loop rate is 66.6667 Hz.
[controller_server-48] [INFO] [1785507342.602013631] [controller_server]: Passing new path to controller.
[controller_server-48] [WARN] [1785507342.653465541] [controller_server]: Control loop missed its desired rate of 20.0000 Hz. Current loop rate is 111.1111 Hz.
[controller_server-48] [WARN] [1785507342.754840470] [controller_server]: Control loop missed its desired rate of 20.0000 Hz. Current loop rate is 83.3333 Hz.
[controller_server-48] [WARN] [1785507343.005893020] [controller_server]: Control loop missed its desired rate of 20.0000 Hz. Current loop rate is 83.3333 Hz.
[controller_server-48] [WARN] [1785507343.256953901] [controller_server]: Control loop missed its desired rate of 20.0000 Hz. Current loop rate is 83.3333 Hz.
[controller_server-48] [INFO] [1785507343.607118158] [controller_server]: Passing new path to controller.
[rtabmap-46] [33m[ WARN] (2026-07-31 22:15:43.795) Rtabmap.cpp:3543::process() Rejected loop closure 50 -> 73: Not enough inliers 0/10 (matches=59) between 50 and 73[0m
[rtabmap-46] [0m[INFO] [1785507343.814177416] [rtabmap]: rtabmap (73): Rate=1.00s, Limit=0.000s, Conversion=0.0008s, RTAB-Map=0.2773s, Maps update=0.0083s pub=0.0089s delay=0.1410s (local map=51, WM=51)[0m
[controller_server-48] [WARN] [1785507344.008068418] [controller_server]: Control loop missed its desired rate of 20.0000 Hz. Current loop rate is 66.6667 Hz.
[controller_server-48] [WARN] [1785507344.409264860] [controller_server]: Control loop missed its desired rate of 20.0000 Hz. Current loop rate is 47.6190 Hz.
[controller_server-48] [INFO] [1785507344.609450951] [controller_server]: Passing new path to controller.
[controller_server-48] [WARN] [1785507344.660606684] [controller_server]: Control loop missed its desired rate of 20.0000 Hz. Current loop rate is 55.5556 Hz.
[controller_server-48] [INFO] [1785507345.660770055] [controller_server]: Passing new path to controller.
[exploration_manager-60] [INFO] [1785507346.215660041] [exploration_manager]: === Exploration Step ===
[exploration_manager-60] [INFO] [1785507346.216484408] [exploration_manager]: Already navigating. elapsed=5.0s
[rtabmap-46] [33m[ WARN] (2026-07-31 22:15:46.371) Rtabmap.cpp:3543::process() Rejected loop closure 48 -> 74: Not enough inliers 0/10 (matches=34) between 48 and 74[0m
[rtabmap-46] [0m[INFO] [1785507346.390529287] [rtabmap]: rtabmap (74): Rate=1.00s, Limit=0.000s, Conversion=0.0007s, RTAB-Map=0.2461s, Maps update=0.0094s pub=0.0077s delay=0.1260s (local map=52, WM=52)[0m
[controller_server-48] [WARN] [1785507346.531829416] [controller_server]: Control loop missed its desired rate of 20.0000 Hz. Current loop rate is 66.6667 Hz.
[controller_server-48] [INFO] [1785507346.682009144] [controller_server]: Passing new path to controller.
[controller_server-48] [INFO] [1785507347.682018268] [controller_server]: Passing new path to controller.
[controller_server-48] [WARN] [1785507347.883071296] [controller_server]: Control loop missed its desired rate of 20.0000 Hz. Current loop rate is 66.6667 Hz.
[controller_server-48] [WARN] [1785507347.984693918] [controller_server]: Control loop missed its desired rate of 20.0000 Hz. Current loop rate is 66.6667 Hz.
[controller_server-48] [WARN] [1785507348.145945510] [controller_server]: Control loop missed its desired rate of 20.0000 Hz. Current loop rate is 66.6667 Hz.
[controller_server-48] [WARN] [1785507348.407081754] [controller_server]: Control loop missed its desired rate of 20.0000 Hz. Current loop rate is 55.5556 Hz.
[controller_server-48] [WARN] [1785507348.558176117] [controller_server]: Control loop missed its desired rate of 20.0000 Hz. Current loop rate is 66.6667 Hz.
[controller_server-48] [INFO] [1785507348.708388921] [controller_server]: Passing new path to controller.
[rtabmap-46] [0m[INFO] [1785507348.900464108] [rtabmap]: rtabmap (75): Rate=1.00s, Limit=0.000s, Conversion=0.0007s, RTAB-Map=0.1267s, Maps update=0.0071s pub=0.0083s delay=0.0780s (local map=53, WM=53)[0m
[controller_server-48] [WARN] [1785507349.259340173] [controller_server]: Control loop missed its desired rate of 20.0000 Hz. Current loop rate is 47.6190 Hz.
[controller_server-48] [WARN] [1785507349.660522967] [controller_server]: Control loop missed its desired rate of 20.0000 Hz. Current loop rate is 55.5556 Hz.
[controller_server-48] [INFO] [1785507349.760687821] [controller_server]: Passing new path to controller.
[controller_server-48] [WARN] [1785507350.361770114] [controller_server]: Control loop missed its desired rate of 20.0000 Hz. Current loop rate is 55.5556 Hz.
[controller_server-48] [WARN] [1785507350.412961206] [controller_server]: Control loop missed its desired rate of 20.0000 Hz. Current loop rate is 66.6667 Hz.
[controller_server-48] [WARN] [1785507350.464049231] [controller_server]: Control loop missed its desired rate of 20.0000 Hz. Current loop rate is 66.6667 Hz.
[controller_server-48] [WARN] [1785507350.515006051] [controller_server]: Control loop missed its desired rate of 20.0000 Hz. Current loop rate is 55.5556 Hz.
[controller_server-48] [WARN] [1785507350.566782437] [controller_server]: Control loop missed its desired rate of 20.0000 Hz. Current loop rate is 66.6667 Hz.
[controller_server-48] [WARN] [1785507350.648427792] [controller_server]: Control loop missed its desired rate of 20.0000 Hz. Current loop rate is 55.5556 Hz.
[controller_server-48] [INFO] [1785507350.748606946] [controller_server]: Passing new path to controller.
[controller_server-48] [WARN] [1785507351.672964552] [controller_server]: Control loop missed its desired rate of 20.0000 Hz. Current loop rate is 41.6667 Hz.
[rtabmap-46] [0m[INFO] [1785507351.768733185] [rtabmap]: rtabmap (76): Rate=1.00s, Limit=0.000s, Conversion=0.0009s, RTAB-Map=0.1648s, Maps update=0.0089s pub=0.0095s delay=0.0810s (local map=54, WM=54)[0m
[controller_server-48] [INFO] [1785507351.773109443] [controller_server]: Passing new path to controller.
[controller_server-48] [INFO] [1785507352.823120211] [controller_server]: Passing new path to controller.
[controller_server-48] [INFO] [1785507353.873142471] [controller_server]: Passing new path to controller.
[rtabmap-46] [0m[INFO] [1785507354.509518525] [rtabmap]: rtabmap (77): Rate=1.00s, Limit=0.000s, Conversion=0.0013s, RTAB-Map=0.1816s, Maps update=0.0077s pub=0.0083s delay=0.0930s (local map=55, WM=55)[0m
[controller_server-48] [INFO] [1785507354.873122708] [controller_server]: Passing new path to controller.
[controller_server-48] [INFO] [1785507355.923111180] [controller_server]: Passing new path to controller.
[controller_server-48] [INFO] [1785507356.923110350] [controller_server]: Passing new path to controller.
[rtabmap-46] [0m[INFO] [1785507357.194551828] [rtabmap]: rtabmap (78): Rate=1.00s, Limit=0.000s, Conversion=0.0008s, RTAB-Map=0.1544s, Maps update=0.0079s pub=0.0100s delay=0.0960s (local map=56, WM=56)[0m
[controller_server-48] [INFO] [1785507357.973121203] [controller_server]: Passing new path to controller.
[controller_server-48] [WARN] [1785507358.047356951] [controller_server]: Control loop missed its desired rate of 20.0000 Hz. Current loop rate is 41.6667 Hz.
[controller_server-48] [INFO] [1785507358.997557158] [controller_server]: Passing new path to controller.
[exploration_manager-60] [INFO] [1785507359.456629630] [exploration_manager]: === Exploration Step ===
[exploration_manager-60] [INFO] [1785507359.457464932] [exploration_manager]: Already navigating. elapsed=10.0s
[rtabmap-46] [0m[INFO] [1785507359.831898039] [rtabmap]: rtabmap (79): Rate=1.00s, Limit=0.000s, Conversion=0.0007s, RTAB-Map=0.1612s, Maps update=0.0076s pub=0.0099s delay=0.0930s (local map=57, WM=57)[0m
[controller_server-48] [INFO] [1785507359.997509884] [controller_server]: Passing new path to controller.
[controller_server-48] [INFO] [1785507361.047509538] [controller_server]: Passing new path to controller.
[controller_server-48] [INFO] [1785507362.047507253] [controller_server]: Passing new path to controller.
[rtabmap-46] [0m[INFO] [1785507362.614581750] [rtabmap]: rtabmap (80): Rate=1.00s, Limit=0.000s, Conversion=0.0007s, RTAB-Map=0.1788s, Maps update=0.0083s pub=0.0104s delay=0.1050s (local map=58, WM=58)[0m
[controller_server-48] [INFO] [1785507362.696991522] [local_costmap.local_costmap]: StaticLayer: Resizing static layer to 306 X 230 at 0.050000 m/pix
[planner_server-50] [INFO] [1785507362.736657968] [global_costmap.global_costmap]: StaticLayer: Resizing costmap to 306 X 230 at 0.050000 m/pix
[controller_server-48] [INFO] [1785507363.097505695] [controller_server]: Passing new path to controller.
[controller_server-48] [WARN] [1785507363.151310592] [controller_server]: Control loop missed its desired rate of 20.0000 Hz. Current loop rate is 55.5556 Hz.
[controller_server-48] [INFO] [1785507364.101449464] [controller_server]: Passing new path to controller.
[controller_server-48] [INFO] [1785507365.151464929] [controller_server]: Passing new path to controller.
[rtabmap-46] [0m[INFO] [1785507365.185396306] [rtabmap]: rtabmap (81): Rate=1.00s, Limit=0.000s, Conversion=0.0008s, RTAB-Map=0.1649s, Maps update=0.0085s pub=0.0095s delay=0.0870s (local map=59, WM=59)[0m
[controller_server-48] [INFO] [1785507365.296962535] [local_costmap.local_costmap]: StaticLayer: Resizing static layer to 306 X 235 at 0.050000 m/pix
[planner_server-50] [INFO] [1785507365.736821795] [global_costmap.global_costmap]: StaticLayer: Resizing costmap to 306 X 235 at 0.050000 m/pix
[controller_server-48] [INFO] [1785507366.151466460] [controller_server]: Passing new path to controller.
[controller_server-48] [INFO] [1785507367.201450839] [controller_server]: Passing new path to controller.
[rtabmap-46] [0m[INFO] [1785507367.860539205] [rtabmap]: rtabmap (82): Rate=1.00s, Limit=0.000s, Conversion=0.0008s, RTAB-Map=0.1596s, Maps update=0.0081s pub=0.0102s delay=0.1050s (local map=60, WM=60)[0m
[controller_server-48] [INFO] [1785507367.896952903] [local_costmap.local_costmap]: StaticLayer: Resizing static layer to 306 X 240 at 0.050000 m/pix
[controller_server-48] [INFO] [1785507368.201459514] [controller_server]: Passing new path to controller.
[planner_server-50] [INFO] [1785507368.736651005] [global_costmap.global_costmap]: StaticLayer: Resizing costmap to 306 X 240 at 0.050000 m/pix
[controller_server-48] [INFO] [1785507369.251456230] [controller_server]: Passing new path to controller.
[controller_server-48] [INFO] [1785507370.251463351] [controller_server]: Passing new path to controller.
[rtabmap-46] [0m[INFO] [1785507370.427978471] [rtabmap]: rtabmap (83): Rate=1.00s, Limit=0.000s, Conversion=0.0007s, RTAB-Map=0.1358s, Maps update=0.0077s pub=0.0118s delay=0.0780s (local map=61, WM=61)[0m
[controller_server-48] [INFO] [1785507370.497048298] [local_costmap.local_costmap]: StaticLayer: Resizing static layer to 306 X 246 at 0.050000 m/pix
[planner_server-50] [INFO] [1785507370.736703522] [global_costmap.global_costmap]: StaticLayer: Resizing costmap to 306 X 246 at 0.050000 m/pix
[controller_server-48] [INFO] [1785507371.301716544] [controller_server]: Passing new path to controller.
[controller_server-48] [INFO] [1785507372.351463898] [controller_server]: Passing new path to controller.
[exploration_manager-60] [INFO] [1785507372.400787846] [exploration_manager]: === Exploration Step ===
[exploration_manager-60] [INFO] [1785507372.401546540] [exploration_manager]: Already navigating. elapsed=15.0s
[rtabmap-46] [0m[INFO] [1785507373.033915965] [rtabmap]: rtabmap (84): Rate=1.00s, Limit=0.000s, Conversion=0.0007s, RTAB-Map=0.1142s, Maps update=0.0067s pub=0.0101s delay=0.0720s (local map=62, WM=62)[0m
[controller_server-48] [INFO] [1785507373.096930720] [local_costmap.local_costmap]: StaticLayer: Resizing static layer to 306 X 251 at 0.050000 m/pix
[controller_server-48] [INFO] [1785507373.351455373] [controller_server]: Passing new path to controller.
[planner_server-50] [INFO] [1785507373.736631309] [global_costmap.global_costmap]: StaticLayer: Resizing costmap to 306 X 251 at 0.050000 m/pix
[controller_server-48] [INFO] [1785507374.401458243] [controller_server]: Passing new path to controller.
[controller_server-48] [INFO] [1785507375.401462516] [controller_server]: Passing new path to controller.
[rtabmap-46] [0m[INFO] [1785507375.596442736] [rtabmap]: rtabmap (85): Rate=1.00s, Limit=0.000s, Conversion=0.0009s, RTAB-Map=0.1219s, Maps update=0.0085s pub=0.0083s delay=0.0690s (local map=63, WM=63)[0m
[controller_server-48] [INFO] [1785507375.696949642] [local_costmap.local_costmap]: StaticLayer: Resizing static layer to 306 X 256 at 0.050000 m/pix
[planner_server-50] [INFO] [1785507375.736649946] [global_costmap.global_costmap]: StaticLayer: Resizing costmap to 306 X 256 at 0.050000 m/pix
[controller_server-48] [INFO] [1785507376.451484245] [controller_server]: Passing new path to controller.
[controller_server-48] [INFO] [1785507377.451458617] [controller_server]: Passing new path to controller.
[rtabmap-46] [0m[INFO] [1785507378.165451707] [rtabmap]: rtabmap (86): Rate=1.00s, Limit=0.000s, Conversion=0.0008s, RTAB-Map=0.1095s, Maps update=0.0073s pub=0.0093s delay=0.0660s (local map=64, WM=64)[0m
[controller_server-48] [INFO] [1785507378.296958841] [local_costmap.local_costmap]: StaticLayer: Resizing static layer to 306 X 262 at 0.050000 m/pix
[controller_server-48] [INFO] [1785507378.501450513] [controller_server]: Passing new path to controller.
[planner_server-50] [INFO] [1785507378.736636831] [global_costmap.global_costmap]: StaticLayer: Resizing costmap to 306 X 262 at 0.050000 m/pix
[controller_server-48] [INFO] [1785507379.501452781] [controller_server]: Passing new path to controller.
[controller_server-48] [INFO] [1785507380.551485390] [controller_server]: Passing new path to controller.
[rtabmap-46] [0m[INFO] [1785507380.774355858] [rtabmap]: rtabmap (87): Rate=1.00s, Limit=0.000s, Conversion=0.0008s, RTAB-Map=0.1214s, Maps update=0.0089s pub=0.0123s delay=0.0660s (local map=65, WM=65)[0m
[controller_server-48] [INFO] [1785507380.896943892] [local_costmap.local_costmap]: StaticLayer: Resizing static layer to 306 X 268 at 0.050000 m/pix
[controller_server-48] [INFO] [1785507381.551824174] [controller_server]: Passing new path to controller.
[planner_server-50] [INFO] [1785507381.736748373] [global_costmap.global_costmap]: StaticLayer: Resizing costmap to 306 X 268 at 0.050000 m/pix
[controller_server-48] [INFO] [1785507382.601612967] [controller_server]: Passing new path to controller.
[rtabmap-46] [31m[ERROR] (2026-07-31 22:16:23.520) Rtabmap.cpp:3569::process() [ROVER] TRY_ADD_GLOBAL current=88 target=76[0m
[rtabmap-46] [31m[ERROR] (2026-07-31 22:16:23.520) Rtabmap.cpp:3576::process() [ROVER] ADD_RESULT rejected=0[0m
[rtabmap-46] [33m[ WARN] (2026-07-31 22:16:23.579) Rtabmap.cpp:4334::process() [ROVER_PAIR] valid=1 pairs=66 first=1 last=88[0m
[rtabmap-46] [33m[ WARN] (2026-07-31 22:16:23.579) Rtabmap.cpp:4352::process() [ROVER_POINT] first=(1 0.00 -0.00 -> -0.00 -0.00) last=(88 4.04 -0.97 -> 4.11 -1.00)[0m
[rtabmap-46] [33m[ WARN] (2026-07-31 22:16:23.579) Rtabmap.cpp:4373::process() [ROVER_SET] before=66 after=66[0m
[rtabmap-46] [33m[ WARN] (2026-07-31 22:16:23.579) Rtabmap.cpp:4387::process() [ROVER_CENTER] before=(2.442 1.057) after=(2.508 1.060)[0m
[rtabmap-46] [33m[ WARN] (2026-07-31 22:16:23.579) Rtabmap.cpp:4409::process() [ROVER_TRANSFORM] scale=1.00000 yaw=0.357deg tx=-0.060 ty=-0.019[0m
[rtabmap-46] [33m[ WARN] (2026-07-31 22:16:23.579) Rtabmap.cpp:4428::process() [ROVER_SET] first_before=(0.00 -0.00) first_after=(-0.00 -0.00)[0m
[rtabmap-46] [33m[ WARN] (2026-07-31 22:16:23.579) Rtabmap.cpp:4453::process() [ROVER_RESULT] current=88 target=76 rmse=0.21096 mean=0.11954 max=0.90562 max_id=65 pairs=66 suspicious=1[0m
[rtabmap-46] [33m[ WARN] (2026-07-31 22:16:23.579) Rtabmap.cpp:4488::process() [ROVER] LOOP_EVENT before=66, after=66, new_loops=1[0m
[rtabmap-46] [33m[ WARN] (2026-07-31 22:16:23.579) Rtabmap.cpp:4496::process() [ROVER] Added link 88 -> 76[0m
[controller_server-48] [INFO] [1785507383.601470605] [controller_server]: Passing new path to controller.
[rtabmap-46] [0m[INFO] [1785507383.714349098] [rtabmap]: rtabmap (88): Rate=1.00s, Limit=0.000s, Conversion=0.0008s, RTAB-Map=0.2996s, Maps update=0.1136s pub=0.0188s delay=0.1650s (local map=66, WM=66)[0m
[planner_server-50] [INFO] [1785507383.736647538] [global_costmap.global_costmap]: StaticLayer: Resizing costmap to 315 X 278 at 0.050000 m/pix
[controller_server-48] [INFO] [1785507383.896985402] [local_costmap.local_costmap]: StaticLayer: Resizing static layer to 315 X 278 at 0.050000 m/pix
[controller_server-48] [INFO] [1785507384.651471084] [controller_server]: Passing new path to controller.
[exploration_manager-60] [INFO] [1785507385.448277717] [exploration_manager]: === Exploration Step ===
[exploration_manager-60] [INFO] [1785507385.450031987] [exploration_manager]: Already navigating. elapsed=20.0s
[controller_server-48] [INFO] [1785507385.651456000] [controller_server]: Passing new path to controller.
[rtabmap-46] [31m[ERROR] (2026-07-31 22:16:26.535) Rtabmap.cpp:3569::process() [ROVER] TRY_ADD_GLOBAL current=89 target=76[0m
[rtabmap-46] [31m[ERROR] (2026-07-31 22:16:26.535) Rtabmap.cpp:3576::process() [ROVER] ADD_RESULT rejected=0[0m
[rtabmap-46] [33m[ WARN] (2026-07-31 22:16:26.591) Rtabmap.cpp:4334::process() [ROVER_PAIR] valid=1 pairs=67 first=1 last=89[0m
[rtabmap-46] [33m[ WARN] (2026-07-31 22:16:26.591) Rtabmap.cpp:4352::process() [ROVER_POINT] first=(1 -0.00 -0.00 -> 0.00 -0.00) last=(89 4.14 -1.27 -> 4.23 -1.03)[0m
[rtabmap-46] [33m[ WARN] (2026-07-31 22:16:26.591) Rtabmap.cpp:4373::process() [ROVER_SET] before=67 after=67[0m
[rtabmap-46] [33m[ WARN] (2026-07-31 22:16:26.591) Rtabmap.cpp:4387::process() [ROVER_CENTER] before=(2.532 1.025) after=(2.528 1.082)[0m
[rtabmap-46] [33m[ WARN] (2026-07-31 22:16:26.591) Rtabmap.cpp:4409::process() [ROVER_TRANSFORM] scale=1.00000 yaw=-1.367deg tx=-0.021 ty=0.003[0m
[rtabmap-46] [33m[ WARN] (2026-07-31 22:16:26.591) Rtabmap.cpp:4428::process() [ROVER_SET] first_before=(-0.00 -0.00) first_after=(0.00 -0.00)[0m
[rtabmap-46] [33m[ WARN] (2026-07-31 22:16:26.591) Rtabmap.cpp:4453::process() [ROVER_RESULT] current=89 target=76 rmse=0.15463 mean=0.10003 max=0.45515 max_id=63 pairs=67 suspicious=1[0m
[rtabmap-46] [33m[ WARN] (2026-07-31 22:16:26.591) Rtabmap.cpp:4488::process() [ROVER] LOOP_EVENT before=67, after=67, new_loops=1[0m
[rtabmap-46] [33m[ WARN] (2026-07-31 22:16:26.591) Rtabmap.cpp:4496::process() [ROVER] Added link 89 -> 76[0m
[controller_server-48] [INFO] [1785507386.701485895] [controller_server]: Passing new path to controller.
[rtabmap-46] [0m[INFO] [1785507386.736638947] [rtabmap]: rtabmap (89): Rate=1.00s, Limit=0.000s, Conversion=0.0010s, RTAB-Map=0.3425s, Maps update=0.1202s pub=0.0213s delay=0.1650s (local map=67, WM=67)[0m
[planner_server-50] [INFO] [1785507386.736665729] [global_costmap.global_costmap]: StaticLayer: Resizing costmap to 306 X 285 at 0.050000 m/pix
[controller_server-48] [INFO] [1785507386.896990099] [local_costmap.local_costmap]: StaticLayer: Resizing static layer to 306 X 285 at 0.050000 m/pix
[controller_server-48] [INFO] [1785507387.701470201] [controller_server]: Passing new path to controller.
[controller_server-48] [INFO] [1785507388.751463249] [controller_server]: Passing new path to controller.
[rtabmap-46] [31m[ERROR] (2026-07-31 22:16:29.466) Rtabmap.cpp:3569::process() [ROVER] TRY_ADD_GLOBAL current=90 target=76[0m
[rtabmap-46] [31m[ERROR] (2026-07-31 22:16:29.466) Rtabmap.cpp:3576::process() [ROVER] ADD_RESULT rejected=0[0m
[rtabmap-46] [33m[ WARN] (2026-07-31 22:16:29.512) Rtabmap.cpp:4334::process() [ROVER_PAIR] valid=1 pairs=68 first=1 last=90[0m
[rtabmap-46] [33m[ WARN] (2026-07-31 22:16:29.512) Rtabmap.cpp:4352::process() [ROVER_POINT] first=(1 0.00 -0.00 -> -0.00 -0.00) last=(90 4.25 -1.29 -> 4.21 -1.36)[0m
[rtabmap-46] [33m[ WARN] (2026-07-31 22:16:29.512) Rtabmap.cpp:4373::process() [ROVER_SET] before=68 after=68[0m
[rtabmap-46] [33m[ WARN] (2026-07-31 22:16:29.512) Rtabmap.cpp:4387::process() [ROVER_CENTER] before=(2.554 1.047) after=(2.495 1.057)[0m
[rtabmap-46] [33m[ WARN] (2026-07-31 22:16:29.512) Rtabmap.cpp:4409::process() [ROVER_TRANSFORM] scale=1.00000 yaw=-1.027deg tx=0.040 ty=0.035[0m
[rtabmap-46] [33m[ WARN] (2026-07-31 22:16:29.512) Rtabmap.cpp:4428::process() [ROVER_SET] first_before=(0.00 -0.00) first_after=(-0.00 -0.00)[0m
[rtabmap-46] [33m[ WARN] (2026-07-31 22:16:29.512) Rtabmap.cpp:4453::process() [ROVER_RESULT] current=90 target=76 rmse=0.17634 mean=0.11597 max=0.68325 max_id=61 pairs=68 suspicious=1[0m
[rtabmap-46] [33m[ WARN] (2026-07-31 22:16:29.512) Rtabmap.cpp:4488::process() [ROVER] LOOP_EVENT before=68, after=68, new_loops=1[0m
[rtabmap-46] [33m[ WARN] (2026-07-31 22:16:29.512) Rtabmap.cpp:4496::process() [ROVER] Added link 90 -> 76[0m
[rtabmap-46] [0m[INFO] [1785507389.651356377] [rtabmap]: rtabmap (90): Rate=1.00s, Limit=0.000s, Conversion=0.0006s, RTAB-Map=0.3788s, Maps update=0.1144s pub=0.0217s delay=0.1950s (local map=68, WM=68)[0m
[controller_server-48] [INFO] [1785507389.696959018] [local_costmap.local_costmap]: StaticLayer: Resizing static layer to 306 X 295 at 0.050000 m/pix
[planner_server-50] [INFO] [1785507389.736650870] [global_costmap.global_costmap]: StaticLayer: Resizing costmap to 306 X 295 at 0.050000 m/pix
[controller_server-48] [INFO] [1785507389.751540346] [controller_server]: Passing new path to controller.
[controller_server-48] [INFO] [1785507390.801496080] [controller_server]: Passing new path to controller.
[controller_server-48] [INFO] [1785507391.801535142] [controller_server]: Passing new path to controller.
[rtabmap-46] [31m[ERROR] (2026-07-31 22:16:32.346) Rtabmap.cpp:3569::process() [ROVER] TRY_ADD_GLOBAL current=91 target=76[0m
[rtabmap-46] [31m[ERROR] (2026-07-31 22:16:32.346) Rtabmap.cpp:3576::process() [ROVER] ADD_RESULT rejected=0[0m
[rtabmap-46] [33m[ WARN] (2026-07-31 22:16:32.404) Rtabmap.cpp:4334::process() [ROVER_PAIR] valid=1 pairs=69 first=1 last=91[0m
[rtabmap-46] [33m[ WARN] (2026-07-31 22:16:32.404) Rtabmap.cpp:4352::process() [ROVER_POINT] first=(1 -0.00 -0.00 -> 0.00 -0.00) last=(91 4.22 -1.62 -> 4.32 -1.30)[0m
[rtabmap-46] [33m[ WARN] (2026-07-31 22:16:32.404) Rtabmap.cpp:4373::process() [ROVER_SET] before=69 after=69[0m
[rtabmap-46] [33m[ WARN] (2026-07-31 22:16:32.404) Rtabmap.cpp:4387::process() [ROVER_CENTER] before=(2.520 1.018) after=(2.608 1.065)[0m
[rtabmap-46] [33m[ WARN] (2026-07-31 22:16:32.404) Rtabmap.cpp:4409::process() [ROVER_TRANSFORM] scale=1.00000 yaw=0.304deg tx=-0.082 ty=-0.061[0m
[rtabmap-46] [33m[ WARN] (2026-07-31 22:16:32.404) Rtabmap.cpp:4428::process() [ROVER_SET] first_before=(-0.00 -0.00) first_after=(0.00 -0.00)[0m
[rtabmap-46] [33m[ WARN] (2026-07-31 22:16:32.404) Rtabmap.cpp:4453::process() [ROVER_RESULT] current=91 target=76 rmse=0.24710 mean=0.16618 max=0.99227 max_id=62 pairs=69 suspicious=1[0m
[rtabmap-46] [33m[ WARN] (2026-07-31 22:16:32.404) Rtabmap.cpp:4488::process() [ROVER] LOOP_EVENT before=69, after=69, new_loops=1[0m
[rtabmap-46] [33m[ WARN] (2026-07-31 22:16:32.404) Rtabmap.cpp:4496::process() [ROVER] Added link 91 -> 76[0m
[rtabmap-46] [0m[INFO] [1785507392.565063275] [rtabmap]: rtabmap (91): Rate=1.00s, Limit=0.000s, Conversion=0.0009s, RTAB-Map=0.4165s, Maps update=0.1327s pub=0.0256s delay=0.2250s (local map=69, WM=69)[0m
[controller_server-48] [INFO] [1785507392.697048707] [local_costmap.local_costmap]: StaticLayer: Resizing static layer to 306 X 293 at 0.050000 m/pix
[planner_server-50] [INFO] [1785507392.736662582] [global_costmap.global_costmap]: StaticLayer: Resizing costmap to 306 X 293 at 0.050000 m/pix
[controller_server-48] [INFO] [1785507392.851464165] [controller_server]: Passing new path to controller.
[controller_server-48] [INFO] [1785507393.851474004] [controller_server]: Passing new path to controller.
[controller_server-48] [INFO] [1785507394.901468619] [controller_server]: Passing new path to controller.
[rtabmap-46] [31m[ERROR] (2026-07-31 22:16:35.392) Rtabmap.cpp:3569::process() [ROVER] TRY_ADD_GLOBAL current=92 target=75[0m
[rtabmap-46] [31m[ERROR] (2026-07-31 22:16:35.392) Rtabmap.cpp:3576::process() [ROVER] ADD_RESULT rejected=0[0m
[rtabmap-46] [33m[ WARN] (2026-07-31 22:16:35.453) Rtabmap.cpp:4334::process() [ROVER_PAIR] valid=1 pairs=70 first=1 last=92[0m
[rtabmap-46] [33m[ WARN] (2026-07-31 22:16:35.453) Rtabmap.cpp:4352::process() [ROVER_POINT] first=(1 0.00 -0.00 -> 0.00 -0.00) last=(92 4.41 -1.53 -> 4.09 -0.88)[0m
[rtabmap-46] [33m[ WARN] (2026-07-31 22:16:35.453) Rtabmap.cpp:4373::process() [ROVER_SET] before=70 after=70[0m
[rtabmap-46] [33m[ WARN] (2026-07-31 22:16:35.453) Rtabmap.cpp:4387::process() [ROVER_CENTER] before=(2.634 1.028) after=(2.505 1.040)[0m
[rtabmap-46] [33m[ WARN] (2026-07-31 22:16:35.453) Rtabmap.cpp:4409::process() [ROVER_TRANSFORM] scale=1.00000 yaw=-0.792deg tx=0.115 ty=0.023[0m
[rtabmap-46] [33m[ WARN] (2026-07-31 22:16:35.453) Rtabmap.cpp:4428::process() [ROVER_SET] first_before=(0.00 -0.00) first_after=(0.00 -0.00)[0m
[rtabmap-46] [33m[ WARN] (2026-07-31 22:16:35.453) Rtabmap.cpp:4453::process() [ROVER_RESULT] current=92 target=75 rmse=0.37134 mean=0.25607 max=1.33742 max_id=63 pairs=70 suspicious=1[0m
[rtabmap-46] [33m[ WARN] (2026-07-31 22:16:35.453) Rtabmap.cpp:4488::process() [ROVER] LOOP_EVENT before=70, after=70, new_loops=1[0m
[rtabmap-46] [33m[ WARN] (2026-07-31 22:16:35.453) Rtabmap.cpp:4496::process() [ROVER] Added link 92 -> 75[0m
[rtabmap-46] [0m[INFO] [1785507395.593399047] [rtabmap]: rtabmap (92): Rate=1.00s, Limit=0.000s, Conversion=0.0010s, RTAB-Map=0.4742s, Maps update=0.1161s pub=0.0199s delay=0.2250s (local map=70, WM=70)[0m
[controller_server-48] [INFO] [1785507395.696937990] [local_costmap.local_costmap]: StaticLayer: Resizing static layer to 306 X 276 at 0.050000 m/pix
[planner_server-50] [INFO] [1785507395.736664090] [global_costmap.global_costmap]: StaticLayer: Resizing costmap to 306 X 276 at 0.050000 m/pix
[controller_server-48] [INFO] [1785507395.901469970] [controller_server]: Passing new path to controller.
[controller_server-48] [INFO] [1785507396.951474235] [controller_server]: Passing new path to controller.
[controller_server-48] [INFO] [1785507397.951459850] [controller_server]: Passing new path to controller.
[controller_server-48] [INFO] [1785507399.001479144] [controller_server]: Passing new path to controller.
[rtabmap-46] [33m[ WARN] (2026-07-31 22:16:39.176) Rtabmap.cpp:3543::process() Rejected loop closure 75 -> 93: Not enough inliers 7/10 (matches=56) between 75 and 93[0m
[rtabmap-46] [0m[INFO] [1785507399.203324228] [rtabmap]: rtabmap (93): Rate=1.00s, Limit=0.000s, Conversion=0.0009s, RTAB-Map=1.0832s, Maps update=0.0110s pub=0.0134s delay=0.3750s (local map=71, WM=71)[0m
[rtabmap_viz-47] [33m[ WARN] (2026-07-31 22:16:39.206) MainWindow.cpp:2002::processStats() Processing time (1.081019s) is over detection rate (1.000000s), real-time problem![0m
[controller_server-48] [INFO] [1785507399.296968494] [local_costmap.local_costmap]: StaticLayer: Resizing static layer to 306 X 278 at 0.050000 m/pix
[planner_server-50] [INFO] [1785507399.736664013] [global_costmap.global_costmap]: StaticLayer: Resizing costmap to 306 X 278 at 0.050000 m/pix
[exploration_manager-60] [INFO] [1785507399.862317441] [exploration_manager]: === Exploration Step ===
[exploration_manager-60] [INFO] [1785507399.863841782] [exploration_manager]: Already navigating. elapsed=25.0s
[controller_server-48] [INFO] [1785507400.001459029] [controller_server]: Passing new path to controller.
[controller_server-48] [INFO] [1785507401.051473626] [controller_server]: Passing new path to controller.
[rtabmap-46] [33m[ WARN] (2026-07-31 22:16:41.388) Rtabmap.cpp:3543::process() Rejected loop closure 76 -> 94: Not enough inliers after bundle adjustment 9/10 (matches=10) between 76 and 94[0m
[rtabmap-46] [0m[INFO] [1785507401.417715563] [rtabmap]: rtabmap (94): Rate=1.00s, Limit=0.000s, Conversion=0.0007s, RTAB-Map=0.3729s, Maps update=0.0116s pub=0.0153s delay=0.1590s (local map=72, WM=72)[0m
[controller_server-48] [INFO] [1785507401.496977116] [local_costmap.local_costmap]: StaticLayer: Resizing static layer to 306 X 280 at 0.050000 m/pix
[planner_server-50] [INFO] [1785507401.736698596] [global_costmap.global_costmap]: StaticLayer: Resizing costmap to 306 X 280 at 0.050000 m/pix
[controller_server-48] [INFO] [1785507402.051465661] [controller_server]: Passing new path to controller.
[controller_server-48] [INFO] [1785507403.101450564] [controller_server]: Passing new path to controller.
[rtabmap-46] [33m[ WARN] (2026-07-31 22:16:44.066) Rtabmap.cpp:3543::process() Rejected loop closure 76 -> 95: Not enough inliers 8/10 (matches=35) between 76 and 95[0m
[rtabmap-46] [0m[INFO] [1785507404.089944451] [rtabmap]: rtabmap (95): Rate=1.00s, Limit=0.000s, Conversion=0.0008s, RTAB-Map=0.3467s, Maps update=0.0089s pub=0.0126s delay=0.1770s (local map=73, WM=73)[0m
[controller_server-48] [INFO] [1785507404.096951589] [local_costmap.local_costmap]: StaticLayer: Resizing static layer to 306 X 284 at 0.050000 m/pix
[controller_server-48] [INFO] [1785507404.101461637] [controller_server]: Passing new path to controller.
[planner_server-50] [INFO] [1785507404.736684785] [global_costmap.global_costmap]: StaticLayer: Resizing costmap to 306 X 284 at 0.050000 m/pix
[controller_server-48] [INFO] [1785507405.151462762] [controller_server]: Passing new path to controller.
[controller_server-48] [INFO] [1785507406.201463487] [controller_server]: Passing new path to controller.
[rtabmap-46] [33m[ WARN] (2026-07-31 22:16:46.747) Rtabmap.cpp:3543::process() Rejected loop closure 74 -> 96: Not enough inliers 0/10 (matches=26) between 74 and 96[0m
[rtabmap-46] [0m[INFO] [1785507406.772054137] [rtabmap]: rtabmap (96): Rate=1.00s, Limit=0.000s, Conversion=0.0005s, RTAB-Map=0.3196s, Maps update=0.0093s pub=0.0134s delay=0.1710s (local map=74, WM=74)[0m
[controller_server-48] [INFO] [1785507406.896939599] [local_costmap.local_costmap]: StaticLayer: Resizing static layer to 306 X 294 at 0.050000 m/pix
[controller_server-48] [INFO] [1785507407.201464539] [controller_server]: Passing new path to controller.
[planner_server-50] [INFO] [1785507407.736663148] [global_costmap.global_costmap]: StaticLayer: Resizing costmap to 306 X 294 at 0.050000 m/pix
[controller_server-48] [INFO] [1785507408.251475338] [controller_server]: Passing new path to controller.
[controller_server-48] [INFO] [1785507409.251456481] [controller_server]: Passing new path to controller.
[rtabmap-46] [31m[ERROR] (2026-07-31 22:16:49.538) Rtabmap.cpp:3569::process() [ROVER] TRY_ADD_GLOBAL current=97 target=75[0m
[rtabmap-46] [31m[ERROR] (2026-07-31 22:16:49.538) Rtabmap.cpp:3576::process() [ROVER] ADD_RESULT rejected=0[0m
[rtabmap-46] [33m[ WARN] (2026-07-31 22:16:49.588) Rtabmap.cpp:4334::process() [ROVER_PAIR] valid=1 pairs=75 first=1 last=97[0m
[rtabmap-46] [33m[ WARN] (2026-07-31 22:16:49.588) Rtabmap.cpp:4352::process() [ROVER_POINT] first=(1 0.00 -0.00 -> -0.00 -0.00) last=(97 4.37 -1.88 -> 4.43 -1.79)[0m
[rtabmap-46] [33m[ WARN] (2026-07-31 22:16:49.588) Rtabmap.cpp:4373::process() [ROVER_SET] before=75 after=75[0m
[rtabmap-46] [33m[ WARN] (2026-07-31 22:16:49.588) Rtabmap.cpp:4387::process() [ROVER_CENTER] before=(2.622 0.874) after=(2.706 0.890)[0m
[rtabmap-46] [33m[ WARN] (2026-07-31 22:16:49.588) Rtabmap.cpp:4409::process() [ROVER_TRANSFORM] scale=1.00000 yaw=0.436deg tx=-0.078 ty=-0.037[0m
[rtabmap-46] [33m[ WARN] (2026-07-31 22:16:49.588) Rtabmap.cpp:4428::process() [ROVER_SET] first_before=(0.00 -0.00) first_after=(-0.00 -0.00)[0m
[rtabmap-46] [33m[ WARN] (2026-07-31 22:16:49.588) Rtabmap.cpp:4453::process() [ROVER_RESULT] current=97 target=75 rmse=0.26134 mean=0.14684 max=1.14549 max_id=65 pairs=75 suspicious=1[0m
[rtabmap-46] [33m[ WARN] (2026-07-31 22:16:49.588) Rtabmap.cpp:4488::process() [ROVER] LOOP_EVENT before=75, after=75, new_loops=1[0m
[rtabmap-46] [33m[ WARN] (2026-07-31 22:16:49.588) Rtabmap.cpp:4496::process() [ROVER] Added link 97 -> 75[0m
[rtabmap-46] [0m[INFO] [1785507409.727377255] [rtabmap]: rtabmap (97): Rate=1.00s, Limit=0.000s, Conversion=0.0007s, RTAB-Map=0.3664s, Maps update=0.1160s pub=0.0202s delay=0.2130s (local map=75, WM=75)[0m
[planner_server-50] [INFO] [1785507409.736633905] [global_costmap.global_costmap]: StaticLayer: Resizing costmap to 317 X 293 at 0.050000 m/pix
[controller_server-48] [INFO] [1785507409.896975145] [local_costmap.local_costmap]: StaticLayer: Resizing static layer to 317 X 293 at 0.050000 m/pix
[controller_server-48] [INFO] [1785507410.301487572] [controller_server]: Passing new path to controller.
[controller_server-48] [INFO] [1785507411.301477368] [controller_server]: Passing new path to controller.
[controller_server-48] [INFO] [1785507412.351463508] [controller_server]: Passing new path to controller.
[controller_server-48] [INFO] [1785507412.411159312] [controller_server]: Reached the goal!
[controller_server-48] [INFO] [1785507412.411772224] [controller_server]: Optimizer reset
[bt_navigator-53] [INFO] [1785507412.432896550] [bt_navigator]: Goal succeeded
[exploration_manager-60] [INFO] [1785507412.434645513] [exploration_manager]: Navigation finished. status=4, error_code=0, error_msg=
[rtabmap-46] [33m[ WARN] (2026-07-31 22:16:52.540) Rtabmap.cpp:3543::process() Rejected loop closure 74 -> 98: Not enough inliers 0/10 (matches=47) between 74 and 98[0m
[rtabmap-46] [0m[INFO] [1785507412.561788467] [rtabmap]: rtabmap (98): Rate=1.00s, Limit=0.000s, Conversion=0.0009s, RTAB-Map=0.2258s, Maps update=0.0086s pub=0.0106s delay=0.1110s (local map=76, WM=76)[0m
[exploration_manager-60] [INFO] [1785507413.573456827] [exploration_manager]: === Exploration Step ===
[exploration_manager-60] [INFO] [1785507413.576383136] [exploration_manager]: Calling compute_next_goal()
[exploration_manager-60] [INFO] [1785507413.577569233] [exploration_manager]: DEBUG: compute_next_goal entered
[exploration_manager-60] [INFO] [1785507413.591502927] [exploration_manager]: Map stats: width=317, height=293, free=51460, occupied=1313, unknown=40108
[exploration_manager-60] [INFO] [1785507413.723610736] [exploration_manager]: Frontier cluster candidate: size=1103, unknown=1503, distance=3.82, revisit_penalty=0.0, score=1685.41, goal=(0.62, -2.17)
[exploration_manager-60] [INFO] [1785507413.726103064] [exploration_manager]: Frontier cluster candidate: size=33, unknown=1184, distance=4.49, revisit_penalty=0.0, score=1145.67, goal=(5.62, -6.12)
[exploration_manager-60] [INFO] [1785507413.729057646] [exploration_manager]: Frontier cluster candidate: size=148, unknown=1424, distance=4.78, revisit_penalty=0.0, score=1405.84, goal=(8.07, -4.87)
[exploration_manager-60] [INFO] [1785507413.731329568] [exploration_manager]: Frontier cluster candidate: size=592, unknown=1172, distance=4.36, revisit_penalty=0.0, score=1246.82, goal=(8.77, -1.52)
[exploration_manager-60] [INFO] [1785507413.733909086] [exploration_manager]: Frontier cluster candidate: size=52, unknown=959, distance=7.06, revisit_penalty=0.0, score=898.85, goal=(9.22, 3.38)
[exploration_manager-60] [INFO] [1785507413.736695950] [exploration_manager]: Frontier cluster candidate: size=41, unknown=1379, distance=9.03, revisit_penalty=0.0, score=1296.90, goal=(-1.98, 4.58)
[exploration_manager-60] [INFO] [1785507413.739259698] [exploration_manager]: Frontier cluster candidate: size=78, unknown=1302, distance=7.89, revisit_penalty=0.0, score=1238.69, goal=(7.82, 5.33)
[exploration_manager-60] [INFO] [1785507413.741362607] [exploration_manager]: Frontier cluster candidate: size=24, unknown=1182, distance=8.28, revisit_penalty=0.0, score=1104.03, goal=(-0.48, 4.88)
[exploration_manager-60] [INFO] [1785507413.744923307] [exploration_manager]: Frontier cluster candidate: size=93, unknown=1087, distance=8.07, revisit_penalty=0.0, score=1024.91, goal=(0.72, 5.38)
[exploration_manager-60] [INFO] [1785507413.748014266] [exploration_manager]: Frontier cluster candidate: size=196, unknown=764, distance=8.59, revisit_penalty=0.0, score=717.32, goal=(3.87, 6.78)
[exploration_manager-60] [INFO] [1785507413.749678450] [exploration_manager]: Frontier candidates=2720, clusters=84, valid_clusters=10
[exploration_manager-60] [INFO] [1785507413.750643013] [exploration_manager]: DEBUG: calling visualize_debug()
[gazebo-1] [WARN] [1785507413.760336774] [diffdrive_controller]: Ignoring the received message (timestamp 99.5550000000) because it is older than the current time by 0.5220000000 seconds, which exceeds the allowed timeout (0.5000)
[gazebo-1] [WARN] [1785507413.830489022] [diffdrive_controller]: Ignoring the received message (timestamp 99.5550000000) because it is older than the current time by 0.5460000000 seconds, which exceeds the allowed timeout (0.5000)
[gazebo-1] [WARN] [1785507413.904817379] [diffdrive_controller]: Ignoring the received message (timestamp 99.5550000000) because it is older than the current time by 0.5700000000 seconds, which exceeds the allowed timeout (0.5000)
[gazebo-1] [WARN] [1785507413.957701150] [diffdrive_controller]: Ignoring the received message (timestamp 99.5550000000) because it is older than the current time by 0.5970000000 seconds, which exceeds the allowed timeout (0.5000)
[gazebo-1] [WARN] [1785507414.017809329] [diffdrive_controller]: Ignoring the received message (timestamp 99.5550000000) because it is older than the current time by 0.6210000000 seconds, which exceeds the allowed timeout (0.5000)
[gazebo-1] [WARN] [1785507414.087279103] [diffdrive_controller]: Ignoring the received message (timestamp 99.5550000000) because it is older than the current time by 0.6450000000 seconds, which exceeds the allowed timeout (0.5000)
[gazebo-1] [WARN] [1785507414.167613184] [diffdrive_controller]: Ignoring the received message (timestamp 99.5550000000) because it is older than the current time by 0.6720000000 seconds, which exceeds the allowed timeout (0.5000)
[gazebo-1] [WARN] [1785507414.213032363] [diffdrive_controller]: Ignoring the received message (timestamp 99.5550000000) because it is older than the current time by 0.6960000000 seconds, which exceeds the allowed timeout (0.5000)
[gazebo-1] [WARN] [1785507414.269349231] [diffdrive_controller]: Ignoring the received message (timestamp 99.5550000000) because it is older than the current time by 0.7200000000 seconds, which exceeds the allowed timeout (0.5000)
[gazebo-1] [WARN] [1785507414.351090181] [diffdrive_controller]: Ignoring the received message (timestamp 99.5550000000) because it is older than the current time by 0.7470000000 seconds, which exceeds the allowed timeout (0.5000)
[exploration_manager-60] [INFO] [1785507414.405247495] [exploration_manager]: Debug map saved to: /home/tsehsun/frontier_debug/frontier_debug_latest.png
[exploration_manager-60] [INFO] [1785507414.406617036] [exploration_manager]: Best frontier cluster selected: cluster_size=1103, unknown=1503, score=1685.41, x=0.62, y=-2.17, dist=3.82
[exploration_manager-60] [INFO] [1785507414.408952122] [exploration_manager]: Goal generated successfully.
[exploration_manager-60] [INFO] [1785507414.410497482] [exploration_manager]: Sending frontier goal to Nav2: x=0.62, y=-2.17
[bt_navigator-53] [INFO] [1785507414.411593270] [bt_navigator]: Begin navigating from current location (4.42, -1.79) to (0.62, -2.17)
[gazebo-1] [WARN] [1785507414.413442975] [diffdrive_controller]: Ignoring the received message (timestamp 99.5550000000) because it is older than the current time by 0.7710000000 seconds, which exceeds the allowed timeout (0.5000)
[exploration_manager-60] [INFO] [1785507414.415364862] [exploration_manager]: Navigation goal accepted.
[controller_server-48] [INFO] [1785507414.432861752] [controller_server]: Received a goal, begin computing control effort.
[gazebo-1] [WARN] [1785507414.463997857] [diffdrive_controller]: Ignoring the received message (timestamp 99.5550000000) because it is older than the current time by 0.7950000000 seconds, which exceeds the allowed timeout (0.5000)
[rtabmap-46] [33m[ WARN] (2026-07-31 22:16:55.154) Rtabmap.cpp:3543::process() Rejected loop closure 75 -> 99: Not enough inliers 0/10 (matches=49) between 75 and 99[0m
[rtabmap-46] [0m[INFO] [1785507415.167513140] [rtabmap]: rtabmap (99): Rate=1.00s, Limit=0.000s, Conversion=0.0007s, RTAB-Map=0.1906s, Maps update=0.0081s pub=0.0022s delay=0.0960s (local map=76, WM=76)[0m
[controller_server-48] [WARN] [1785507415.234172052] [controller_server]: Control loop missed its desired rate of 20.0000 Hz. Current loop rate is 66.6667 Hz.
[controller_server-48] [WARN] [1785507415.335104994] [controller_server]: Control loop missed its desired rate of 20.0000 Hz. Current loop rate is 55.5556 Hz.
[controller_server-48] [INFO] [1785507415.485274403] [controller_server]: Passing new path to controller.
[controller_server-48] [WARN] [1785507416.196399188] [controller_server]: Control loop missed its desired rate of 20.0000 Hz. Current loop rate is 66.6667 Hz.
[controller_server-48] [WARN] [1785507416.397688658] [controller_server]: Control loop missed its desired rate of 20.0000 Hz. Current loop rate is 166.6667 Hz.
[controller_server-48] [INFO] [1785507416.497865447] [controller_server]: Passing new path to controller.
[controller_server-48] [WARN] [1785507417.498953702] [controller_server]: Control loop missed its desired rate of 20.0000 Hz. Current loop rate is 66.6667 Hz.
[controller_server-48] [INFO] [1785507417.549105847] [controller_server]: Passing new path to controller.
[rtabmap-46] [31m[ERROR] (2026-07-31 22:16:57.908) Rtabmap.cpp:3569::process() [ROVER] TRY_ADD_GLOBAL current=100 target=75[0m
[rtabmap-46] [31m[ERROR] (2026-07-31 22:16:57.908) Rtabmap.cpp:3576::process() [ROVER] ADD_RESULT rejected=0[0m
[rtabmap-46] [33m[ WARN] (2026-07-31 22:16:57.955) Rtabmap.cpp:4334::process() [ROVER_PAIR] valid=1 pairs=77 first=1 last=100[0m
[rtabmap-46] [33m[ WARN] (2026-07-31 22:16:57.955) Rtabmap.cpp:4352::process() [ROVER_POINT] first=(1 -0.00 -0.00 -> 0.00 0.00) last=(100 4.42 -1.79 -> 4.49 -1.16)[0m
[rtabmap-46] [33m[ WARN] (2026-07-31 22:16:57.956) Rtabmap.cpp:4373::process() [ROVER_SET] before=77 after=77[0m
[rtabmap-46] [33m[ WARN] (2026-07-31 22:16:57.956) Rtabmap.cpp:4387::process() [ROVER_CENTER] before=(2.751 0.820) after=(2.716 0.920)[0m
[rtabmap-46] [33m[ WARN] (2026-07-31 22:16:57.956) Rtabmap.cpp:4409::process() [ROVER_TRANSFORM] scale=1.00000 yaw=-2.168deg tx=0.002 ty=0.003[0m
[rtabmap-46] [33m[ WARN] (2026-07-31 22:16:57.956) Rtabmap.cpp:4428::process() [ROVER_SET] first_before=(-0.00 -0.00) first_after=(0.00 0.00)[0m
[rtabmap-46] [33m[ WARN] (2026-07-31 22:16:57.956) Rtabmap.cpp:4453::process() [ROVER_RESULT] current=100 target=75 rmse=0.20037 mean=0.14578 max=0.55575 max_id=66 pairs=77 suspicious=1[0m
[rtabmap-46] [33m[ WARN] (2026-07-31 22:16:57.956) Rtabmap.cpp:4488::process() [ROVER] LOOP_EVENT before=77, after=77, new_loops=1[0m
[rtabmap-46] [33m[ WARN] (2026-07-31 22:16:57.956) Rtabmap.cpp:4496::process() [ROVER] Added link 100 -> 75[0m
[rtabmap-46] [0m[INFO] [1785507418.099217041] [rtabmap]: rtabmap (100): Rate=1.00s, Limit=0.000s, Conversion=0.0008s, RTAB-Map=0.3739s, Maps update=0.1166s pub=0.0242s delay=0.1770s (local map=77, WM=77)[0m
[controller_server-48] [INFO] [1785507418.297083033] [local_costmap.local_costmap]: StaticLayer: Resizing static layer to 315 X 286 at 0.050000 m/pix
[controller_server-48] [INFO] [1785507418.549113819] [controller_server]: Passing new path to controller.
[planner_server-50] [INFO] [1785507418.736662732] [global_costmap.global_costmap]: StaticLayer: Resizing costmap to 315 X 286 at 0.050000 m/pix
[controller_server-48] [WARN] [1785507419.450309886] [controller_server]: Control loop missed its desired rate of 20.0000 Hz. Current loop rate is 83.3333 Hz.
[controller_server-48] [WARN] [1785507419.551455888] [controller_server]: Control loop missed its desired rate of 20.0000 Hz. Current loop rate is 66.6667 Hz.
[controller_server-48] [INFO] [1785507419.601612571] [controller_server]: Passing new path to controller.
[controller_server-48] [INFO] [1785507420.601629190] [controller_server]: Passing new path to controller.
[rtabmap-46] [31m[ERROR] (2026-07-31 22:17:00.885) Rtabmap.cpp:3569::process() [ROVER] TRY_ADD_GLOBAL current=101 target=89[0m
[rtabmap-46] [31m[ERROR] (2026-07-31 22:17:00.885) Rtabmap.cpp:3576::process() [ROVER] ADD_RESULT rejected=0[0m
[controller_server-48] [WARN] [1785507420.912931677] [controller_server]: Control loop missed its desired rate of 20.0000 Hz. Current loop rate is 55.5556 Hz.
[rtabmap-46] [33m[ WARN] (2026-07-31 22:17:00.938) Rtabmap.cpp:4334::process() [ROVER_PAIR] valid=1 pairs=78 first=1 last=101[0m
[rtabmap-46] [33m[ WARN] (2026-07-31 22:17:00.938) Rtabmap.cpp:4352::process() [ROVER_POINT] first=(1 0.00 0.00 -> -0.00 -0.00) last=(101 4.49 -1.16 -> 4.71 -1.55)[0m
[rtabmap-46] [33m[ WARN] (2026-07-31 22:17:00.938) Rtabmap.cpp:4373::process() [ROVER_SET] before=78 after=78[0m
[rtabmap-46] [33m[ WARN] (2026-07-31 22:17:00.938) Rtabmap.cpp:4387::process() [ROVER_CENTER] before=(2.739 0.894) after=(2.759 0.890)[0m
[rtabmap-46] [33m[ WARN] (2026-07-31 22:17:00.938) Rtabmap.cpp:4409::process() [ROVER_TRANSFORM] scale=1.00000 yaw=-1.347deg tx=-0.041 ty=0.069[0m
[rtabmap-46] [33m[ WARN] (2026-07-31 22:17:00.938) Rtabmap.cpp:4428::process() [ROVER_SET] first_before=(0.00 0.00) first_after=(-0.00 -0.00)[0m
[rtabmap-46] [33m[ WARN] (2026-07-31 22:17:00.938) Rtabmap.cpp:4453::process() [ROVER_RESULT] current=101 target=89 rmse=0.19960 mean=0.13590 max=0.62619 max_id=61 pairs=78 suspicious=1[0m
[rtabmap-46] [33m[ WARN] (2026-07-31 22:17:00.938) Rtabmap.cpp:4488::process() [ROVER] LOOP_EVENT before=78, after=78, new_loops=1[0m
[rtabmap-46] [33m[ WARN] (2026-07-31 22:17:00.938) Rtabmap.cpp:4496::process() [ROVER] Added link 101 -> 89[0m
[controller_server-48] [WARN] [1785507421.024415029] [controller_server]: Control loop missed its desired rate of 20.0000 Hz. Current loop rate is 55.5556 Hz.
[rtabmap-46] [0m[INFO] [1785507421.090356238] [rtabmap]: rtabmap (101): Rate=1.00s, Limit=0.000s, Conversion=0.0007s, RTAB-Map=0.4028s, Maps update=0.1280s pub=0.0215s delay=0.2010s (local map=78, WM=78)[0m
[controller_server-48] [INFO] [1785507421.125375994] [local_costmap.local_costmap]: StaticLayer: Resizing static layer to 319 X 297 at 0.050000 m/pix
[controller_server-48] [WARN] [1785507421.125516799] [controller_server]: Control loop missed its desired rate of 20.0000 Hz. Current loop rate is 66.6667 Hz.
[controller_server-48] [WARN] [1785507421.178301146] [controller_server]: Control loop missed its desired rate of 20.0000 Hz. Current loop rate is 55.5556 Hz.
[controller_server-48] [WARN] [1785507421.229340814] [controller_server]: Control loop missed its desired rate of 20.0000 Hz. Current loop rate is 55.5556 Hz.
[controller_server-48] [WARN] [1785507421.330586083] [controller_server]: Control loop missed its desired rate of 20.0000 Hz. Current loop rate is 66.6667 Hz.
[controller_server-48] [INFO] [1785507421.630935975] [controller_server]: Passing new path to controller.
[planner_server-50] [INFO] [1785507421.736643331] [global_costmap.global_costmap]: StaticLayer: Resizing costmap to 319 X 297 at 0.050000 m/pix
[controller_server-48] [WARN] [1785507422.041973973] [controller_server]: Control loop missed its desired rate of 20.0000 Hz. Current loop rate is 83.3333 Hz.
[controller_server-48] [WARN] [1785507422.444267259] [controller_server]: Control loop missed its desired rate of 20.0000 Hz. Current loop rate is 111.1111 Hz.
[controller_server-48] [INFO] [1785507422.644446698] [controller_server]: Passing new path to controller.
[controller_server-48] [WARN] [1785507422.995314494] [controller_server]: Control loop missed its desired rate of 20.0000 Hz. Current loop rate is 47.6190 Hz.
[controller_server-48] [WARN] [1785507423.567617867] [controller_server]: Control loop missed its desired rate of 20.0000 Hz. Current loop rate is 47.6190 Hz.
[controller_server-48] [INFO] [1785507423.667859467] [controller_server]: Passing new path to controller.
[rtabmap-46] [31m[ERROR] (2026-07-31 22:17:03.718) Rtabmap.cpp:3569::process() [ROVER] TRY_ADD_GLOBAL current=102 target=91[0m
[rtabmap-46] [31m[ERROR] (2026-07-31 22:17:03.718) Rtabmap.cpp:3576::process() [ROVER] ADD_RESULT rejected=0[0m
[controller_server-48] [WARN] [1785507423.739549998] [controller_server]: Control loop missed its desired rate of 20.0000 Hz. Current loop rate is 55.5556 Hz.
[rtabmap-46] [33m[ WARN] (2026-07-31 22:17:03.766) Rtabmap.cpp:4334::process() [ROVER_PAIR] valid=1 pairs=79 first=1 last=102[0m
[rtabmap-46] [33m[ WARN] (2026-07-31 22:17:03.766) Rtabmap.cpp:4352::process() [ROVER_POINT] first=(1 -0.00 -0.00 -> 0.00 -0.00) last=(102 4.71 -1.55 -> 4.80 -1.55)[0m
[rtabmap-46] [33m[ WARN] (2026-07-31 22:17:03.767) Rtabmap.cpp:4373::process() [ROVER_SET] before=79 after=79[0m
[rtabmap-46] [33m[ WARN] (2026-07-31 22:17:03.767) Rtabmap.cpp:4387::process() [ROVER_CENTER] before=(2.784 0.859) after=(2.856 0.875)[0m
[rtabmap-46] [33m[ WARN] (2026-07-31 22:17:03.767) Rtabmap.cpp:4409::process() [ROVER_TRANSFORM] scale=1.00000 yaw=0.552deg tx=-0.064 ty=-0.043[0m
[rtabmap-46] [33m[ WARN] (2026-07-31 22:17:03.767) Rtabmap.cpp:4428::process() [ROVER_SET] first_before=(-0.00 -0.00) first_after=(0.00 -0.00)[0m
[rtabmap-46] [33m[ WARN] (2026-07-31 22:17:03.767) Rtabmap.cpp:4453::process() [ROVER_RESULT] current=102 target=91 rmse=0.18860 mean=0.11122 max=0.84368 max_id=61 pairs=79 suspicious=1[0m
[rtabmap-46] [33m[ WARN] (2026-07-31 22:17:03.767) Rtabmap.cpp:4488::process() [ROVER] LOOP_EVENT before=79, after=79, new_loops=1[0m
[rtabmap-46] [33m[ WARN] (2026-07-31 22:17:03.767) Rtabmap.cpp:4496::process() [ROVER] Added link 102 -> 91[0m
[controller_server-48] [WARN] [1785507423.840684916] [controller_server]: Control loop missed its desired rate of 20.0000 Hz. Current loop rate is 66.6667 Hz.
[rtabmap-46] [0m[INFO] [1785507423.898175027] [rtabmap]: rtabmap (102): Rate=1.00s, Limit=0.000s, Conversion=0.0008s, RTAB-Map=0.3795s, Maps update=0.1078s pub=0.0206s delay=0.1980s (local map=79, WM=79)[0m
[controller_server-48] [INFO] [1785507423.931635246] [local_costmap.local_costmap]: StaticLayer: Resizing static layer to 322 X 301 at 0.050000 m/pix
[controller_server-48] [WARN] [1785507424.101862046] [controller_server]: Control loop missed its desired rate of 20.0000 Hz. Current loop rate is 66.6667 Hz.
[controller_server-48] [INFO] [1785507424.702016476] [controller_server]: Passing new path to controller.
[planner_server-50] [INFO] [1785507424.736742547] [global_costmap.global_costmap]: StaticLayer: Resizing costmap to 322 X 301 at 0.050000 m/pix
[controller_server-48] [WARN] [1785507424.863005068] [controller_server]: Control loop missed its desired rate of 20.0000 Hz. Current loop rate is 47.6190 Hz.
[controller_server-48] [WARN] [1785507425.224323080] [controller_server]: Control loop missed its desired rate of 20.0000 Hz. Current loop rate is 47.6190 Hz.
[controller_server-48] [WARN] [1785507425.535750309] [controller_server]: Control loop missed its desired rate of 20.0000 Hz. Current loop rate is 66.6667 Hz.
[controller_server-48] [INFO] [1785507425.735932372] [controller_server]: Passing new path to controller.
[controller_server-48] [WARN] [1785507425.986945321] [controller_server]: Control loop missed its desired rate of 20.0000 Hz. Current loop rate is 47.6190 Hz.
[controller_server-48] [WARN] [1785507426.358698515] [controller_server]: Control loop missed its desired rate of 20.0000 Hz. Current loop rate is 66.6667 Hz.
[rtabmap-46] [31m[ERROR] (2026-07-31 22:17:06.427) Rtabmap.cpp:3569::process() [ROVER] TRY_ADD_GLOBAL current=103 target=90[0m
[rtabmap-46] [31m[ERROR] (2026-07-31 22:17:06.427) Rtabmap.cpp:3576::process() [ROVER] ADD_RESULT rejected=0[0m
[rtabmap-46] [33m[ WARN] (2026-07-31 22:17:06.479) Rtabmap.cpp:4334::process() [ROVER_PAIR] valid=1 pairs=80 first=1 last=103[0m
[rtabmap-46] [33m[ WARN] (2026-07-31 22:17:06.479) Rtabmap.cpp:4352::process() [ROVER_POINT] first=(1 0.00 -0.00 -> 0.00 -0.00) last=(103 4.80 -1.55 -> 4.73 -1.61)[0m
[rtabmap-46] [33m[ WARN] (2026-07-31 22:17:06.479) Rtabmap.cpp:4373::process() [ROVER_SET] before=80 after=80[0m
[rtabmap-46] [33m[ WARN] (2026-07-31 22:17:06.479) Rtabmap.cpp:4387::process() [ROVER_CENTER] before=(2.881 0.844) after=(2.795 0.791)[0m
[rtabmap-46] [33m[ WARN] (2026-07-31 22:17:06.479) Rtabmap.cpp:4409::process() [ROVER_TRANSFORM] scale=1.00000 yaw=-0.277deg tx=0.082 ty=0.067[0m
[rtabmap-46] [33m[ WARN] (2026-07-31 22:17:06.479) Rtabmap.cpp:4428::process() [ROVER_SET] first_before=(0.00 -0.00) first_after=(0.00 -0.00)[0m
[rtabmap-46] [33m[ WARN] (2026-07-31 22:17:06.479) Rtabmap.cpp:4453::process() [ROVER_RESULT] current=103 target=90 rmse=0.29625 mean=0.16230 max=1.28472 max_id=63 pairs=80 suspicious=1[0m
[rtabmap-46] [33m[ WARN] (2026-07-31 22:17:06.479) Rtabmap.cpp:4488::process() [ROVER] LOOP_EVENT before=80, after=80, new_loops=1[0m
[rtabmap-46] [33m[ WARN] (2026-07-31 22:17:06.479) Rtabmap.cpp:4496::process() [ROVER] Added link 103 -> 90[0m
[rtabmap-46] [0m[INFO] [1785507426.636518561] [rtabmap]: rtabmap (103): Rate=1.00s, Limit=0.000s, Conversion=0.0009s, RTAB-Map=0.2950s, Maps update=0.1280s pub=0.0271s delay=0.1650s (local map=80, WM=80)[0m
[controller_server-48] [INFO] [1785507426.696948356] [local_costmap.local_costmap]: StaticLayer: Resizing static layer to 320 X 290 at 0.050000 m/pix
[planner_server-50] [INFO] [1785507426.736650642] [global_costmap.global_costmap]: StaticLayer: Resizing costmap to 320 X 290 at 0.050000 m/pix
[controller_server-48] [INFO] [1785507426.758906768] [controller_server]: Passing new path to controller.
[controller_server-48] [WARN] [1785507427.159956319] [controller_server]: Control loop missed its desired rate of 20.0000 Hz. Current loop rate is 66.6667 Hz.
[controller_server-48] [WARN] [1785507427.210997551] [controller_server]: Control loop missed its desired rate of 20.0000 Hz. Current loop rate is 55.5556 Hz.
[controller_server-48] [WARN] [1785507427.262168806] [controller_server]: Control loop missed its desired rate of 20.0000 Hz. Current loop rate is 66.6667 Hz.
[exploration_manager-60] [INFO] [1785507427.293207600] [exploration_manager]: === Exploration Step ===
[exploration_manager-60] [INFO] [1785507427.294058044] [exploration_manager]: Already navigating. elapsed=5.0s
[controller_server-48] [WARN] [1785507427.363575519] [controller_server]: Control loop missed its desired rate of 20.0000 Hz. Current loop rate is 66.6667 Hz.
[controller_server-48] [WARN] [1785507427.414723639] [controller_server]: Control loop missed its desired rate of 20.0000 Hz. Current loop rate is 66.6667 Hz.
[controller_server-48] [WARN] [1785507427.486258319] [controller_server]: Control loop missed its desired rate of 20.0000 Hz. Current loop rate is 66.6667 Hz.
[controller_server-48] [WARN] [1785507427.537444996] [controller_server]: Control loop missed its desired rate of 20.0000 Hz. Current loop rate is 55.5556 Hz.
[controller_server-48] [WARN] [1785507427.638827054] [controller_server]: Control loop missed its desired rate of 20.0000 Hz. Current loop rate is 66.6667 Hz.
[controller_server-48] [WARN] [1785507427.690070984] [controller_server]: Control loop missed its desired rate of 20.0000 Hz. Current loop rate is 55.5556 Hz.
[controller_server-48] [WARN] [1785507427.751663078] [controller_server]: Control loop missed its desired rate of 20.0000 Hz. Current loop rate is 66.6667 Hz.
[controller_server-48] [WARN] [1785507427.804114697] [controller_server]: Control loop missed its desired rate of 20.0000 Hz. Current loop rate is 66.6667 Hz.
[controller_server-48] [INFO] [1785507427.804197797] [controller_server]: Passing new path to controller.
[controller_server-48] [WARN] [1785507427.855371216] [controller_server]: Control loop missed its desired rate of 20.0000 Hz. Current loop rate is 66.6667 Hz.
[controller_server-48] [WARN] [1785507427.906460209] [controller_server]: Control loop missed its desired rate of 20.0000 Hz. Current loop rate is 55.5556 Hz.
[controller_server-48] [WARN] [1785507427.958425269] [controller_server]: Control loop missed its desired rate of 20.0000 Hz. Current loop rate is 55.5556 Hz.
[controller_server-48] [WARN] [1785507428.019647357] [controller_server]: Control loop missed its desired rate of 20.0000 Hz. Current loop rate is 83.3333 Hz.
[controller_server-48] [WARN] [1785507428.121158722] [controller_server]: Control loop missed its desired rate of 20.0000 Hz. Current loop rate is 83.3333 Hz.
[controller_server-48] [WARN] [1785507428.232935145] [controller_server]: Control loop missed its desired rate of 20.0000 Hz. Current loop rate is 111.1111 Hz.
[controller_server-48] [WARN] [1785507428.344376299] [controller_server]: Control loop missed its desired rate of 20.0000 Hz. Current loop rate is 66.6667 Hz.
[controller_server-48] [WARN] [1785507428.445678863] [controller_server]: Control loop missed its desired rate of 20.0000 Hz. Current loop rate is 83.3333 Hz.
[controller_server-48] [WARN] [1785507428.546977736] [controller_server]: Control loop missed its desired rate of 20.0000 Hz. Current loop rate is 111.1111 Hz.
[controller_server-48] [INFO] [1785507428.847147374] [controller_server]: Passing new path to controller.
[controller_server-48] [WARN] [1785507428.908406260] [controller_server]: Control loop missed its desired rate of 20.0000 Hz. Current loop rate is 66.6667 Hz.
[controller_server-48] [WARN] [1785507429.009403374] [controller_server]: Control loop missed its desired rate of 20.0000 Hz. Current loop rate is 66.6667 Hz.
[controller_server-48] [WARN] [1785507429.160832419] [controller_server]: Control loop missed its desired rate of 20.0000 Hz. Current loop rate is 55.5556 Hz.
[controller_server-48] [WARN] [1785507429.211876986] [controller_server]: Control loop missed its desired rate of 20.0000 Hz. Current loop rate is 66.6667 Hz.
[rtabmap-46] [0m[INFO] [1785507429.576114475] [rtabmap]: rtabmap (104): Rate=1.00s, Limit=0.000s, Conversion=0.0009s, RTAB-Map=0.1867s, Maps update=0.0087s pub=0.0112s delay=0.0930s (local map=81, WM=81)[0m
[controller_server-48] [WARN] [1785507429.762905615] [controller_server]: Control loop missed its desired rate of 20.0000 Hz. Current loop rate is 66.6667 Hz.
[controller_server-48] [WARN] [1785507429.864400990] [controller_server]: Control loop missed its desired rate of 20.0000 Hz. Current loop rate is 66.6667 Hz.
[controller_server-48] [INFO] [1785507429.864494406] [controller_server]: Passing new path to controller.
[controller_server-48] [WARN] [1785507429.975570428] [controller_server]: Control loop missed its desired rate of 20.0000 Hz. Current loop rate is 66.6667 Hz.
[controller_server-48] [WARN] [1785507430.376629398] [controller_server]: Control loop missed its desired rate of 20.0000 Hz. Current loop rate is 83.3333 Hz.
[controller_server-48] [INFO] [1785507430.876856106] [controller_server]: Passing new path to controller.
[controller_server-48] [WARN] [1785507431.878047154] [controller_server]: Control loop missed its desired rate of 20.0000 Hz. Current loop rate is 66.6667 Hz.
[controller_server-48] [INFO] [1785507431.928234877] [controller_server]: Passing new path to controller.
[controller_server-48] [WARN] [1785507432.229325530] [controller_server]: Control loop missed its desired rate of 20.0000 Hz. Current loop rate is 83.3333 Hz.
[rtabmap-46] [0m[INFO] [1785507432.512029377] [rtabmap]: rtabmap (105): Rate=1.00s, Limit=0.000s, Conversion=0.0006s, RTAB-Map=0.1469s, Maps update=0.0075s pub=0.0099s delay=0.0810s (local map=82, WM=82)[0m
[controller_server-48] [WARN] [1785507432.540926790] [controller_server]: Control loop missed its desired rate of 20.0000 Hz. Current loop rate is 41.6667 Hz.
[controller_server-48] [INFO] [1785507432.941100170] [controller_server]: Passing new path to controller.
[controller_server-48] [INFO] [1785507433.991099908] [controller_server]: Passing new path to controller.
[controller_server-48] [INFO] [1785507435.041405548] [controller_server]: Passing new path to controller.
[rtabmap-46] [0m[INFO] [1785507435.303037669] [rtabmap]: rtabmap (106): Rate=1.00s, Limit=0.000s, Conversion=0.0007s, RTAB-Map=0.1686s, Maps update=0.0068s pub=0.0119s delay=0.0930s (local map=83, WM=83)[0m
[controller_server-48] [INFO] [1785507436.041107189] [controller_server]: Passing new path to controller.
[controller_server-48] [INFO] [1785507437.091109228] [controller_server]: Passing new path to controller.
[rtabmap-46] [0m[INFO] [1785507437.927479165] [rtabmap]: rtabmap (107): Rate=1.00s, Limit=0.000s, Conversion=0.0009s, RTAB-Map=0.1879s, Maps update=0.0094s pub=0.0126s delay=0.0960s (local map=84, WM=84)[0m
[controller_server-48] [INFO] [1785507438.091124372] [controller_server]: Passing new path to controller.
[controller_server-48] [INFO] [1785507439.141125279] [controller_server]: Passing new path to controller.
[controller_server-48] [INFO] [1785507440.141121560] [controller_server]: Passing new path to controller.
[rtabmap-46] [0m[INFO] [1785507440.543731384] [rtabmap]: rtabmap (108): Rate=1.00s, Limit=0.000s, Conversion=0.0009s, RTAB-Map=0.1909s, Maps update=0.0102s pub=0.0196s delay=0.0960s (local map=85, WM=85)[0m
[exploration_manager-60] [INFO] [1785507441.049759285] [exploration_manager]: === Exploration Step ===
[exploration_manager-60] [INFO] [1785507441.051019592] [exploration_manager]: Already navigating. elapsed=10.0s
[controller_server-48] [INFO] [1785507441.191161074] [controller_server]: Passing new path to controller.
[controller_server-48] [WARN] [1785507441.254726072] [controller_server]: Control loop missed its desired rate of 20.0000 Hz. Current loop rate is 37.0370 Hz.
[controller_server-48] [INFO] [1785507442.204903190] [controller_server]: Passing new path to controller.
[controller_server-48] [INFO] [1785507443.205022463] [controller_server]: Passing new path to controller.
[rtabmap-46] [0m[INFO] [1785507443.217081844] [rtabmap]: rtabmap (109): Rate=1.00s, Limit=0.000s, Conversion=0.0009s, RTAB-Map=0.2007s, Maps update=0.0103s pub=0.0168s delay=0.1230s (local map=86, WM=86)[0m
[controller_server-48] [INFO] [1785507444.254910956] [controller_server]: Passing new path to controller.
[controller_server-48] [INFO] [1785507445.254899763] [controller_server]: Passing new path to controller.
[rtabmap-46] [0m[INFO] [1785507445.777535047] [rtabmap]: rtabmap (110): Rate=1.00s, Limit=0.000s, Conversion=0.0006s, RTAB-Map=0.1688s, Maps update=0.0075s pub=0.0154s delay=0.0960s (local map=87, WM=87)[0m
[controller_server-48] [INFO] [1785507446.304890193] [controller_server]: Passing new path to controller.
[controller_server-48] [INFO] [1785507447.304896831] [controller_server]: Passing new path to controller.
[controller_server-48] [WARN] [1785507447.366720917] [controller_server]: Control loop missed its desired rate of 20.0000 Hz. Current loop rate is 47.6190 Hz.
[controller_server-48] [INFO] [1785507448.366880654] [controller_server]: Passing new path to controller.
[rtabmap-46] [0m[INFO] [1785507448.458053899] [rtabmap]: rtabmap (111): Rate=1.00s, Limit=0.000s, Conversion=0.0006s, RTAB-Map=0.1870s, Maps update=0.0066s pub=0.0117s delay=0.1140s (local map=88, WM=88)[0m
[controller_server-48] [INFO] [1785507449.366879326] [controller_server]: Passing new path to controller.
[controller_server-48] [WARN] [1785507449.420192192] [controller_server]: Control loop missed its desired rate of 20.0000 Hz. Current loop rate is 55.5556 Hz.
[controller_server-48] [INFO] [1785507450.420367342] [controller_server]: Passing new path to controller.
[rtabmap-46] [0m[INFO] [1785507451.178281556] [rtabmap]: rtabmap (112): Rate=1.00s, Limit=0.000s, Conversion=0.0008s, RTAB-Map=0.1649s, Maps update=0.0075s pub=0.0119s delay=0.1020s (local map=89, WM=89)[0m
[controller_server-48] [INFO] [1785507451.420361752] [controller_server]: Passing new path to controller.
[controller_server-48] [INFO] [1785507452.470374738] [controller_server]: Passing new path to controller.
[controller_server-48] [INFO] [1785507453.520364985] [controller_server]: Passing new path to controller.
[rtabmap-46] [0m[INFO] [1785507453.942379343] [rtabmap]: rtabmap (113): Rate=1.00s, Limit=0.000s, Conversion=0.0006s, RTAB-Map=0.1660s, Maps update=0.0074s pub=0.0133s delay=0.1020s (local map=90, WM=90)[0m
[exploration_manager-60] [INFO] [1785507454.214954663] [exploration_manager]: === Exploration Step ===
[exploration_manager-60] [INFO] [1785507454.216013325] [exploration_manager]: Already navigating. elapsed=15.0s
[controller_server-48] [INFO] [1785507454.520357132] [controller_server]: Passing new path to controller.
[controller_server-48] [INFO] [1785507455.570411746] [controller_server]: Passing new path to controller.
[controller_server-48] [INFO] [1785507456.570361765] [controller_server]: Passing new path to controller.
[rtabmap-46] [0m[INFO] [1785507456.640700064] [rtabmap]: rtabmap (114): Rate=1.00s, Limit=0.000s, Conversion=0.0005s, RTAB-Map=0.1488s, Maps update=0.0070s pub=0.0141s delay=0.0780s (local map=91, WM=91)[0m
[controller_server-48] [INFO] [1785507457.620377720] [controller_server]: Passing new path to controller.
[controller_server-48] [INFO] [1785507458.670366010] [controller_server]: Passing new path to controller.
[rtabmap-46] [0m[INFO] [1785507459.410279408] [rtabmap]: rtabmap (115): Rate=1.00s, Limit=0.000s, Conversion=0.0009s, RTAB-Map=0.1330s, Maps update=0.0083s pub=0.0123s delay=0.0870s (local map=92, WM=92)[0m
[controller_server-48] [INFO] [1785507459.670369418] [controller_server]: Passing new path to controller.
[controller_server-48] [INFO] [1785507460.720359125] [controller_server]: Passing new path to controller.
[controller_server-48] [INFO] [1785507461.770365101] [controller_server]: Passing new path to controller.
[rtabmap-46] [0m[INFO] [1785507462.103688226] [rtabmap]: rtabmap (116): Rate=1.00s, Limit=0.000s, Conversion=0.0007s, RTAB-Map=0.1388s, Maps update=0.0072s pub=0.0189s delay=0.0690s (local map=93, WM=93)[0m
[controller_server-48] [INFO] [1785507462.770361941] [controller_server]: Passing new path to controller.
[controller_server-48] [INFO] [1785507463.820365565] [controller_server]: Passing new path to controller.
[controller_server-48] [INFO] [1785507464.821093295] [controller_server]: Passing new path to controller.
[rtabmap-46] [0m[INFO] [1785507464.883330094] [rtabmap]: rtabmap (117): Rate=1.00s, Limit=0.000s, Conversion=0.0009s, RTAB-Map=0.1232s, Maps update=0.0069s pub=0.0152s delay=0.0660s (local map=94, WM=94)[0m
[controller_server-48] [INFO] [1785507465.870425562] [controller_server]: Passing new path to controller.
[controller_server-48] [INFO] [1785507466.920360874] [controller_server]: Passing new path to controller.
[rtabmap-46] [0m[INFO] [1785507467.676097167] [rtabmap]: rtabmap (118): Rate=1.00s, Limit=0.000s, Conversion=0.0009s, RTAB-Map=0.1263s, Maps update=0.0077s pub=0.0166s delay=0.0660s (local map=95, WM=95)[0m
[exploration_manager-60] [INFO] [1785507467.721420112] [exploration_manager]: === Exploration Step ===
[exploration_manager-60] [INFO] [1785507467.722720848] [exploration_manager]: Already navigating. elapsed=20.0s
[controller_server-48] [INFO] [1785507467.920505888] [controller_server]: Passing new path to controller.
[controller_server-48] [INFO] [1785507468.970366872] [controller_server]: Passing new path to controller.
[controller_server-48] [INFO] [1785507470.020358644] [controller_server]: Passing new path to controller.
[rtabmap-46] [0m[INFO] [1785507470.486154254] [rtabmap]: rtabmap (119): Rate=1.00s, Limit=0.000s, Conversion=0.0007s, RTAB-Map=0.1087s, Maps update=0.0070s pub=0.0172s delay=0.0660s (local map=96, WM=96)[0m
[controller_server-48] [INFO] [1785507471.020368813] [controller_server]: Passing new path to controller.
[controller_server-48] [INFO] [1785507472.070364186] [controller_server]: Passing new path to controller.
[controller_server-48] [INFO] [1785507473.070357833] [controller_server]: Passing new path to controller.
[rtabmap-46] [0m[INFO] [1785507473.246656709] [rtabmap]: rtabmap (120): Rate=1.00s, Limit=0.000s, Conversion=0.0008s, RTAB-Map=0.1124s, Maps update=0.0086s pub=0.0134s delay=0.0750s (local map=97, WM=97)[0m
[controller_server-48] [INFO] [1785507474.120360353] [controller_server]: Passing new path to controller.
[controller_server-48] [INFO] [1785507475.120364773] [controller_server]: Passing new path to controller.
[rtabmap-46] [0m[INFO] [1785507475.966815328] [rtabmap]: rtabmap (121): Rate=1.00s, Limit=0.000s, Conversion=0.0006s, RTAB-Map=0.1223s, Maps update=0.0088s pub=0.0131s delay=0.0810s (local map=98, WM=98)[0m
[controller_server-48] [INFO] [1785507476.170360998] [controller_server]: Passing new path to controller.
[controller_server-48] [INFO] [1785507477.220362287] [controller_server]: Passing new path to controller.
[controller_server-48] [WARN] [1785507477.272134306] [controller_server]: Control loop missed its desired rate of 20.0000 Hz. Current loop rate is 55.5556 Hz.
[controller_server-48] [INFO] [1785507478.222371813] [controller_server]: Passing new path to controller.
[rtabmap-46] [31m[ERROR] (2026-07-31 22:17:58.854) Rtabmap.cpp:3569::process() [ROVER] TRY_ADD_GLOBAL current=122 target=27[0m
[rtabmap-46] [31m[ERROR] (2026-07-31 22:17:58.854) Rtabmap.cpp:3576::process() [ROVER] ADD_RESULT rejected=0[0m
[rtabmap-46] [33m[ WARN] (2026-07-31 22:17:58.909) Rtabmap.cpp:4334::process() [ROVER_PAIR] valid=1 pairs=99 first=1 last=122[0m
[rtabmap-46] [33m[ WARN] (2026-07-31 22:17:58.909) Rtabmap.cpp:4352::process() [ROVER_POINT] first=(1 0.00 -0.00 -> -0.00 -0.00) last=(122 0.69 -2.27 -> 0.91 -1.18)[0m
[rtabmap-46] [33m[ WARN] (2026-07-31 22:17:58.909) Rtabmap.cpp:4373::process() [ROVER_SET] before=99 after=99[0m
[rtabmap-46] [33m[ WARN] (2026-07-31 22:17:58.909) Rtabmap.cpp:4387::process() [ROVER_CENTER] before=(2.790 0.278) after=(2.896 0.676)[0m
[rtabmap-46] [33m[ WARN] (2026-07-31 22:17:58.909) Rtabmap.cpp:4409::process() [ROVER_TRANSFORM] scale=1.00000 yaw=-4.171deg tx=-0.148 ty=-0.186[0m
[rtabmap-46] [33m[ WARN] (2026-07-31 22:17:58.909) Rtabmap.cpp:4428::process() [ROVER_SET] first_before=(0.00 -0.00) first_after=(-0.00 -0.00)[0m
[rtabmap-46] [33m[ WARN] (2026-07-31 22:17:58.909) Rtabmap.cpp:4453::process() [ROVER_RESULT] current=122 target=27 rmse=0.37163 mean=0.26087 max=1.37465 max_id=64 pairs=99 suspicious=1[0m
[rtabmap-46] [33m[ WARN] (2026-07-31 22:17:58.909) Rtabmap.cpp:4488::process() [ROVER] LOOP_EVENT before=99, after=99, new_loops=1[0m
[rtabmap-46] [33m[ WARN] (2026-07-31 22:17:58.909) Rtabmap.cpp:4496::process() [ROVER] Added link 122 -> 27[0m
[rtabmap-46] [0m[INFO] [1785507479.105213579] [rtabmap]: rtabmap (122): Rate=1.00s, Limit=0.000s, Conversion=0.0006s, RTAB-Map=0.3008s, Maps update=0.1576s pub=0.0355s delay=0.1950s (local map=99, WM=99)[0m
[motion_control-34] [WARN] [1785507479.266289148] [motion_control]: Ignoring velocities commanded while an autonomous behavior is running!
[controller_server-48] [INFO] [1785507479.272306655] [controller_server]: Passing new path to controller.
[controller_server-48] [INFO] [1785507479.296963545] [local_costmap.local_costmap]: StaticLayer: Resizing static layer to 327 X 290 at 0.050000 m/pix
[planner_server-50] [INFO] [1785507479.736665943] [global_costmap.global_costmap]: StaticLayer: Resizing costmap to 327 X 290 at 0.050000 m/pix
[controller_server-48] [INFO] [1785507480.272279409] [controller_server]: Passing new path to controller.
[controller_server-48] [WARN] [1785507480.323750946] [controller_server]: Control loop missed its desired rate of 20.0000 Hz. Current loop rate is 111.1111 Hz.
[controller_server-48] [WARN] [1785507480.375699041] [controller_server]: Control loop missed its desired rate of 20.0000 Hz. Current loop rate is 55.5556 Hz.
[controller_server-48] [WARN] [1785507480.437035609] [controller_server]: Control loop missed its desired rate of 20.0000 Hz. Current loop rate is 55.5556 Hz.
[controller_server-48] [WARN] [1785507480.798353520] [controller_server]: Control loop missed its desired rate of 20.0000 Hz. Current loop rate is 83.3333 Hz.
[controller_server-48] [WARN] [1785507481.260551270] [controller_server]: Control loop missed its desired rate of 20.0000 Hz. Current loop rate is 47.6190 Hz.
[controller_server-48] [INFO] [1785507481.310704080] [controller_server]: Passing new path to controller.
[controller_server-48] [WARN] [1785507481.362007386] [controller_server]: Control loop missed its desired rate of 20.0000 Hz. Current loop rate is 47.6190 Hz.
[exploration_manager-60] [INFO] [1785507481.472338084] [exploration_manager]: === Exploration Step ===
[exploration_manager-60] [INFO] [1785507481.473815447] [exploration_manager]: Already navigating. elapsed=25.0s
[controller_server-48] [WARN] [1785507481.613167270] [controller_server]: Control loop missed its desired rate of 20.0000 Hz. Current loop rate is 55.5556 Hz.
[rtabmap-46] [31m[ERROR] (2026-07-31 22:18:01.888) Rtabmap.cpp:3569::process() [ROVER] TRY_ADD_GLOBAL current=123 target=12[0m
[rtabmap-46] [31m[ERROR] (2026-07-31 22:18:01.888) Rtabmap.cpp:3576::process() [ROVER] ADD_RESULT rejected=0[0m
[rtabmap-46] [33m[ WARN] (2026-07-31 22:18:01.946) Rtabmap.cpp:4334::process() [ROVER_PAIR] valid=1 pairs=100 first=1 last=123[0m
[rtabmap-46] [33m[ WARN] (2026-07-31 22:18:01.946) Rtabmap.cpp:4352::process() [ROVER_POINT] first=(1 -0.00 -0.00 -> 0.00 0.00) last=(123 0.92 -1.20 -> 1.02 -1.11)[0m
[rtabmap-46] [33m[ WARN] (2026-07-31 22:18:01.946) Rtabmap.cpp:4373::process() [ROVER_SET] before=100 after=100[0m
[rtabmap-46] [33m[ WARN] (2026-07-31 22:18:01.946) Rtabmap.cpp:4387::process() [ROVER_CENTER] before=(2.876 0.657) after=(2.861 0.732)[0m
[rtabmap-46] [33m[ WARN] (2026-07-31 22:18:01.946) Rtabmap.cpp:4409::process() [ROVER_TRANSFORM] scale=1.00000 yaw=-2.236deg tx=-0.011 ty=0.037[0m
[rtabmap-46] [33m[ WARN] (2026-07-31 22:18:01.946) Rtabmap.cpp:4428::process() [ROVER_SET] first_before=(-0.00 -0.00) first_after=(0.00 0.00)[0m
[rtabmap-46] [33m[ WARN] (2026-07-31 22:18:01.946) Rtabmap.cpp:4453::process() [ROVER_RESULT] current=123 target=12 rmse=0.16629 mean=0.09220 max=0.72726 max_id=65 pairs=100 suspicious=1[0m
[rtabmap-46] [33m[ WARN] (2026-07-31 22:18:01.946) Rtabmap.cpp:4488::process() [ROVER] LOOP_EVENT before=100, after=100, new_loops=1[0m
[rtabmap-46] [33m[ WARN] (2026-07-31 22:18:01.946) Rtabmap.cpp:4496::process() [ROVER] Added link 123 -> 12[0m
[controller_server-48] [WARN] [1785507482.064303713] [controller_server]: Control loop missed its desired rate of 20.0000 Hz. Current loop rate is 66.6667 Hz.
[controller_server-48] [WARN] [1785507482.115533447] [controller_server]: Control loop missed its desired rate of 20.0000 Hz. Current loop rate is 66.6667 Hz.
[rtabmap-46] [0m[INFO] [1785507482.144437043] [rtabmap]: rtabmap (123): Rate=1.00s, Limit=0.000s, Conversion=0.0009s, RTAB-Map=0.3208s, Maps update=0.1600s pub=0.0353s delay=0.1980s (local map=100, WM=100)[0m
[controller_server-48] [WARN] [1785507482.216862494] [controller_server]: Control loop missed its desired rate of 20.0000 Hz. Current loop rate is 66.6667 Hz.
[controller_server-48] [WARN] [1785507482.288296431] [controller_server]: Control loop missed its desired rate of 20.0000 Hz. Current loop rate is 83.3333 Hz.
[controller_server-48] [INFO] [1785507482.319032501] [local_costmap.local_costmap]: StaticLayer: Resizing static layer to 329 X 291 at 0.050000 m/pix
[controller_server-48] [INFO] [1785507482.388520502] [controller_server]: Passing new path to controller.
[planner_server-50] [INFO] [1785507482.736663921] [global_costmap.global_costmap]: StaticLayer: Resizing costmap to 329 X 291 at 0.050000 m/pix
[controller_server-48] [INFO] [1785507483.388497323] [controller_server]: Passing new path to controller.
[controller_server-48] [WARN] [1785507483.444312695] [controller_server]: Control loop missed its desired rate of 20.0000 Hz. Current loop rate is 55.5556 Hz.
[controller_server-48] [INFO] [1785507484.394464139] [controller_server]: Passing new path to controller.
[rtabmap-46] [31m[ERROR] (2026-07-31 22:18:04.991) Rtabmap.cpp:3569::process() [ROVER] TRY_ADD_GLOBAL current=124 target=12[0m
[rtabmap-46] [31m[ERROR] (2026-07-31 22:18:04.991) Rtabmap.cpp:3576::process() [ROVER] ADD_RESULT rejected=0[0m
[rtabmap-46] [33m[ WARN] (2026-07-31 22:18:05.051) Rtabmap.cpp:4334::process() [ROVER_PAIR] valid=1 pairs=101 first=1 last=124[0m
[rtabmap-46] [33m[ WARN] (2026-07-31 22:18:05.051) Rtabmap.cpp:4352::process() [ROVER_POINT] first=(1 0.00 0.00 -> -0.00 -0.00) last=(124 1.05 -1.13 -> 1.05 -1.16)[0m
[rtabmap-46] [33m[ WARN] (2026-07-31 22:18:05.051) Rtabmap.cpp:4373::process() [ROVER_SET] before=101 after=101[0m
[rtabmap-46] [33m[ WARN] (2026-07-31 22:18:05.051) Rtabmap.cpp:4387::process() [ROVER_CENTER] before=(2.843 0.714) after=(2.821 0.717)[0m
[rtabmap-46] [33m[ WARN] (2026-07-31 22:18:05.052) Rtabmap.cpp:4409::process() [ROVER_TRANSFORM] scale=1.00000 yaw=-0.599deg tx=0.015 ty=0.026[0m
[rtabmap-46] [33m[ WARN] (2026-07-31 22:18:05.052) Rtabmap.cpp:4428::process() [ROVER_SET] first_before=(0.00 0.00) first_after=(-0.00 -0.00)[0m
[rtabmap-46] [33m[ WARN] (2026-07-31 22:18:05.052) Rtabmap.cpp:4453::process() [ROVER_RESULT] current=124 target=12 rmse=0.10405 mean=0.05666 max=0.50934 max_id=60 pairs=101 suspicious=1[0m
[rtabmap-46] [33m[ WARN] (2026-07-31 22:18:05.052) Rtabmap.cpp:4488::process() [ROVER] LOOP_EVENT before=101, after=101, new_loops=1[0m
[rtabmap-46] [33m[ WARN] (2026-07-31 22:18:05.052) Rtabmap.cpp:4496::process() [ROVER] Added link 124 -> 12[0m
[rtabmap-46] [0m[INFO] [1785507485.280882167] [rtabmap]: rtabmap (124): Rate=1.00s, Limit=0.000s, Conversion=0.0006s, RTAB-Map=0.3405s, Maps update=0.1817s pub=0.0437s delay=0.2070s (local map=101, WM=101)[0m
[controller_server-48] [INFO] [1785507485.311277687] [local_costmap.local_costmap]: StaticLayer: Resizing static layer to 329 X 292 at 0.050000 m/pix
[controller_server-48] [INFO] [1785507485.444482553] [controller_server]: Passing new path to controller.
[planner_server-50] [INFO] [1785507485.736667895] [global_costmap.global_costmap]: StaticLayer: Resizing costmap to 329 X 292 at 0.050000 m/pix
[controller_server-48] [INFO] [1785507486.494499829] [controller_server]: Passing new path to controller.
[controller_server-48] [INFO] [1785507487.494467095] [controller_server]: Passing new path to controller.
[rtabmap-46] [31m[ERROR] (2026-07-31 22:18:08.113) Rtabmap.cpp:3569::process() [ROVER] TRY_ADD_GLOBAL current=125 target=13[0m
[rtabmap-46] [31m[ERROR] (2026-07-31 22:18:08.113) Rtabmap.cpp:3576::process() [ROVER] ADD_RESULT rejected=0[0m
[rtabmap-46] [33m[ WARN] (2026-07-31 22:18:08.166) Rtabmap.cpp:4334::process() [ROVER_PAIR] valid=1 pairs=102 first=1 last=125[0m
[rtabmap-46] [33m[ WARN] (2026-07-31 22:18:08.167) Rtabmap.cpp:4352::process() [ROVER_POINT] first=(1 -0.00 -0.00 -> 0.00 0.00) last=(125 1.04 -1.16 -> 1.04 -1.16)[0m
[rtabmap-46] [33m[ WARN] (2026-07-31 22:18:08.167) Rtabmap.cpp:4373::process() [ROVER_SET] before=102 after=102[0m
[rtabmap-46] [33m[ WARN] (2026-07-31 22:18:08.167) Rtabmap.cpp:4387::process() [ROVER_CENTER] before=(2.803 0.699) after=(2.839 0.713)[0m
[rtabmap-46] [33m[ WARN] (2026-07-31 22:18:08.167) Rtabmap.cpp:4409::process() [ROVER_TRANSFORM] scale=1.00000 yaw=0.707deg tx=-0.027 ty=-0.049[0m
[rtabmap-46] [33m[ WARN] (2026-07-31 22:18:08.167) Rtabmap.cpp:4428::process() [ROVER_SET] first_before=(-0.00 -0.00) first_after=(0.00 0.00)[0m
[rtabmap-46] [33m[ WARN] (2026-07-31 22:18:08.167) Rtabmap.cpp:4453::process() [ROVER_RESULT] current=125 target=13 rmse=0.14735 mean=0.07595 max=0.75953 max_id=61 pairs=102 suspicious=1[0m
[rtabmap-46] [33m[ WARN] (2026-07-31 22:18:08.167) Rtabmap.cpp:4488::process() [ROVER] LOOP_EVENT before=102, after=102, new_loops=1[0m
[rtabmap-46] [33m[ WARN] (2026-07-31 22:18:08.167) Rtabmap.cpp:4496::process() [ROVER] Added link 125 -> 13[0m
[rtabmap-46] [0m[INFO] [1785507488.364001517] [rtabmap]: rtabmap (125): Rate=1.00s, Limit=0.000s, Conversion=0.0006s, RTAB-Map=0.3139s, Maps update=0.1628s pub=0.0306s delay=0.2070s (local map=102, WM=102)[0m
[controller_server-48] [INFO] [1785507488.508843806] [local_costmap.local_costmap]: StaticLayer: Resizing static layer to 329 X 297 at 0.050000 m/pix
[controller_server-48] [INFO] [1785507488.544485159] [controller_server]: Passing new path to controller.
[planner_server-50] [INFO] [1785507488.736650259] [global_costmap.global_costmap]: StaticLayer: Resizing costmap to 329 X 297 at 0.050000 m/pix
[controller_server-48] [INFO] [1785507489.544478877] [controller_server]: Passing new path to controller.
[controller_server-48] [INFO] [1785507490.594469278] [controller_server]: Passing new path to controller.
[rtabmap-46] [31m[ERROR] (2026-07-31 22:18:11.205) Rtabmap.cpp:3569::process() [ROVER] TRY_ADD_GLOBAL current=126 target=14[0m
[rtabmap-46] [31m[ERROR] (2026-07-31 22:18:11.205) Rtabmap.cpp:3576::process() [ROVER] ADD_RESULT rejected=0[0m
[rtabmap-46] [33m[ WARN] (2026-07-31 22:18:11.263) Rtabmap.cpp:4334::process() [ROVER_PAIR] valid=1 pairs=103 first=1 last=126[0m
[rtabmap-46] [33m[ WARN] (2026-07-31 22:18:11.263) Rtabmap.cpp:4352::process() [ROVER_POINT] first=(1 0.00 0.00 -> 0.00 -0.00) last=(126 0.88 -1.14 -> 0.88 -1.16)[0m
[rtabmap-46] [33m[ WARN] (2026-07-31 22:18:11.263) Rtabmap.cpp:4373::process() [ROVER_SET] before=103 after=103[0m
[rtabmap-46] [33m[ WARN] (2026-07-31 22:18:11.263) Rtabmap.cpp:4387::process() [ROVER_CENTER] before=(2.820 0.695) after=(2.762 0.660)[0m
[rtabmap-46] [33m[ WARN] (2026-07-31 22:18:11.263) Rtabmap.cpp:4409::process() [ROVER_TRANSFORM] scale=1.00000 yaw=-0.989deg tx=0.046 ty=0.083[0m
[rtabmap-46] [33m[ WARN] (2026-07-31 22:18:11.263) Rtabmap.cpp:4428::process() [ROVER_SET] first_before=(0.00 0.00) first_after=(0.00 -0.00)[0m
[rtabmap-46] [33m[ WARN] (2026-07-31 22:18:11.263) Rtabmap.cpp:4453::process() [ROVER_RESULT] current=126 target=14 rmse=0.25454 mean=0.12818 max=1.22634 max_id=62 pairs=103 suspicious=1[0m
[rtabmap-46] [33m[ WARN] (2026-07-31 22:18:11.263) Rtabmap.cpp:4488::process() [ROVER] LOOP_EVENT before=103, after=103, new_loops=1[0m
[rtabmap-46] [33m[ WARN] (2026-07-31 22:18:11.263) Rtabmap.cpp:4496::process() [ROVER] Added link 126 -> 14[0m
[rtabmap-46] [0m[INFO] [1785507491.474716182] [rtabmap]: rtabmap (126): Rate=1.00s, Limit=0.000s, Conversion=0.0007s, RTAB-Map=0.3263s, Maps update=0.1762s pub=0.0305s delay=0.1950s (local map=103, WM=103)[0m
[controller_server-48] [INFO] [1785507491.511388705] [local_costmap.local_costmap]: StaticLayer: Resizing static layer to 329 X 286 at 0.050000 m/pix
[controller_server-48] [INFO] [1785507491.644492512] [controller_server]: Passing new path to controller.
[planner_server-50] [INFO] [1785507491.736681159] [global_costmap.global_costmap]: StaticLayer: Resizing costmap to 329 X 286 at 0.050000 m/pix
[controller_server-48] [INFO] [1785507492.644497779] [controller_server]: Passing new path to controller.
[controller_server-48] [INFO] [1785507493.694471921] [controller_server]: Passing new path to controller.
[rtabmap-46] [33m[ WARN] (2026-07-31 22:18:14.167) Rtabmap.cpp:3543::process() Rejected loop closure 14 -> 127: Not enough inliers 0/10 (matches=32) between 14 and 127[0m
[rtabmap-46] [0m[INFO] [1785507494.195513999] [rtabmap]: rtabmap (127): Rate=1.00s, Limit=0.000s, Conversion=0.0006s, RTAB-Map=0.2037s, Maps update=0.0081s pub=0.0178s delay=0.1140s (local map=104, WM=104)[0m
[controller_server-48] [INFO] [1785507494.744483408] [controller_server]: Passing new path to controller.
[controller_server-48] [INFO] [1785507495.744468171] [controller_server]: Passing new path to controller.
[exploration_manager-60] [INFO] [1785507496.396906259] [exploration_manager]: === Exploration Step ===
[exploration_manager-60] [INFO] [1785507496.398202225] [exploration_manager]: Already navigating. elapsed=30.0s
[controller_server-48] [INFO] [1785507496.794473019] [controller_server]: Passing new path to controller.
[rtabmap-46] [31m[ERROR] (2026-07-31 22:18:17.098) Rtabmap.cpp:3569::process() [ROVER] TRY_ADD_GLOBAL current=128 target=13[0m
[rtabmap-46] [31m[ERROR] (2026-07-31 22:18:17.098) Rtabmap.cpp:3576::process() [ROVER] ADD_RESULT rejected=0[0m
[rtabmap-46] [33m[ WARN] (2026-07-31 22:18:17.153) Rtabmap.cpp:4334::process() [ROVER_PAIR] valid=1 pairs=105 first=1 last=128[0m
[rtabmap-46] [33m[ WARN] (2026-07-31 22:18:17.153) Rtabmap.cpp:4352::process() [ROVER_POINT] first=(1 0.00 -0.00 -> -0.00 -0.00) last=(128 0.51 -1.07 -> 0.51 -1.08)[0m
[rtabmap-46] [33m[ WARN] (2026-07-31 22:18:17.153) Rtabmap.cpp:4373::process() [ROVER_SET] before=105 after=105[0m
[rtabmap-46] [33m[ WARN] (2026-07-31 22:18:17.153) Rtabmap.cpp:4387::process() [ROVER_CENTER] before=(2.721 0.627) after=(2.801 0.643)[0m
[rtabmap-46] [33m[ WARN] (2026-07-31 22:18:17.153) Rtabmap.cpp:4409::process() [ROVER_TRANSFORM] scale=1.00000 yaw=1.456deg tx=-0.063 ty=-0.087[0m
[rtabmap-46] [33m[ WARN] (2026-07-31 22:18:17.153) Rtabmap.cpp:4428::process() [ROVER_SET] first_before=(0.00 -0.00) first_after=(-0.00 -0.00)[0m
[rtabmap-46] [33m[ WARN] (2026-07-31 22:18:17.153) Rtabmap.cpp:4453::process() [ROVER_RESULT] current=128 target=13 rmse=0.30042 mean=0.15257 max=1.53140 max_id=64 pairs=105 suspicious=1[0m
[rtabmap-46] [33m[ WARN] (2026-07-31 22:18:17.153) Rtabmap.cpp:4488::process() [ROVER] LOOP_EVENT before=105, after=105, new_loops=1[0m
[rtabmap-46] [33m[ WARN] (2026-07-31 22:18:17.153) Rtabmap.cpp:4496::process() [ROVER] Added link 128 -> 13[0m
[rtabmap-46] [0m[INFO] [1785507497.360565717] [rtabmap]: rtabmap (128): Rate=1.00s, Limit=0.000s, Conversion=0.0006s, RTAB-Map=0.3137s, Maps update=0.1726s pub=0.0313s delay=0.1980s (local map=105, WM=105)[0m
[controller_server-48] [INFO] [1785507497.509188402] [local_costmap.local_costmap]: StaticLayer: Resizing static layer to 329 X 291 at 0.050000 m/pix
[planner_server-50] [INFO] [1785507497.736637571] [global_costmap.global_costmap]: StaticLayer: Resizing costmap to 329 X 291 at 0.050000 m/pix
[controller_server-48] [INFO] [1785507497.844490645] [controller_server]: Passing new path to controller.
[controller_server-48] [INFO] [1785507498.844481987] [controller_server]: Passing new path to controller.
[controller_server-48] [INFO] [1785507499.894473056] [controller_server]: Passing new path to controller.
[rtabmap-46] [33m[ WARN] (2026-07-31 22:18:20.176) Rtabmap.cpp:3543::process() Rejected loop closure 13 -> 129: Not enough inliers 7/10 (matches=55) between 13 and 129[0m
[rtabmap-46] [0m[INFO] [1785507500.204240491] [rtabmap]: rtabmap (129): Rate=1.00s, Limit=0.000s, Conversion=0.0005s, RTAB-Map=0.2320s, Maps update=0.0106s pub=0.0151s delay=0.1170s (local map=106, WM=106)[0m
[controller_server-48] [INFO] [1785507500.944505005] [controller_server]: Passing new path to controller.
[controller_server-48] [INFO] [1785507501.994468317] [controller_server]: Passing new path to controller.
[controller_server-48] [INFO] [1785507502.994524858] [controller_server]: Passing new path to controller.
[rtabmap-46] [33m[ WARN] (2026-07-31 22:18:23.063) Rtabmap.cpp:3543::process() Rejected loop closure 27 -> 130: Not enough inliers 9/10 (matches=68) between 27 and 130[0m
[rtabmap-46] [0m[INFO] [1785507503.089827024] [rtabmap]: rtabmap (130): Rate=1.00s, Limit=0.000s, Conversion=0.0009s, RTAB-Map=0.2110s, Maps update=0.0089s pub=0.0154s delay=0.1020s (local map=107, WM=107)[0m
[controller_server-48] [INFO] [1785507504.044466906] [controller_server]: Passing new path to controller.
[controller_server-48] [INFO] [1785507505.094465303] [controller_server]: Passing new path to controller.
[rtabmap-46] [31m[ERROR] (2026-07-31 22:18:25.930) Rtabmap.cpp:3569::process() [ROVER] TRY_ADD_GLOBAL current=131 target=13[0m
[rtabmap-46] [31m[ERROR] (2026-07-31 22:18:25.930) Rtabmap.cpp:3576::process() [ROVER] ADD_RESULT rejected=0[0m
[rtabmap-46] [33m[ WARN] (2026-07-31 22:18:25.982) Rtabmap.cpp:4334::process() [ROVER_PAIR] valid=1 pairs=108 first=1 last=131[0m
[rtabmap-46] [33m[ WARN] (2026-07-31 22:18:25.982) Rtabmap.cpp:4352::process() [ROVER_POINT] first=(1 -0.00 -0.00 -> 0.00 0.00) last=(131 0.22 -1.01 -> 0.23 -0.99)[0m
[rtabmap-46] [33m[ WARN] (2026-07-31 22:18:25.982) Rtabmap.cpp:4373::process() [ROVER_SET] before=108 after=108[0m
[rtabmap-46] [33m[ WARN] (2026-07-31 22:18:25.982) Rtabmap.cpp:4387::process() [ROVER_CENTER] before=(2.732 0.597) after=(2.696 0.586)[0m
[rtabmap-46] [33m[ WARN] (2026-07-31 22:18:25.982) Rtabmap.cpp:4409::process() [ROVER_TRANSFORM] scale=1.00000 yaw=-0.540deg tx=0.030 ty=0.036[0m
[rtabmap-46] [33m[ WARN] (2026-07-31 22:18:25.982) Rtabmap.cpp:4428::process() [ROVER_SET] first_before=(-0.00 -0.00) first_after=(0.00 0.00)[0m
[rtabmap-46] [33m[ WARN] (2026-07-31 22:18:25.983) Rtabmap.cpp:4453::process() [ROVER_RESULT] current=131 target=13 rmse=0.18038 mean=0.08347 max=0.89298 max_id=65 pairs=108 suspicious=1[0m
[rtabmap-46] [33m[ WARN] (2026-07-31 22:18:25.983) Rtabmap.cpp:4488::process() [ROVER] LOOP_EVENT before=108, after=108, new_loops=1[0m
[rtabmap-46] [33m[ WARN] (2026-07-31 22:18:25.983) Rtabmap.cpp:4496::process() [ROVER] Added link 131 -> 13[0m
[controller_server-48] [INFO] [1785507506.144479821] [controller_server]: Passing new path to controller.
[rtabmap-46] [0m[INFO] [1785507506.193077196] [rtabmap]: rtabmap (131): Rate=1.00s, Limit=0.000s, Conversion=0.0008s, RTAB-Map=0.3143s, Maps update=0.1736s pub=0.0331s delay=0.2250s (local map=108, WM=108)[0m
[controller_server-48] [INFO] [1785507506.310625100] [local_costmap.local_costmap]: StaticLayer: Resizing static layer to 329 X 290 at 0.050000 m/pix
[planner_server-50] [INFO] [1785507506.736667650] [global_costmap.global_costmap]: StaticLayer: Resizing costmap to 329 X 290 at 0.050000 m/pix
[controller_server-48] [INFO] [1785507507.144475371] [controller_server]: Passing new path to controller.
[controller_server-48] [INFO] [1785507508.194469157] [controller_server]: Passing new path to controller.
[rtabmap-46] [0m[INFO] [1785507508.793768368] [rtabmap]: rtabmap (132): Rate=1.00s, Limit=0.000s, Conversion=0.0010s, RTAB-Map=0.1203s, Maps update=0.0078s pub=0.0019s delay=0.0690s (local map=108, WM=108)[0m
[controller_server-48] [INFO] [1785507509.244480465] [controller_server]: Passing new path to controller.
[controller_server-48] [INFO] [1785507510.244472713] [controller_server]: Passing new path to controller.
[exploration_manager-60] [INFO] [1785507510.769082509] [exploration_manager]: === Exploration Step ===
[exploration_manager-60] [INFO] [1785507510.770460938] [exploration_manager]: Already navigating. elapsed=35.0s
[controller_server-48] [INFO] [1785507511.294473719] [controller_server]: Passing new path to controller.
[rtabmap-46] [33m[ WARN] (2026-07-31 22:18:31.628) Rtabmap.cpp:5388::process() Republishing data of requested node(s) 131 (Rtabmap/MaxRepublished=2)[0m
[rtabmap-46] [0m[INFO] [1785507511.640106795] [rtabmap]: rtabmap (133): Rate=1.00s, Limit=0.000s, Conversion=0.0006s, RTAB-Map=0.1087s, Maps update=0.0071s pub=0.0031s delay=0.0660s (local map=108, WM=108)[0m
[controller_server-48] [INFO] [1785507512.294490830] [controller_server]: Passing new path to controller.
[controller_server-48] [INFO] [1785507513.344461385] [controller_server]: Passing new path to controller.
[controller_server-48] [INFO] [1785507514.344471798] [controller_server]: Passing new path to controller.
[rtabmap-46] [31m[ERROR] (2026-07-31 22:18:34.527) Rtabmap.cpp:3569::process() [ROVER] TRY_ADD_GLOBAL current=134 target=122[0m
[rtabmap-46] [31m[ERROR] (2026-07-31 22:18:34.527) Rtabmap.cpp:3576::process() [ROVER] ADD_RESULT rejected=0[0m
[rtabmap-46] [33m[ WARN] (2026-07-31 22:18:34.587) Rtabmap.cpp:4334::process() [ROVER_PAIR] valid=1 pairs=109 first=1 last=134[0m
[rtabmap-46] [33m[ WARN] (2026-07-31 22:18:34.587) Rtabmap.cpp:4352::process() [ROVER_POINT] first=(1 0.00 0.00 -> -0.00 -0.00) last=(134 0.34 -1.01 -> 0.32 -0.95)[0m
[rtabmap-46] [33m[ WARN] (2026-07-31 22:18:34.587) Rtabmap.cpp:4373::process() [ROVER_SET] before=109 after=109[0m
[rtabmap-46] [33m[ WARN] (2026-07-31 22:18:34.587) Rtabmap.cpp:4387::process() [ROVER_CENTER] before=(2.675 0.571) after=(2.657 0.588)[0m
[rtabmap-46] [33m[ WARN] (2026-07-31 22:18:34.587) Rtabmap.cpp:4409::process() [ROVER_TRANSFORM] scale=1.00000 yaw=-0.460deg tx=0.013 ty=0.005[0m
[rtabmap-46] [33m[ WARN] (2026-07-31 22:18:34.587) Rtabmap.cpp:4428::process() [ROVER_SET] first_before=(0.00 0.00) first_after=(-0.00 -0.00)[0m
[rtabmap-46] [33m[ WARN] (2026-07-31 22:18:34.587) Rtabmap.cpp:4453::process() [ROVER_RESULT] current=134 target=122 rmse=0.08637 mean=0.04317 max=0.46299 max_id=60 pairs=109 suspicious=1[0m
[rtabmap-46] [33m[ WARN] (2026-07-31 22:18:34.587) Rtabmap.cpp:4488::process() [ROVER] LOOP_EVENT before=109, after=109, new_loops=1[0m
[rtabmap-46] [33m[ WARN] (2026-07-31 22:18:34.587) Rtabmap.cpp:4496::process() [ROVER] Added link 134 -> 122[0m
[rtabmap-46] [0m[INFO] [1785507514.776866245] [rtabmap]: rtabmap (134): Rate=1.00s, Limit=0.000s, Conversion=0.0008s, RTAB-Map=0.2922s, Maps update=0.1540s pub=0.0327s delay=0.1890s (local map=109, WM=109)[0m
[controller_server-48] [INFO] [1785507514.909568594] [local_costmap.local_costmap]: StaticLayer: Resizing static layer to 329 X 293 at 0.050000 m/pix
[controller_server-48] [INFO] [1785507515.394493668] [controller_server]: Passing new path to controller.
[planner_server-50] [INFO] [1785507515.736949899] [global_costmap.global_costmap]: StaticLayer: Resizing costmap to 329 X 293 at 0.050000 m/pix
[controller_server-48] [INFO] [1785507516.444482596] [controller_server]: Passing new path to controller.
[controller_server-48] [INFO] [1785507517.444472801] [controller_server]: Passing new path to controller.
[rtabmap-46] [0m[INFO] [1785507517.518900386] [rtabmap]: rtabmap (135): Rate=1.00s, Limit=0.000s, Conversion=0.0006s, RTAB-Map=0.1171s, Maps update=0.0077s pub=0.0018s delay=0.0660s (local map=109, WM=109)[0m
[controller_server-48] [INFO] [1785507518.494468336] [controller_server]: Passing new path to controller.
[controller_server-48] [INFO] [1785507519.544498496] [controller_server]: Passing new path to controller.
[rtabmap-46] [0m[INFO] [1785507520.376073602] [rtabmap]: rtabmap (136): Rate=1.00s, Limit=0.000s, Conversion=0.0007s, RTAB-Map=0.1086s, Maps update=0.0087s pub=0.0023s delay=0.0660s (local map=109, WM=109)[0m
[controller_server-48] [INFO] [1785507520.544470836] [controller_server]: Passing new path to controller.
[controller_server-48] [INFO] [1785507521.594487636] [controller_server]: Passing new path to controller.
[controller_server-48] [INFO] [1785507522.644480494] [controller_server]: Passing new path to controller.
[controller_server-48] [ERROR] [1785507522.944584786] [controller_server]: Failed to make progress
[controller_server-48] [INFO] [1785507522.946432875] [controller_server]: Optimizer reset
[controller_server-48] [WARN] [1785507522.946509582] [controller_server]: [follow_path] [ActionServer] Aborting handle.
[controller_server-48] [INFO] [1785507522.962613471] [local_costmap.local_costmap]: Received request to clear entirely the local_costmap
[controller_server-48] [INFO] [1785507522.963682725] [controller_server]: Received a goal, begin computing control effort.
[controller_server-48] [WARN] [1785507523.120329178] [controller_server]: Control loop missed its desired rate of 20.0000 Hz. Current loop rate is 15.1515 Hz.
[rtabmap-46] [0m[INFO] [1785507523.142003975] [rtabmap]: rtabmap (137): Rate=1.00s, Limit=0.000s, Conversion=0.0008s, RTAB-Map=0.1122s, Maps update=0.0071s pub=0.0017s delay=0.0630s (local map=109, WM=109)[0m
[controller_server-48] [INFO] [1785507523.670490120] [controller_server]: Passing new path to controller.
[exploration_manager-60] [INFO] [1785507524.626606772] [exploration_manager]: === Exploration Step ===
[exploration_manager-60] [INFO] [1785507524.627987406] [exploration_manager]: Already navigating. elapsed=40.0s
[controller_server-48] [INFO] [1785507524.720485147] [controller_server]: Passing new path to controller.
[controller_server-48] [INFO] [1785507525.720477796] [controller_server]: Passing new path to controller.
[rtabmap-46] [0m[INFO] [1785507525.937127758] [rtabmap]: rtabmap (138): Rate=1.00s, Limit=0.000s, Conversion=0.0010s, RTAB-Map=0.1167s, Maps update=0.0064s pub=0.0018s delay=0.0630s (local map=109, WM=109)[0m
[controller_server-48] [INFO] [1785507526.770484564] [controller_server]: Passing new path to controller.
[controller_server-48] [INFO] [1785507527.820489309] [controller_server]: Passing new path to controller.
[rtabmap-46] [31m[ERROR] (2026-07-31 22:18:48.836) Rtabmap.cpp:3569::process() [ROVER] TRY_ADD_GLOBAL current=139 target=13[0m
[rtabmap-46] [31m[ERROR] (2026-07-31 22:18:48.836) Rtabmap.cpp:3576::process() [ROVER] ADD_RESULT rejected=0[0m
[controller_server-48] [INFO] [1785507528.871344006] [controller_server]: Passing new path to controller.
[rtabmap-46] [33m[ WARN] (2026-07-31 22:18:48.896) Rtabmap.cpp:4334::process() [ROVER_PAIR] valid=1 pairs=110 first=1 last=139[0m
[rtabmap-46] [33m[ WARN] (2026-07-31 22:18:48.896) Rtabmap.cpp:4352::process() [ROVER_POINT] first=(1 -0.00 -0.00 -> 0.00 0.00) last=(139 0.32 -0.95 -> 0.28 -0.94)[0m
[rtabmap-46] [33m[ WARN] (2026-07-31 22:18:48.896) Rtabmap.cpp:4373::process() [ROVER_SET] before=110 after=110[0m
[rtabmap-46] [33m[ WARN] (2026-07-31 22:18:48.896) Rtabmap.cpp:4387::process() [ROVER_CENTER] before=(2.636 0.574) after=(2.656 0.590)[0m
[rtabmap-46] [33m[ WARN] (2026-07-31 22:18:48.896) Rtabmap.cpp:4409::process() [ROVER_TRANSFORM] scale=1.00000 yaw=0.528deg tx=-0.014 ty=-0.040[0m
[rtabmap-46] [33m[ WARN] (2026-07-31 22:18:48.896) Rtabmap.cpp:4428::process() [ROVER_SET] first_before=(-0.00 -0.00) first_after=(0.00 0.00)[0m
[rtabmap-46] [33m[ WARN] (2026-07-31 22:18:48.896) Rtabmap.cpp:4453::process() [ROVER_RESULT] current=139 target=13 rmse=0.12853 mean=0.06284 max=0.65731 max_id=61 pairs=110 suspicious=1[0m
[rtabmap-46] [33m[ WARN] (2026-07-31 22:18:48.896) Rtabmap.cpp:4488::process() [ROVER] LOOP_EVENT before=110, after=110, new_loops=1[0m
[rtabmap-46] [33m[ WARN] (2026-07-31 22:18:48.896) Rtabmap.cpp:4496::process() [ROVER] Added link 139 -> 13[0m
[rtabmap-46] [0m[INFO] [1785507529.076586435] [rtabmap]: rtabmap (139): Rate=1.00s, Limit=0.000s, Conversion=0.0009s, RTAB-Map=0.3097s, Maps update=0.1471s pub=0.0306s delay=0.1950s (local map=110, WM=110)[0m
[controller_server-48] [INFO] [1785507529.096962584] [local_costmap.local_costmap]: StaticLayer: Resizing static layer to 328 X 296 at 0.050000 m/pix
[planner_server-50] [INFO] [1785507529.736652025] [global_costmap.global_costmap]: StaticLayer: Resizing costmap to 328 X 296 at 0.050000 m/pix
[controller_server-48] [INFO] [1785507529.870483083] [controller_server]: Passing new path to controller.
[controller_server-48] [INFO] [1785507530.920476957] [controller_server]: Passing new path to controller.
[rtabmap-46] [0m[INFO] [1785507531.740314015] [rtabmap]: rtabmap (140): Rate=1.00s, Limit=0.000s, Conversion=0.0010s, RTAB-Map=0.1255s, Maps update=0.0117s pub=0.0023s delay=0.0660s (local map=110, WM=110)[0m
[controller_server-48] [INFO] [1785507531.920475052] [controller_server]: Passing new path to controller.
[controller_server-48] [INFO] [1785507532.970472257] [controller_server]: Passing new path to controller.
[controller_server-48] [INFO] [1785507533.970477125] [controller_server]: Passing new path to controller.
[rtabmap-46] [0m[INFO] [1785507534.483629571] [rtabmap]: rtabmap (141): Rate=1.00s, Limit=0.000s, Conversion=0.0006s, RTAB-Map=0.1105s, Maps update=0.0079s pub=0.0019s delay=0.0600s (local map=110, WM=110)[0m
[controller_server-48] [INFO] [1785507534.970476450] [controller_server]: Passing new path to controller.
[controller_server-48] [INFO] [1785507536.020475982] [controller_server]: Passing new path to controller.
[controller_server-48] [INFO] [1785507537.020477096] [controller_server]: Passing new path to controller.
[rtabmap-46] [0m[INFO] [1785507537.227844778] [rtabmap]: rtabmap (142): Rate=1.00s, Limit=0.000s, Conversion=0.0009s, RTAB-Map=0.1131s, Maps update=0.0079s pub=0.0019s delay=0.0630s (local map=110, WM=110)[0m
[controller_server-48] [INFO] [1785507538.070475470] [controller_server]: Passing new path to controller.
[exploration_manager-60] [INFO] [1785507538.585294060] [exploration_manager]: === Exploration Step ===
[exploration_manager-60] [INFO] [1785507538.586039628] [exploration_manager]: Already navigating. elapsed=45.0s
[controller_server-48] [INFO] [1785507539.070490873] [controller_server]: Passing new path to controller.
[rtabmap-46] [0m[INFO] [1785507539.957886262] [rtabmap]: rtabmap (143): Rate=1.00s, Limit=0.000s, Conversion=0.0006s, RTAB-Map=0.1118s, Maps update=0.0061s pub=0.0018s delay=0.0570s (local map=110, WM=110)[0m
[controller_server-48] [INFO] [1785507540.120483578] [controller_server]: Passing new path to controller.
[controller_server-48] [INFO] [1785507541.170482496] [controller_server]: Passing new path to controller.
[controller_server-48] [INFO] [1785507542.170475875] [controller_server]: Passing new path to controller.
[rtabmap-46] [0m[INFO] [1785507542.700840267] [rtabmap]: rtabmap (144): Rate=1.00s, Limit=0.000s, Conversion=0.0006s, RTAB-Map=0.1255s, Maps update=0.0080s pub=0.0025s delay=0.0690s (local map=110, WM=110)[0m
[controller_server-48] [INFO] [1785507543.220485661] [controller_server]: Passing new path to controller.
[controller_server-48] [INFO] [1785507544.220479884] [controller_server]: Passing new path to controller.
[controller_server-48] [INFO] [1785507545.270482713] [controller_server]: Passing new path to controller.
[rtabmap-46] [31m[ERROR] (2026-07-31 22:19:05.619) Rtabmap.cpp:3569::process() [ROVER] TRY_ADD_GLOBAL current=145 target=124[0m
[rtabmap-46] [31m[ERROR] (2026-07-31 22:19:05.619) Rtabmap.cpp:3576::process() [ROVER] ADD_RESULT rejected=0[0m
[rtabmap-46] [33m[ WARN] (2026-07-31 22:19:05.683) Rtabmap.cpp:4334::process() [ROVER_PAIR] valid=1 pairs=111 first=1 last=145[0m
[rtabmap-46] [33m[ WARN] (2026-07-31 22:19:05.683) Rtabmap.cpp:4352::process() [ROVER_POINT] first=(1 0.00 0.00 -> 0.00 -0.00) last=(145 0.38 -0.98 -> 0.48 -0.80)[0m
[rtabmap-46] [33m[ WARN] (2026-07-31 22:19:05.683) Rtabmap.cpp:4373::process() [ROVER_SET] before=111 after=111[0m
[rtabmap-46] [33m[ WARN] (2026-07-31 22:19:05.683) Rtabmap.cpp:4387::process() [ROVER_CENTER] before=(2.635 0.576) after=(2.584 0.558)[0m
[rtabmap-46] [33m[ WARN] (2026-07-31 22:19:05.683) Rtabmap.cpp:4409::process() [ROVER_TRANSFORM] scale=1.00000 yaw=-0.871deg tx=0.043 ty=0.057[0m
[rtabmap-46] [33m[ WARN] (2026-07-31 22:19:05.683) Rtabmap.cpp:4428::process() [ROVER_SET] first_before=(0.00 0.00) first_after=(0.00 -0.00)[0m
[rtabmap-46] [33m[ WARN] (2026-07-31 22:19:05.683) Rtabmap.cpp:4453::process() [ROVER_RESULT] current=145 target=124 rmse=0.23334 mean=0.11621 max=1.16827 max_id=62 pairs=111 suspicious=1[0m
[rtabmap-46] [33m[ WARN] (2026-07-31 22:19:05.683) Rtabmap.cpp:4488::process() [ROVER] LOOP_EVENT before=111, after=111, new_loops=1[0m
[rtabmap-46] [33m[ WARN] (2026-07-31 22:19:05.683) Rtabmap.cpp:4496::process() [ROVER] Added link 145 -> 124[0m
[rtabmap-46] [0m[INFO] [1785507545.884848287] [rtabmap]: rtabmap (145): Rate=1.00s, Limit=0.000s, Conversion=0.0007s, RTAB-Map=0.3011s, Maps update=0.1648s pub=0.0328s delay=0.1980s (local map=111, WM=111)[0m
[controller_server-48] [INFO] [1785507545.897097086] [local_costmap.local_costmap]: StaticLayer: Resizing static layer to 328 X 286 at 0.050000 m/pix
[controller_server-48] [INFO] [1785507546.270480707] [controller_server]: Passing new path to controller.
[planner_server-50] [INFO] [1785507546.736657763] [global_costmap.global_costmap]: StaticLayer: Resizing costmap to 328 X 286 at 0.050000 m/pix
[controller_server-48] [INFO] [1785507547.320490744] [controller_server]: Passing new path to controller.
[controller_server-48] [WARN] [1785507547.378932412] [controller_server]: Control loop missed its desired rate of 20.0000 Hz. Current loop rate is 41.6667 Hz.
[controller_server-48] [INFO] [1785507548.329136395] [controller_server]: Passing new path to controller.
[rtabmap-46] [31m[ERROR] (2026-07-31 22:19:08.734) Rtabmap.cpp:3569::process() [ROVER] TRY_ADD_GLOBAL current=146 target=125[0m
[rtabmap-46] [31m[ERROR] (2026-07-31 22:19:08.734) Rtabmap.cpp:3576::process() [ROVER] ADD_RESULT rejected=0[0m
[rtabmap-46] [33m[ WARN] (2026-07-31 22:19:08.796) Rtabmap.cpp:4334::process() [ROVER_PAIR] valid=1 pairs=112 first=1 last=146[0m
[rtabmap-46] [33m[ WARN] (2026-07-31 22:19:08.796) Rtabmap.cpp:4352::process() [ROVER_POINT] first=(1 0.00 -0.00 -> 0.00 -0.00) last=(146 0.41 -0.79 -> 0.41 -0.79)[0m
[rtabmap-46] [33m[ WARN] (2026-07-31 22:19:08.796) Rtabmap.cpp:4373::process() [ROVER_SET] before=112 after=112[0m
[rtabmap-46] [33m[ WARN] (2026-07-31 22:19:08.796) Rtabmap.cpp:4387::process() [ROVER_CENTER] before=(2.565 0.546) after=(2.641 0.561)[0m
[rtabmap-46] [33m[ WARN] (2026-07-31 22:19:08.796) Rtabmap.cpp:4409::process() [ROVER_TRANSFORM] scale=1.00000 yaw=1.546deg tx=-0.061 ty=-0.086[0m
[rtabmap-46] [33m[ WARN] (2026-07-31 22:19:08.796) Rtabmap.cpp:4428::process() [ROVER_SET] first_before=(0.00 -0.00) first_after=(0.00 -0.00)[0m
[rtabmap-46] [33m[ WARN] (2026-07-31 22:19:08.796) Rtabmap.cpp:4453::process() [ROVER_RESULT] current=146 target=125 rmse=0.29577 mean=0.14891 max=1.57001 max_id=63 pairs=112 suspicious=1[0m
[rtabmap-46] [33m[ WARN] (2026-07-31 22:19:08.796) Rtabmap.cpp:4488::process() [ROVER] LOOP_EVENT before=112, after=112, new_loops=1[0m
[rtabmap-46] [33m[ WARN] (2026-07-31 22:19:08.796) Rtabmap.cpp:4496::process() [ROVER] Added link 146 -> 125[0m
[rtabmap-46] [0m[INFO] [1785507548.980041738] [rtabmap]: rtabmap (146): Rate=1.00s, Limit=0.000s, Conversion=0.0010s, RTAB-Map=0.3051s, Maps update=0.1455s pub=0.0351s delay=0.1800s (local map=112, WM=112)[0m
[controller_server-48] [INFO] [1785507549.096988479] [local_costmap.local_costmap]: StaticLayer: Resizing static layer to 328 X 294 at 0.050000 m/pix
[controller_server-48] [INFO] [1785507549.379176592] [controller_server]: Passing new path to controller.
[planner_server-50] [INFO] [1785507549.736683225] [global_costmap.global_costmap]: StaticLayer: Resizing costmap to 328 X 294 at 0.050000 m/pix
[controller_server-48] [INFO] [1785507550.429154513] [controller_server]: Passing new path to controller.
[controller_server-48] [WARN] [1785507550.493588528] [controller_server]: Control loop missed its desired rate of 20.0000 Hz. Current loop rate is 47.6190 Hz.
[controller_server-48] [ERROR] [1785507551.143892311] [controller_server]: Failed to make progress
[controller_server-48] [INFO] [1785507551.144881124] [controller_server]: Optimizer reset
[controller_server-48] [WARN] [1785507551.144925172] [controller_server]: [follow_path] [ActionServer] Aborting handle.
[controller_server-48] [INFO] [1785507551.162540350] [local_costmap.local_costmap]: Received request to clear entirely the local_costmap
[planner_server-50] [INFO] [1785507551.163147681] [global_costmap.global_costmap]: Received request to clear entirely the global_costmap
[rtabmap-46] [33m[ WARN] (2026-07-31 22:19:11.648) Rtabmap.cpp:3543::process() Rejected loop closure 14 -> 147: Not enough inliers 8/10 (matches=61) between 14 and 147[0m
[rtabmap-46] [0m[INFO] [1785507551.675546204] [rtabmap]: rtabmap (147): Rate=1.00s, Limit=0.000s, Conversion=0.0010s, RTAB-Map=0.2132s, Maps update=0.0097s pub=0.0151s delay=0.0990s (local map=113, WM=113)[0m
[controller_server-48] [INFO] [1785507551.773083047] [controller_server]: Received a goal, begin computing control effort.
[exploration_manager-60] [INFO] [1785507552.713250980] [exploration_manager]: === Exploration Step ===
[exploration_manager-60] [INFO] [1785507552.714542945] [exploration_manager]: Already navigating. elapsed=50.0s
[controller_server-48] [INFO] [1785507552.823356295] [controller_server]: Passing new path to controller.
[controller_server-48] [INFO] [1785507553.873338185] [controller_server]: Passing new path to controller.
[rtabmap-46] [31m[ERROR] (2026-07-31 22:19:14.401) Rtabmap.cpp:3569::process() [ROVER] TRY_ADD_GLOBAL current=148 target=14[0m
[rtabmap-46] [31m[ERROR] (2026-07-31 22:19:14.401) Rtabmap.cpp:3576::process() [ROVER] ADD_RESULT rejected=0[0m
[rtabmap-46] [33m[ WARN] (2026-07-31 22:19:14.464) Rtabmap.cpp:4334::process() [ROVER_PAIR] valid=1 pairs=114 first=1 last=148[0m
[rtabmap-46] [33m[ WARN] (2026-07-31 22:19:14.464) Rtabmap.cpp:4352::process() [ROVER_POINT] first=(1 0.00 -0.00 -> 0.00 0.00) last=(148 -0.08 -0.76 -> -0.07 -0.76)[0m
[rtabmap-46] [33m[ WARN] (2026-07-31 22:19:14.464) Rtabmap.cpp:4373::process() [ROVER_SET] before=114 after=114[0m
[rtabmap-46] [33m[ WARN] (2026-07-31 22:19:14.464) Rtabmap.cpp:4387::process() [ROVER_CENTER] before=(2.595 0.538) after=(2.559 0.513)[0m
[rtabmap-46] [33m[ WARN] (2026-07-31 22:19:14.464) Rtabmap.cpp:4409::process() [ROVER_TRANSFORM] scale=1.00000 yaw=-0.395deg tx=0.033 ty=0.043[0m
[rtabmap-46] [33m[ WARN] (2026-07-31 22:19:14.464) Rtabmap.cpp:4428::process() [ROVER_SET] first_before=(0.00 -0.00) first_after=(0.00 0.00)[0m
[rtabmap-46] [33m[ WARN] (2026-07-31 22:19:14.464) Rtabmap.cpp:4453::process() [ROVER_RESULT] current=148 target=14 rmse=0.20186 mean=0.09085 max=1.05116 max_id=64 pairs=114 suspicious=1[0m
[rtabmap-46] [33m[ WARN] (2026-07-31 22:19:14.464) Rtabmap.cpp:4488::process() [ROVER] LOOP_EVENT before=114, after=114, new_loops=1[0m
[rtabmap-46] [33m[ WARN] (2026-07-31 22:19:14.464) Rtabmap.cpp:4496::process() [ROVER] Added link 148 -> 14[0m
[rtabmap-46] [0m[INFO] [1785507554.670391618] [rtabmap]: rtabmap (148): Rate=1.00s, Limit=0.000s, Conversion=0.0009s, RTAB-Map=0.3345s, Maps update=0.1657s pub=0.0375s delay=0.1980s (local map=114, WM=114)[0m
[controller_server-48] [INFO] [1785507554.696998589] [local_costmap.local_costmap]: StaticLayer: Resizing static layer to 328 X 290 at 0.050000 m/pix
[planner_server-50] [INFO] [1785507554.736669942] [global_costmap.global_costmap]: StaticLayer: Resizing costmap to 328 X 290 at 0.050000 m/pix
[controller_server-48] [INFO] [1785507554.923611166] [controller_server]: Passing new path to controller.
[controller_server-48] [INFO] [1785507555.923349548] [controller_server]: Passing new path to controller.
[controller_server-48] [INFO] [1785507556.973346121] [controller_server]: Passing new path to controller.
[rtabmap-46] [33m[ WARN] (2026-07-31 22:19:17.189) Rtabmap.cpp:3543::process() Rejected loop closure 14 -> 149: Not enough inliers 9/10 (matches=43) between 14 and 149[0m
[rtabmap-46] [0m[INFO] [1785507557.217416560] [rtabmap]: rtabmap (149): Rate=1.00s, Limit=0.000s, Conversion=0.0010s, RTAB-Map=0.2250s, Maps update=0.0081s pub=0.0176s delay=0.1080s (local map=115, WM=115)[0m
[controller_server-48] [INFO] [1785507558.023339535] [controller_server]: Passing new path to controller.
[controller_server-48] [INFO] [1785507559.023339037] [controller_server]: Passing new path to controller.
[rtabmap-46] [31m[ERROR] (2026-07-31 22:19:20.013) Rtabmap.cpp:3569::process() [ROVER] TRY_ADD_GLOBAL current=150 target=14[0m
[rtabmap-46] [31m[ERROR] (2026-07-31 22:19:20.013) Rtabmap.cpp:3576::process() [ROVER] ADD_RESULT rejected=0[0m
[controller_server-48] [INFO] [1785507560.073356843] [controller_server]: Passing new path to controller.
[rtabmap-46] [33m[ WARN] (2026-07-31 22:19:20.081) Rtabmap.cpp:4334::process() [ROVER_PAIR] valid=1 pairs=116 first=1 last=150[0m
[rtabmap-46] [33m[ WARN] (2026-07-31 22:19:20.081) Rtabmap.cpp:4352::process() [ROVER_POINT] first=(1 0.00 0.00 -> -0.00 -0.00) last=(150 -0.61 -0.75 -> -0.61 -0.78)[0m
[rtabmap-46] [33m[ WARN] (2026-07-31 22:19:20.081) Rtabmap.cpp:4373::process() [ROVER_SET] before=116 after=116[0m
[rtabmap-46] [33m[ WARN] (2026-07-31 22:19:20.081) Rtabmap.cpp:4387::process() [ROVER_CENTER] before=(2.506 0.491) after=(2.504 0.497)[0m
[rtabmap-46] [33m[ WARN] (2026-07-31 22:19:20.081) Rtabmap.cpp:4409::process() [ROVER_TRANSFORM] scale=1.00000 yaw=-0.253deg tx=0.000 ty=0.004[0m
[rtabmap-46] [33m[ WARN] (2026-07-31 22:19:20.081) Rtabmap.cpp:4428::process() [ROVER_SET] first_before=(0.00 0.00) first_after=(-0.00 -0.00)[0m
[rtabmap-46] [33m[ WARN] (2026-07-31 22:19:20.081) Rtabmap.cpp:4453::process() [ROVER_RESULT] current=150 target=14 rmse=0.07929 mean=0.03139 max=0.40309 max_id=60 pairs=116 suspicious=0[0m
[rtabmap-46] [33m[ WARN] (2026-07-31 22:19:20.081) Rtabmap.cpp:4488::process() [ROVER] LOOP_EVENT before=116, after=116, new_loops=1[0m
[rtabmap-46] [33m[ WARN] (2026-07-31 22:19:20.081) Rtabmap.cpp:4496::process() [ROVER] Added link 150 -> 14[0m
[rtabmap-46] [0m[INFO] [1785507560.302330195] [rtabmap]: rtabmap (150): Rate=1.00s, Limit=0.000s, Conversion=0.0005s, RTAB-Map=0.3457s, Maps update=0.1800s pub=0.0347s delay=0.2190s (local map=116, WM=116)[0m
[controller_server-48] [INFO] [1785507560.496946683] [local_costmap.local_costmap]: StaticLayer: Resizing static layer to 328 X 291 at 0.050000 m/pix
[planner_server-50] [INFO] [1785507560.736797944] [global_costmap.global_costmap]: StaticLayer: Resizing costmap to 328 X 291 at 0.050000 m/pix
[controller_server-48] [INFO] [1785507561.123346630] [controller_server]: Passing new path to controller.
[controller_server-48] [INFO] [1785507562.123345253] [controller_server]: Passing new path to controller.
[rtabmap-46] [31m[ERROR] (2026-07-31 22:19:22.928) Rtabmap.cpp:3569::process() [ROVER] TRY_ADD_GLOBAL current=151 target=14[0m
[rtabmap-46] [31m[ERROR] (2026-07-31 22:19:22.928) Rtabmap.cpp:3576::process() [ROVER] ADD_RESULT rejected=0[0m
[rtabmap-46] [33m[ WARN] (2026-07-31 22:19:22.999) Rtabmap.cpp:4334::process() [ROVER_PAIR] valid=1 pairs=117 first=1 last=151[0m
[rtabmap-46] [33m[ WARN] (2026-07-31 22:19:22.999) Rtabmap.cpp:4352::process() [ROVER_POINT] first=(1 -0.00 -0.00 -> 0.00 0.00) last=(151 -0.87 -0.78 -> -0.97 -1.09)[0m
[rtabmap-46] [33m[ WARN] (2026-07-31 22:19:22.999) Rtabmap.cpp:4373::process() [ROVER_SET] before=117 after=117[0m
[rtabmap-46] [33m[ WARN] (2026-07-31 22:19:22.999) Rtabmap.cpp:4387::process() [ROVER_CENTER] before=(2.475 0.486) after=(2.478 0.482)[0m
[rtabmap-46] [33m[ WARN] (2026-07-31 22:19:22.999) Rtabmap.cpp:4409::process() [ROVER_TRANSFORM] scale=1.00000 yaw=-0.123deg tx=-0.003 ty=0.010[0m
[rtabmap-46] [33m[ WARN] (2026-07-31 22:19:22.999) Rtabmap.cpp:4428::process() [ROVER_SET] first_before=(-0.00 -0.00) first_after=(0.00 0.00)[0m
[rtabmap-46] [33m[ WARN] (2026-07-31 22:19:22.999) Rtabmap.cpp:4453::process() [ROVER_RESULT] current=151 target=14 rmse=0.13340 mean=0.06235 max=0.59011 max_id=61 pairs=117 suspicious=1[0m
[rtabmap-46] [33m[ WARN] (2026-07-31 22:19:22.999) Rtabmap.cpp:4488::process() [ROVER] LOOP_EVENT before=117, after=117, new_loops=1[0m
[rtabmap-46] [33m[ WARN] (2026-07-31 22:19:22.999) Rtabmap.cpp:4496::process() [ROVER] Added link 151 -> 14[0m
[controller_server-48] [INFO] [1785507563.173376481] [controller_server]: Passing new path to controller.
[rtabmap-46] [0m[INFO] [1785507563.224305965] [rtabmap]: rtabmap (151): Rate=1.00s, Limit=0.000s, Conversion=0.0008s, RTAB-Map=0.3497s, Maps update=0.1822s pub=0.0392s delay=0.2100s (local map=117, WM=117)[0m
[controller_server-48] [INFO] [1785507563.296967541] [local_costmap.local_costmap]: StaticLayer: Resizing static layer to 334 X 296 at 0.050000 m/pix
[planner_server-50] [INFO] [1785507563.736675247] [global_costmap.global_costmap]: StaticLayer: Resizing costmap to 334 X 296 at 0.050000 m/pix
[controller_server-48] [INFO] [1785507564.223338590] [controller_server]: Passing new path to controller.
[controller_server-48] [INFO] [1785507565.223331120] [controller_server]: Passing new path to controller.
[rtabmap-46] [31m[ERROR] (2026-07-31 22:19:25.901) Rtabmap.cpp:3569::process() [ROVER] TRY_ADD_GLOBAL current=152 target=14[0m
[rtabmap-46] [31m[ERROR] (2026-07-31 22:19:25.901) Rtabmap.cpp:3576::process() [ROVER] ADD_RESULT rejected=0[0m
[rtabmap-46] [33m[ WARN] (2026-07-31 22:19:25.967) Rtabmap.cpp:4334::process() [ROVER_PAIR] valid=1 pairs=118 first=1 last=152[0m
[rtabmap-46] [33m[ WARN] (2026-07-31 22:19:25.967) Rtabmap.cpp:4352::process() [ROVER_POINT] first=(1 0.00 0.00 -> -0.00 -0.00) last=(152 -1.24 -1.11 -> -1.24 -1.15)[0m
[rtabmap-46] [33m[ WARN] (2026-07-31 22:19:25.967) Rtabmap.cpp:4373::process() [ROVER_SET] before=118 after=118[0m
[rtabmap-46] [33m[ WARN] (2026-07-31 22:19:25.967) Rtabmap.cpp:4387::process() [ROVER_CENTER] before=(2.446 0.468) after=(2.396 0.457)[0m
[rtabmap-46] [33m[ WARN] (2026-07-31 22:19:25.967) Rtabmap.cpp:4409::process() [ROVER_TRANSFORM] scale=1.00000 yaw=-1.117deg tx=0.041 ty=0.058[0m
[rtabmap-46] [33m[ WARN] (2026-07-31 22:19:25.967) Rtabmap.cpp:4428::process() [ROVER_SET] first_before=(0.00 0.00) first_after=(-0.00 -0.00)[0m
[rtabmap-46] [33m[ WARN] (2026-07-31 22:19:25.967) Rtabmap.cpp:4453::process() [ROVER_RESULT] current=152 target=14 rmse=0.19976 mean=0.10046 max=1.03499 max_id=62 pairs=118 suspicious=1[0m
[rtabmap-46] [33m[ WARN] (2026-07-31 22:19:25.967) Rtabmap.cpp:4488::process() [ROVER] LOOP_EVENT before=118, after=118, new_loops=1[0m
[rtabmap-46] [33m[ WARN] (2026-07-31 22:19:25.967) Rtabmap.cpp:4496::process() [ROVER] Added link 152 -> 14[0m
[rtabmap-46] [0m[INFO] [1785507566.172478736] [rtabmap]: rtabmap (152): Rate=1.00s, Limit=0.000s, Conversion=0.0009s, RTAB-Map=0.3408s, Maps update=0.1638s pub=0.0384s delay=0.2100s (local map=118, WM=118)[0m
[controller_server-48] [INFO] [1785507566.273341175] [controller_server]: Passing new path to controller.
[controller_server-48] [INFO] [1785507566.296976927] [local_costmap.local_costmap]: StaticLayer: Resizing static layer to 338 X 290 at 0.050000 m/pix
[exploration_manager-60] [INFO] [1785507566.637322346] [exploration_manager]: === Exploration Step ===
[exploration_manager-60] [INFO] [1785507566.638824724] [exploration_manager]: Already navigating. elapsed=55.0s
[planner_server-50] [INFO] [1785507566.736671370] [global_costmap.global_costmap]: StaticLayer: Resizing costmap to 338 X 290 at 0.050000 m/pix
[controller_server-48] [INFO] [1785507567.323430291] [controller_server]: Passing new path to controller.
[controller_server-48] [INFO] [1785507568.373336744] [controller_server]: Passing new path to controller.
[rtabmap-46] [31m[ERROR] (2026-07-31 22:19:28.867) Rtabmap.cpp:3569::process() [ROVER] TRY_ADD_GLOBAL current=153 target=14[0m
[rtabmap-46] [31m[ERROR] (2026-07-31 22:19:28.867) Rtabmap.cpp:3576::process() [ROVER] ADD_RESULT rejected=0[0m
[rtabmap-46] [33m[ WARN] (2026-07-31 22:19:28.938) Rtabmap.cpp:4334::process() [ROVER_PAIR] valid=1 pairs=119 first=1 last=153[0m
[rtabmap-46] [33m[ WARN] (2026-07-31 22:19:28.938) Rtabmap.cpp:4352::process() [ROVER_POINT] first=(1 -0.00 -0.00 -> 0.00 -0.00) last=(153 -1.50 -1.17 -> -1.50 -1.14)[0m
[rtabmap-46] [33m[ WARN] (2026-07-31 22:19:28.938) Rtabmap.cpp:4373::process() [ROVER_SET] before=119 after=119[0m
[rtabmap-46] [33m[ WARN] (2026-07-31 22:19:28.938) Rtabmap.cpp:4387::process() [ROVER_CENTER] before=(2.364 0.443) after=(2.432 0.457)[0m
[rtabmap-46] [33m[ WARN] (2026-07-31 22:19:28.938) Rtabmap.cpp:4409::process() [ROVER_TRANSFORM] scale=1.00000 yaw=1.419deg tx=-0.056 ty=-0.075[0m
[rtabmap-46] [33m[ WARN] (2026-07-31 22:19:28.938) Rtabmap.cpp:4428::process() [ROVER_SET] first_before=(-0.00 -0.00) first_after=(0.00 -0.00)[0m
[rtabmap-46] [33m[ WARN] (2026-07-31 22:19:28.938) Rtabmap.cpp:4453::process() [ROVER_RESULT] current=153 target=14 rmse=0.26953 mean=0.13393 max=1.47152 max_id=63 pairs=119 suspicious=1[0m
[rtabmap-46] [33m[ WARN] (2026-07-31 22:19:28.938) Rtabmap.cpp:4488::process() [ROVER] LOOP_EVENT before=119, after=119, new_loops=1[0m
[rtabmap-46] [33m[ WARN] (2026-07-31 22:19:28.938) Rtabmap.cpp:4496::process() [ROVER] Added link 153 -> 14[0m
[rtabmap-46] [0m[INFO] [1785507569.144782317] [rtabmap]: rtabmap (153): Rate=1.00s, Limit=0.000s, Conversion=0.0008s, RTAB-Map=0.3145s, Maps update=0.1678s pub=0.0346s delay=0.2100s (local map=119, WM=119)[0m
[controller_server-48] [INFO] [1785507569.296961993] [local_costmap.local_costmap]: StaticLayer: Resizing static layer to 345 X 295 at 0.050000 m/pix
[controller_server-48] [INFO] [1785507569.373349819] [controller_server]: Passing new path to controller.
[planner_server-50] [INFO] [1785507569.736674157] [global_costmap.global_costmap]: StaticLayer: Resizing costmap to 345 X 295 at 0.050000 m/pix
[controller_server-48] [INFO] [1785507570.423366771] [controller_server]: Passing new path to controller.
[controller_server-48] [INFO] [1785507571.473401623] [controller_server]: Passing new path to controller.
[rtabmap-46] [33m[ WARN] (2026-07-31 22:19:31.799) Rtabmap.cpp:3543::process() Rejected loop closure 13 -> 154: Not enough inliers 0/10 (matches=22) between 13 and 154[0m
[rtabmap-46] [0m[INFO] [1785507571.828391376] [rtabmap]: rtabmap (154): Rate=1.00s, Limit=0.000s, Conversion=0.0008s, RTAB-Map=0.2592s, Maps update=0.0107s pub=0.0161s delay=0.1470s (local map=120, WM=120)[0m
[controller_server-48] [INFO] [1785507571.896979127] [local_costmap.local_costmap]: StaticLayer: Resizing static layer to 355 X 295 at 0.050000 m/pix
[controller_server-48] [INFO] [1785507572.523348989] [controller_server]: Passing new path to controller.
[planner_server-50] [INFO] [1785507572.736650706] [global_costmap.global_costmap]: StaticLayer: Resizing costmap to 355 X 295 at 0.050000 m/pix
[controller_server-48] [INFO] [1785507573.523438164] [controller_server]: Passing new path to controller.
[rtabmap-46] [0m[INFO] [1785507574.562291787] [rtabmap]: rtabmap (155): Rate=1.00s, Limit=0.000s, Conversion=0.0006s, RTAB-Map=0.1465s, Maps update=0.0100s pub=0.0181s delay=0.0840s (local map=121, WM=121)[0m
[controller_server-48] [INFO] [1785507574.573334941] [controller_server]: Passing new path to controller.
[controller_server-48] [INFO] [1785507574.697103899] [local_costmap.local_costmap]: StaticLayer: Resizing static layer to 360 X 295 at 0.050000 m/pix
[planner_server-50] [INFO] [1785507574.736672845] [global_costmap.global_costmap]: StaticLayer: Resizing costmap to 360 X 295 at 0.050000 m/pix
[controller_server-48] [INFO] [1785507575.623347662] [controller_server]: Passing new path to controller.
[controller_server-48] [INFO] [1785507576.673381807] [controller_server]: Passing new path to controller.
[rtabmap-46] [31m[ERROR] (2026-07-31 22:19:37.487) Rtabmap.cpp:3569::process() [ROVER] TRY_ADD_GLOBAL current=156 target=104[0m
[rtabmap-46] [31m[ERROR] (2026-07-31 22:19:37.487) Rtabmap.cpp:3576::process() [ROVER] ADD_RESULT rejected=0[0m
[rtabmap-46] [33m[ WARN] (2026-07-31 22:19:37.554) Rtabmap.cpp:4334::process() [ROVER_PAIR] valid=1 pairs=122 first=1 last=156[0m
[rtabmap-46] [33m[ WARN] (2026-07-31 22:19:37.554) Rtabmap.cpp:4352::process() [ROVER_POINT] first=(1 0.00 -0.00 -> 0.00 -0.00) last=(156 -2.18 -1.47 -> -1.11 -2.02)[0m
[rtabmap-46] [33m[ WARN] (2026-07-31 22:19:37.554) Rtabmap.cpp:4373::process() [ROVER_SET] before=122 after=122[0m
[rtabmap-46] [33m[ WARN] (2026-07-31 22:19:37.554) Rtabmap.cpp:4387::process() [ROVER_CENTER] before=(2.323 0.414) after=(1.685 -0.501)[0m
[rtabmap-46] [33m[ WARN] (2026-07-31 22:19:37.554) Rtabmap.cpp:4409::process() [ROVER_TRANSFORM] scale=1.00000 yaw=37.952deg tx=0.687 ty=-0.227[0m
[rtabmap-46] [33m[ WARN] (2026-07-31 22:19:37.554) Rtabmap.cpp:4428::process() [ROVER_SET] first_before=(0.00 -0.00) first_after=(0.00 -0.00)[0m
[rtabmap-46] [33m[ WARN] (2026-07-31 22:19:37.554) Rtabmap.cpp:4453::process() [ROVER_RESULT] current=156 target=104 rmse=1.45136 mean=1.24359 max=3.39763 max_id=156 pairs=122 suspicious=1[0m
[rtabmap-46] [33m[ WARN] (2026-07-31 22:19:37.554) Rtabmap.cpp:4488::process() [ROVER] LOOP_EVENT before=122, after=122, new_loops=1[0m
[rtabmap-46] [33m[ WARN] (2026-07-31 22:19:37.554) Rtabmap.cpp:4496::process() [ROVER] Added link 156 -> 104[0m
[controller_server-48] [INFO] [1785507577.673332570] [controller_server]: Passing new path to controller.
[controller_server-48] [INFO] [1785507577.737701602] [controller_server]: Optimizer reset
[controller_server-48] [INFO] [1785507577.755582870] [controller_server]: Optimizer reset
[controller_server-48] [WARN] [1785507577.755722187] [controller_server]: Optimizer fail to compute path
[rtabmap-46] [0m[INFO] [1785507577.773160152] [rtabmap]: rtabmap (156): Rate=1.00s, Limit=0.000s, Conversion=0.0006s, RTAB-Map=0.2912s, Maps update=0.1769s pub=0.0383s delay=0.2070s (local map=122, WM=122)[0m
[controller_server-48] [INFO] [1785507577.787279673] [controller_server]: Optimizer reset
[controller_server-48] [INFO] [1785507577.805792118] [controller_server]: Optimizer reset
[controller_server-48] [WARN] [1785507577.805908888] [controller_server]: Optimizer fail to compute path
[controller_server-48] [INFO] [1785507577.837407964] [controller_server]: Optimizer reset
[controller_server-48] [INFO] [1785507577.857675921] [controller_server]: Optimizer reset
[controller_server-48] [WARN] [1785507577.857794976] [controller_server]: Optimizer fail to compute path
[controller_server-48] [INFO] [1785507577.891356220] [controller_server]: Optimizer reset
[controller_server-48] [INFO] [1785507577.908287700] [controller_server]: Optimizer reset
[controller_server-48] [WARN] [1785507577.908414107] [controller_server]: Optimizer fail to compute path
[controller_server-48] [INFO] [1785507577.908438677] [local_costmap.local_costmap]: StaticLayer: Resizing static layer to 316 X 273 at 0.050000 m/pix
[planner_server-50] [WARN] [1785507578.684409574] [planner_server]: GridBased plugin failed to plan from (-1.23, -2.05) to (0.62, -2.17): "Failed to create plan with tolerance of: 0.500000"
[planner_server-50] [WARN] [1785507578.684539020] [planner_server]: [compute_path_to_pose] [ActionServer] Aborting handle.
[planner_server-50] [INFO] [1785507578.702533139] [global_costmap.global_costmap]: Received request to clear entirely the global_costmap
[planner_server-50] [INFO] [1785507578.736652093] [global_costmap.global_costmap]: StaticLayer: Resizing costmap to 316 X 273 at 0.050000 m/pix
[controller_server-48] [INFO] [1785507578.773506720] [controller_server]: Passing new path to controller.
[controller_server-48] [INFO] [1785507579.773338674] [controller_server]: Passing new path to controller.
[controller_server-48] [WARN] [1785507579.884542859] [controller_server]: Control loop missed its desired rate of 20.0000 Hz. Current loop rate is 66.6667 Hz.
[controller_server-48] [WARN] [1785507579.995869272] [controller_server]: Control loop missed its desired rate of 20.0000 Hz. Current loop rate is 47.6190 Hz.
[controller_server-48] [WARN] [1785507580.347351083] [controller_server]: Control loop missed its desired rate of 20.0000 Hz. Current loop rate is 55.5556 Hz.
[rtabmap-46] [31m[ERROR] (2026-07-31 22:19:40.568) Rtabmap.cpp:3569::process() [ROVER] TRY_ADD_GLOBAL current=157 target=103[0m
[rtabmap-46] [31m[ERROR] (2026-07-31 22:19:40.568) Rtabmap.cpp:3576::process() [ROVER] ADD_RESULT rejected=0[0m
[rtabmap-46] [33m[ WARN] (2026-07-31 22:19:40.635) Rtabmap.cpp:4334::process() [ROVER_PAIR] valid=1 pairs=123 first=1 last=157[0m
[rtabmap-46] [33m[ WARN] (2026-07-31 22:19:40.635) Rtabmap.cpp:4352::process() [ROVER_POINT] first=(1 0.00 -0.00 -> 0.00 0.00) last=(157 -1.28 -2.07 -> -1.30 -1.93)[0m
[rtabmap-46] [33m[ WARN] (2026-07-31 22:19:40.635) Rtabmap.cpp:4373::process() [ROVER_SET] before=123 after=123[0m
[rtabmap-46] [33m[ WARN] (2026-07-31 22:19:40.635) Rtabmap.cpp:4387::process() [ROVER_CENTER] before=(1.661 -0.514) after=(1.394 -0.595)[0m
[rtabmap-46] [33m[ WARN] (2026-07-31 22:19:40.635) Rtabmap.cpp:4409::process() [ROVER_TRANSFORM] scale=1.00000 yaw=9.155deg tx=0.190 ty=-0.148[0m
[rtabmap-46] [33m[ WARN] (2026-07-31 22:19:40.635) Rtabmap.cpp:4428::process() [ROVER_SET] first_before=(0.00 -0.00) first_after=(0.00 0.00)[0m
[rtabmap-46] [33m[ WARN] (2026-07-31 22:19:40.635) Rtabmap.cpp:4453::process() [ROVER_RESULT] current=157 target=103 rmse=0.28289 mean=0.25425 max=0.52671 max_id=157 pairs=123 suspicious=1[0m
[rtabmap-46] [33m[ WARN] (2026-07-31 22:19:40.635) Rtabmap.cpp:4488::process() [ROVER] LOOP_EVENT before=123, after=123, new_loops=1[0m
[rtabmap-46] [33m[ WARN] (2026-07-31 22:19:40.635) Rtabmap.cpp:4496::process() [ROVER] Added link 157 -> 103[0m
[controller_server-48] [INFO] [1785507580.797518133] [controller_server]: Passing new path to controller.
[rtabmap-46] [0m[INFO] [1785507580.840713213] [rtabmap]: rtabmap (157): Rate=1.00s, Limit=0.000s, Conversion=0.0006s, RTAB-Map=0.3377s, Maps update=0.1669s pub=0.0358s delay=0.2340s (local map=123, WM=123)[0m
[controller_server-48] [INFO] [1785507580.896966256] [local_costmap.local_costmap]: StaticLayer: Resizing static layer to 309 X 266 at 0.050000 m/pix
[exploration_manager-60] [INFO] [1785507580.991930443] [exploration_manager]: === Exploration Step ===
[exploration_manager-60] [INFO] [1785507580.993508679] [exploration_manager]: Already navigating. elapsed=60.0s
[controller_server-48] [WARN] [1785507581.048623087] [controller_server]: Control loop missed its desired rate of 20.0000 Hz. Current loop rate is 66.6667 Hz.
[controller_server-48] [WARN] [1785507581.149809144] [controller_server]: Control loop missed its desired rate of 20.0000 Hz. Current loop rate is 66.6667 Hz.
[controller_server-48] [WARN] [1785507581.401011376] [controller_server]: Control loop missed its desired rate of 20.0000 Hz. Current loop rate is 83.3333 Hz.
[controller_server-48] [WARN] [1785507581.512536722] [controller_server]: Control loop missed its desired rate of 20.0000 Hz. Current loop rate is 66.6667 Hz.
[planner_server-50] [INFO] [1785507581.736654740] [global_costmap.global_costmap]: StaticLayer: Resizing costmap to 309 X 266 at 0.050000 m/pix
[controller_server-48] [INFO] [1785507581.862719527] [controller_server]: Passing new path to controller.
[controller_server-48] [WARN] [1785507582.263769579] [controller_server]: Control loop missed its desired rate of 20.0000 Hz. Current loop rate is 47.6190 Hz.
[controller_server-48] [WARN] [1785507582.315394487] [controller_server]: Control loop missed its desired rate of 20.0000 Hz. Current loop rate is 66.6667 Hz.
[controller_server-48] [INFO] [1785507582.865596783] [controller_server]: Passing new path to controller.
[rtabmap-46] [0m[INFO] [1785507583.392179632] [rtabmap]: rtabmap (158): Rate=1.00s, Limit=0.000s, Conversion=0.0008s, RTAB-Map=0.1190s, Maps update=0.0079s pub=0.0179s delay=0.0900s (local map=124, WM=124)[0m
[controller_server-48] [INFO] [1785507583.496930793] [local_costmap.local_costmap]: StaticLayer: Resizing static layer to 315 X 266 at 0.050000 m/pix
[controller_server-48] [WARN] [1785507583.566720858] [controller_server]: Control loop missed its desired rate of 20.0000 Hz. Current loop rate is 47.6190 Hz.
[planner_server-50] [INFO] [1785507583.736648405] [global_costmap.global_costmap]: StaticLayer: Resizing costmap to 315 X 266 at 0.050000 m/pix
[controller_server-48] [INFO] [1785507583.916890043] [controller_server]: Passing new path to controller.
[controller_server-48] [WARN] [1785507584.638220069] [controller_server]: Control loop missed its desired rate of 20.0000 Hz. Current loop rate is 55.5556 Hz.
[controller_server-48] [INFO] [1785507584.938404040] [controller_server]: Passing new path to controller.
[controller_server-48] [WARN] [1785507585.799663722] [controller_server]: Control loop missed its desired rate of 20.0000 Hz. Current loop rate is 66.6667 Hz.
[controller_server-48] [INFO] [1785507585.949873115] [controller_server]: Passing new path to controller.
[controller_server-48] [WARN] [1785507586.071388382] [controller_server]: Control loop missed its desired rate of 20.0000 Hz. Current loop rate is 47.6190 Hz.
[rtabmap-46] [0m[INFO] [1785507586.154366168] [rtabmap]: rtabmap (159): Rate=1.00s, Limit=0.000s, Conversion=0.0008s, RTAB-Map=0.1563s, Maps update=0.0075s pub=0.0155s delay=0.0840s (local map=125, WM=125)[0m
[controller_server-48] [WARN] [1785507586.322597944] [controller_server]: Control loop missed its desired rate of 20.0000 Hz. Current loop rate is 55.5556 Hz.
[controller_server-48] [WARN] [1785507586.474622814] [controller_server]: Control loop missed its desired rate of 20.0000 Hz. Current loop rate is 66.6667 Hz.
[controller_server-48] [WARN] [1785507586.625778390] [controller_server]: Control loop missed its desired rate of 20.0000 Hz. Current loop rate is 66.6667 Hz.
[controller_server-48] [INFO] [1785507586.975953844] [controller_server]: Passing new path to controller.
[controller_server-48] [WARN] [1785507587.377010349] [controller_server]: Control loop missed its desired rate of 20.0000 Hz. Current loop rate is 55.5556 Hz.
[controller_server-48] [WARN] [1785507587.928309305] [controller_server]: Control loop missed its desired rate of 20.0000 Hz. Current loop rate is 55.5556 Hz.
[controller_server-48] [INFO] [1785507587.978503836] [controller_server]: Passing new path to controller.
[rtabmap-46] [0m[INFO] [1785507588.885722141] [rtabmap]: rtabmap (160): Rate=1.00s, Limit=0.000s, Conversion=0.0008s, RTAB-Map=0.2164s, Maps update=0.0085s pub=0.0149s delay=0.1290s (local map=126, WM=126)[0m
[controller_server-48] [INFO] [1785507589.028544554] [controller_server]: Passing new path to controller.
[controller_server-48] [WARN] [1785507589.929474991] [controller_server]: Control loop missed its desired rate of 20.0000 Hz. Current loop rate is 83.3333 Hz.
[controller_server-48] [INFO] [1785507590.029668936] [controller_server]: Passing new path to controller.
[controller_server-48] [WARN] [1785507590.180661754] [controller_server]: Control loop missed its desired rate of 20.0000 Hz. Current loop rate is 66.6667 Hz.
[controller_server-48] [WARN] [1785507590.831878525] [controller_server]: Control loop missed its desired rate of 20.0000 Hz. Current loop rate is 55.5556 Hz.
[controller_server-48] [INFO] [1785507591.082039741] [controller_server]: Passing new path to controller.
[controller_server-48] [WARN] [1785507591.353237914] [controller_server]: Control loop missed its desired rate of 20.0000 Hz. Current loop rate is 66.6667 Hz.
[rtabmap-46] [31m[ERROR] (2026-07-31 22:19:51.548) Rtabmap.cpp:3569::process() [ROVER] TRY_ADD_GLOBAL current=161 target=27[0m
[rtabmap-46] [31m[ERROR] (2026-07-31 22:19:51.548) Rtabmap.cpp:3576::process() [ROVER] ADD_RESULT rejected=0[0m
[rtabmap-46] [33m[ WARN] (2026-07-31 22:19:51.601) Rtabmap.cpp:4334::process() [ROVER_PAIR] valid=1 pairs=127 first=1 last=161[0m
[rtabmap-46] [33m[ WARN] (2026-07-31 22:19:51.602) Rtabmap.cpp:4352::process() [ROVER_POINT] first=(1 0.00 0.00 -> 0.00 -0.00) last=(161 -1.30 -1.93 -> -1.43 -2.18)[0m
[rtabmap-46] [33m[ WARN] (2026-07-31 22:19:51.602) Rtabmap.cpp:4373::process() [ROVER_SET] before=127 after=127[0m
[rtabmap-46] [33m[ WARN] (2026-07-31 22:19:51.602) Rtabmap.cpp:4387::process() [ROVER_CENTER] before=(1.309 -0.637) after=(1.250 -0.720)[0m
[rtabmap-46] [33m[ WARN] (2026-07-31 22:19:51.602) Rtabmap.cpp:4409::process() [ROVER_TRANSFORM] scale=1.00000 yaw=0.354deg tx=0.055 ty=0.075[0m
[rtabmap-46] [33m[ WARN] (2026-07-31 22:19:51.602) Rtabmap.cpp:4428::process() [ROVER_SET] first_before=(0.00 0.00) first_after=(0.00 -0.00)[0m
[rtabmap-46] [33m[ WARN] (2026-07-31 22:19:51.602) Rtabmap.cpp:4453::process() [ROVER_RESULT] current=161 target=27 rmse=0.13185 mean=0.10492 max=0.44087 max_id=63 pairs=127 suspicious=1[0m
[rtabmap-46] [33m[ WARN] (2026-07-31 22:19:51.602) Rtabmap.cpp:4488::process() [ROVER] LOOP_EVENT before=127, after=127, new_loops=1[0m
[rtabmap-46] [33m[ WARN] (2026-07-31 22:19:51.602) Rtabmap.cpp:4496::process() [ROVER] Added link 161 -> 27[0m
[rtabmap-46] [0m[INFO] [1785507591.800318781] [rtabmap]: rtabmap (161): Rate=1.00s, Limit=0.000s, Conversion=0.0005s, RTAB-Map=0.3416s, Maps update=0.1546s pub=0.0408s delay=0.2070s (local map=127, WM=127)[0m
[controller_server-48] [INFO] [1785507591.896962324] [local_costmap.local_costmap]: StaticLayer: Resizing static layer to 323 X 268 at 0.050000 m/pix
[controller_server-48] [INFO] [1785507592.103395433] [controller_server]: Passing new path to controller.
[planner_server-50] [INFO] [1785507592.736648234] [global_costmap.global_costmap]: StaticLayer: Resizing costmap to 323 X 268 at 0.050000 m/pix
[controller_server-48] [WARN] [1785507592.854528239] [controller_server]: Control loop missed its desired rate of 20.0000 Hz. Current loop rate is 55.5556 Hz.
[controller_server-48] [WARN] [1785507592.955945125] [controller_server]: Control loop missed its desired rate of 20.0000 Hz. Current loop rate is 47.6190 Hz.
[controller_server-48] [WARN] [1785507593.057131903] [controller_server]: Control loop missed its desired rate of 20.0000 Hz. Current loop rate is 55.5556 Hz.
[controller_server-48] [INFO] [1785507593.107287072] [controller_server]: Passing new path to controller.
[controller_server-48] [WARN] [1785507593.808398251] [controller_server]: Control loop missed its desired rate of 20.0000 Hz. Current loop rate is 83.3333 Hz.
[controller_server-48] [WARN] [1785507593.859573606] [controller_server]: Control loop missed its desired rate of 20.0000 Hz. Current loop rate is 41.6667 Hz.
[controller_server-48] [INFO] [1785507594.159804546] [controller_server]: Passing new path to controller.
[controller_server-48] [WARN] [1785507594.211434397] [controller_server]: Control loop missed its desired rate of 20.0000 Hz. Current loop rate is 55.5556 Hz.
[controller_server-48] [WARN] [1785507594.283002135] [controller_server]: Control loop missed its desired rate of 20.0000 Hz. Current loop rate is 66.6667 Hz.
[rtabmap-46] [31m[ERROR] (2026-07-31 22:19:54.434) Rtabmap.cpp:3569::process() [ROVER] TRY_ADD_GLOBAL current=162 target=28[0m
[rtabmap-46] [31m[ERROR] (2026-07-31 22:19:54.434) Rtabmap.cpp:3576::process() [ROVER] ADD_RESULT rejected=0[0m
[rtabmap-46] [33m[ WARN] (2026-07-31 22:19:54.501) Rtabmap.cpp:4334::process() [ROVER_PAIR] valid=1 pairs=128 first=1 last=162[0m
[rtabmap-46] [33m[ WARN] (2026-07-31 22:19:54.501) Rtabmap.cpp:4352::process() [ROVER_POINT] first=(1 0.00 -0.00 -> 0.00 0.00) last=(162 -1.43 -2.18 -> -1.62 -2.28)[0m
[rtabmap-46] [33m[ WARN] (2026-07-31 22:19:54.501) Rtabmap.cpp:4373::process() [ROVER_SET] before=128 after=128[0m
[rtabmap-46] [33m[ WARN] (2026-07-31 22:19:54.501) Rtabmap.cpp:4387::process() [ROVER_CENTER] before=(1.229 -0.732) after=(1.148 -0.747)[0m
[rtabmap-46] [33m[ WARN] (2026-07-31 22:19:54.501) Rtabmap.cpp:4409::process() [ROVER_TRANSFORM] scale=1.00000 yaw=-0.688deg tx=0.090 ty=0.029[0m
[rtabmap-46] [33m[ WARN] (2026-07-31 22:19:54.501) Rtabmap.cpp:4428::process() [ROVER_SET] first_before=(0.00 -0.00) first_after=(0.00 0.00)[0m
[rtabmap-46] [33m[ WARN] (2026-07-31 22:19:54.501) Rtabmap.cpp:4453::process() [ROVER_RESULT] current=162 target=28 rmse=0.17422 mean=0.11107 max=0.85561 max_id=61 pairs=128 suspicious=1[0m
[rtabmap-46] [33m[ WARN] (2026-07-31 22:19:54.501) Rtabmap.cpp:4488::process() [ROVER] LOOP_EVENT before=128, after=128, new_loops=1[0m
[rtabmap-46] [33m[ WARN] (2026-07-31 22:19:54.501) Rtabmap.cpp:4496::process() [ROVER] Added link 162 -> 28[0m
[exploration_manager-60] [INFO] [1785507594.633859922] [exploration_manager]: === Exploration Step ===
[exploration_manager-60] [INFO] [1785507594.635221941] [exploration_manager]: Already navigating. elapsed=65.0s
[exploration_manager-60] [WARN] [1785507594.636569921] [exploration_manager]: Navigation timeout. Canceling current goal.
[bt_navigator-53] [ERROR] [1785507594.662785350] [bt_navigator_navigate_to_pose_rclcpp_node]: Failed to get result for follow_path in node halt!
[bt_navigator-53] [INFO] [1785507594.663018187] [bt_navigator]: [navigate_to_pose] [ActionServer] Client requested to cancel the goal. Cancelling.
[bt_navigator-53] [INFO] [1785507594.663364983] [bt_navigator]: Goal canceled
[exploration_manager-60] [INFO] [1785507594.665213239] [exploration_manager]: Navigation finished. status=5, error_code=0, error_msg=
[controller_server-48] [INFO] [1785507594.683173010] [controller_server]: Cancellation was successful. Stopping the robot.
[controller_server-48] [INFO] [1785507594.683269782] [controller_server]: [follow_path] [ActionServer] Client requested to cancel the goal. Cancelling.
[controller_server-48] [INFO] [1785507594.684349281] [controller_server]: Optimizer reset
[rtabmap-46] [0m[INFO] [1785507594.696193501] [rtabmap]: rtabmap (162): Rate=1.00s, Limit=0.000s, Conversion=0.0006s, RTAB-Map=0.3024s, Maps update=0.1520s pub=0.0399s delay=0.1860s (local map=128, WM=128)[0m
[controller_server-48] [INFO] [1785507594.696965942] [local_costmap.local_costmap]: StaticLayer: Resizing static layer to 321 X 269 at 0.050000 m/pix
[planner_server-50] [INFO] [1785507594.736668745] [global_costmap.global_costmap]: StaticLayer: Resizing costmap to 321 X 269 at 0.050000 m/pix
[gazebo-1] [WARN] [1785507596.074355752] [diffdrive_controller]: Ignoring the received message (timestamp 165.0150000000) because it is older than the current time by 0.5100000000 seconds, which exceeds the allowed timeout (0.5000)
[gazebo-1] [WARN] [1785507596.135964596] [diffdrive_controller]: Ignoring the received message (timestamp 165.0150000000) because it is older than the current time by 0.5370000000 seconds, which exceeds the allowed timeout (0.5000)
[gazebo-1] [WARN] [1785507596.203448248] [diffdrive_controller]: Ignoring the received message (timestamp 165.0150000000) because it is older than the current time by 0.5610000000 seconds, which exceeds the allowed timeout (0.5000)
[gazebo-1] [WARN] [1785507596.275830824] [diffdrive_controller]: Ignoring the received message (timestamp 165.0150000000) because it is older than the current time by 0.5850000000 seconds, which exceeds the allowed timeout (0.5000)
[gazebo-1] [WARN] [1785507596.328006432] [diffdrive_controller]: Ignoring the received message (timestamp 165.0150000000) because it is older than the current time by 0.6120000000 seconds, which exceeds the allowed timeout (0.5000)
[gazebo-1] [WARN] [1785507596.392478820] [diffdrive_controller]: Ignoring the received message (timestamp 165.0150000000) because it is older than the current time by 0.6360000000 seconds, which exceeds the allowed timeout (0.5000)
[gazebo-1] [WARN] [1785507596.467903841] [diffdrive_controller]: Ignoring the received message (timestamp 165.0150000000) because it is older than the current time by 0.6600000000 seconds, which exceeds the allowed timeout (0.5000)
[gazebo-1] [WARN] [1785507596.560767717] [diffdrive_controller]: Ignoring the received message (timestamp 165.0150000000) because it is older than the current time by 0.6870000000 seconds, which exceeds the allowed timeout (0.5000)
[gazebo-1] [WARN] [1785507596.607819944] [diffdrive_controller]: Ignoring the received message (timestamp 165.0150000000) because it is older than the current time by 0.7080000000 seconds, which exceeds the allowed timeout (0.5000)
[gazebo-1] [WARN] [1785507596.683070506] [diffdrive_controller]: Ignoring the received message (timestamp 165.0150000000) because it is older than the current time by 0.7350000000 seconds, which exceeds the allowed timeout (0.5000)
[gazebo-1] [WARN] [1785507596.752123203] [diffdrive_controller]: Ignoring the received message (timestamp 165.0150000000) because it is older than the current time by 0.7620000000 seconds, which exceeds the allowed timeout (0.5000)
[gazebo-1] [WARN] [1785507596.816193779] [diffdrive_controller]: Ignoring the received message (timestamp 165.0150000000) because it is older than the current time by 0.7860000000 seconds, which exceeds the allowed timeout (0.5000)
[gazebo-1] [WARN] [1785507596.870659626] [diffdrive_controller]: Ignoring the received message (timestamp 165.0150000000) because it is older than the current time by 0.8100000000 seconds, which exceeds the allowed timeout (0.5000)
[gazebo-1] [WARN] [1785507596.951628859] [diffdrive_controller]: Ignoring the received message (timestamp 165.0150000000) because it is older than the current time by 0.8370000000 seconds, which exceeds the allowed timeout (0.5000)
[gazebo-1] [WARN] [1785507597.020915605] [diffdrive_controller]: Ignoring the received message (timestamp 165.0150000000) because it is older than the current time by 0.8610000000 seconds, which exceeds the allowed timeout (0.5000)
[gazebo-1] [WARN] [1785507597.078139352] [diffdrive_controller]: Ignoring the received message (timestamp 165.0150000000) because it is older than the current time by 0.8850000000 seconds, which exceeds the allowed timeout (0.5000)
[gazebo-1] [WARN] [1785507597.187453347] [diffdrive_controller]: Ignoring the received message (timestamp 165.0150000000) because it is older than the current time by 0.9120000000 seconds, which exceeds the allowed timeout (0.5000)
[gazebo-1] [WARN] [1785507597.223335130] [diffdrive_controller]: Ignoring the received message (timestamp 165.0150000000) because it is older than the current time by 0.9360000000 seconds, which exceeds the allowed timeout (0.5000)
[rtabmap-46] [31m[ERROR] (2026-07-31 22:19:57.241) Rtabmap.cpp:3569::process() [ROVER] TRY_ADD_GLOBAL current=163 target=28[0m
[rtabmap-46] [31m[ERROR] (2026-07-31 22:19:57.241) Rtabmap.cpp:3576::process() [ROVER] ADD_RESULT rejected=0[0m
[rtabmap-46] [33m[ WARN] (2026-07-31 22:19:57.301) Rtabmap.cpp:4334::process() [ROVER_PAIR] valid=1 pairs=129 first=1 last=163[0m
[rtabmap-46] [33m[ WARN] (2026-07-31 22:19:57.301) Rtabmap.cpp:4352::process() [ROVER_POINT] first=(1 0.00 0.00 -> 0.00 -0.00) last=(163 -1.62 -2.28 -> -1.76 -2.26)[0m
[rtabmap-46] [33m[ WARN] (2026-07-31 22:19:57.301) Rtabmap.cpp:4373::process() [ROVER_SET] before=129 after=129[0m
[rtabmap-46] [33m[ WARN] (2026-07-31 22:19:57.301) Rtabmap.cpp:4387::process() [ROVER_CENTER] before=(1.126 -0.759) after=(1.085 -0.840)[0m
[rtabmap-46] [33m[ WARN] (2026-07-31 22:19:57.301) Rtabmap.cpp:4409::process() [ROVER_TRANSFORM] scale=1.00000 yaw=3.800deg tx=-0.012 ty=0.007[0m
[rtabmap-46] [33m[ WARN] (2026-07-31 22:19:57.301) Rtabmap.cpp:4428::process() [ROVER_SET] first_before=(0.00 0.00) first_after=(0.00 -0.00)[0m
[rtabmap-46] [33m[ WARN] (2026-07-31 22:19:57.301) Rtabmap.cpp:4453::process() [ROVER_RESULT] current=163 target=28 rmse=0.21775 mean=0.11079 max=1.22474 max_id=62 pairs=129 suspicious=1[0m
[rtabmap-46] [33m[ WARN] (2026-07-31 22:19:57.302) Rtabmap.cpp:4488::process() [ROVER] LOOP_EVENT before=129, after=129, new_loops=1[0m
[rtabmap-46] [33m[ WARN] (2026-07-31 22:19:57.302) Rtabmap.cpp:4496::process() [ROVER] Added link 163 -> 28[0m
[gazebo-1] [WARN] [1785507597.315520777] [diffdrive_controller]: Ignoring the received message (timestamp 165.0150000000) because it is older than the current time by 0.9600000000 seconds, which exceeds the allowed timeout (0.5000)
[gazebo-1] [WARN] [1785507597.408852438] [diffdrive_controller]: Ignoring the received message (timestamp 165.0150000000) because it is older than the current time by 0.9840000000 seconds, which exceeds the allowed timeout (0.5000)
[gazebo-1] [WARN] [1785507597.484028608] [diffdrive_controller]: Ignoring the received message (timestamp 165.0150000000) because it is older than the current time by 1.0110000000 seconds, which exceeds the allowed timeout (0.5000)
[rtabmap-46] [0m[INFO] [1785507597.506412384] [rtabmap]: rtabmap (163): Rate=1.00s, Limit=0.000s, Conversion=0.0007s, RTAB-Map=0.2832s, Maps update=0.1631s pub=0.0382s delay=0.1800s (local map=129, WM=129)[0m
[gazebo-1] [WARN] [1785507597.522683060] [diffdrive_controller]: Ignoring the received message (timestamp 165.0150000000) because it is older than the current time by 1.0350000000 seconds, which exceeds the allowed timeout (0.5000)
[gazebo-1] [WARN] [1785507597.601997387] [diffdrive_controller]: Ignoring the received message (timestamp 165.0150000000) because it is older than the current time by 1.0620000000 seconds, which exceeds the allowed timeout (0.5000)
[gazebo-1] [WARN] [1785507597.681351470] [diffdrive_controller]: Ignoring the received message (timestamp 165.0150000000) because it is older than the current time by 1.0860000000 seconds, which exceeds the allowed timeout (0.5000)
[controller_server-48] [INFO] [1785507597.696966424] [local_costmap.local_costmap]: StaticLayer: Resizing static layer to 328 X 270 at 0.050000 m/pix
[planner_server-50] [INFO] [1785507597.736642308] [global_costmap.global_costmap]: StaticLayer: Resizing costmap to 328 X 270 at 0.050000 m/pix
[gazebo-1] [WARN] [1785507597.762714755] [diffdrive_controller]: Ignoring the received message (timestamp 165.0150000000) because it is older than the current time by 1.1100000000 seconds, which exceeds the allowed timeout (0.5000)
[gazebo-1] [WARN] [1785507597.820477037] [diffdrive_controller]: Ignoring the received message (timestamp 165.0150000000) because it is older than the current time by 1.1340000000 seconds, which exceeds the allowed timeout (0.5000)
[gazebo-1] [WARN] [1785507597.890154325] [diffdrive_controller]: Ignoring the received message (timestamp 165.0150000000) because it is older than the current time by 1.1610000000 seconds, which exceeds the allowed timeout (0.5000)
[gazebo-1] [WARN] [1785507597.958833054] [diffdrive_controller]: Ignoring the received message (timestamp 165.0150000000) because it is older than the current time by 1.1850000000 seconds, which exceeds the allowed timeout (0.5000)
[gazebo-1] [WARN] [1785507598.048291409] [diffdrive_controller]: Ignoring the received message (timestamp 165.0150000000) because it is older than the current time by 1.2120000000 seconds, which exceeds the allowed timeout (0.5000)
[gazebo-1] [WARN] [1785507598.098985138] [diffdrive_controller]: Ignoring the received message (timestamp 165.0150000000) because it is older than the current time by 1.2360000000 seconds, which exceeds the allowed timeout (0.5000)
[gazebo-1] [WARN] [1785507598.156118423] [diffdrive_controller]: Ignoring the received message (timestamp 165.0150000000) because it is older than the current time by 1.2600000000 seconds, which exceeds the allowed timeout (0.5000)
[gazebo-1] [WARN] [1785507598.245296932] [diffdrive_controller]: Ignoring the received message (timestamp 165.0150000000) because it is older than the current time by 1.2870000000 seconds, which exceeds the allowed timeout (0.5000)
[gazebo-1] [WARN] [1785507598.315134631] [diffdrive_controller]: Ignoring the received message (timestamp 165.0150000000) because it is older than the current time by 1.3110000000 seconds, which exceeds the allowed timeout (0.5000)
[gazebo-1] [WARN] [1785507598.370614933] [diffdrive_controller]: Ignoring the received message (timestamp 165.0150000000) because it is older than the current time by 1.3350000000 seconds, which exceeds the allowed timeout (0.5000)
[gazebo-1] [WARN] [1785507598.447405722] [diffdrive_controller]: Ignoring the received message (timestamp 165.0150000000) because it is older than the current time by 1.3620000000 seconds, which exceeds the allowed timeout (0.5000)
[gazebo-1] [WARN] [1785507598.496929477] [diffdrive_controller]: Ignoring the received message (timestamp 165.0150000000) because it is older than the current time by 1.3860000000 seconds, which exceeds the allowed timeout (0.5000)
[gazebo-1] [WARN] [1785507598.573126761] [diffdrive_controller]: Ignoring the received message (timestamp 165.0150000000) because it is older than the current time by 1.4100000000 seconds, which exceeds the allowed timeout (0.5000)
[gazebo-1] [WARN] [1785507598.648042957] [diffdrive_controller]: Ignoring the received message (timestamp 165.0150000000) because it is older than the current time by 1.4370000000 seconds, which exceeds the allowed timeout (0.5000)
[gazebo-1] [WARN] [1785507598.709691826] [diffdrive_controller]: Ignoring the received message (timestamp 165.0150000000) because it is older than the current time by 1.4610000000 seconds, which exceeds the allowed timeout (0.5000)
[gazebo-1] [WARN] [1785507598.792694519] [diffdrive_controller]: Ignoring the received message (timestamp 165.0150000000) because it is older than the current time by 1.4850000000 seconds, which exceeds the allowed timeout (0.5000)
[rtabmap-46] [31m[ERROR] (2026-07-31 22:20:00.070) Rtabmap.cpp:3569::process() [ROVER] TRY_ADD_GLOBAL current=163 target=28[0m
[rtabmap-46] [31m[ERROR] (2026-07-31 22:20:00.070) Rtabmap.cpp:3576::process() [ROVER] ADD_RESULT rejected=0[0m
[rtabmap-46] [33m[ WARN] (2026-07-31 22:20:00.132) Rtabmap.cpp:4334::process() [ROVER_PAIR] valid=1 pairs=129 first=1 last=163[0m
[rtabmap-46] [33m[ WARN] (2026-07-31 22:20:00.132) Rtabmap.cpp:4352::process() [ROVER_POINT] first=(1 0.00 -0.00 -> 0.00 -0.00) last=(163 -1.76 -2.26 -> -1.76 -2.27)[0m
[rtabmap-46] [33m[ WARN] (2026-07-31 22:20:00.132) Rtabmap.cpp:4373::process() [ROVER_SET] before=129 after=129[0m
[rtabmap-46] [33m[ WARN] (2026-07-31 22:20:00.132) Rtabmap.cpp:4387::process() [ROVER_CENTER] before=(1.085 -0.840) after=(1.047 -0.805)[0m
[rtabmap-46] [33m[ WARN] (2026-07-31 22:20:00.133) Rtabmap.cpp:4409::process() [ROVER_TRANSFORM] scale=1.00000 yaw=-1.537deg tx=0.060 ty=-0.007[0m
[rtabmap-46] [33m[ WARN] (2026-07-31 22:20:00.133) Rtabmap.cpp:4428::process() [ROVER_SET] first_before=(0.00 -0.00) first_after=(0.00 -0.00)[0m
[rtabmap-46] [33m[ WARN] (2026-07-31 22:20:00.133) Rtabmap.cpp:4453::process() [ROVER_RESULT] current=163 target=28 rmse=0.22350 mean=0.10311 max=1.24515 max_id=64 pairs=129 suspicious=1[0m
[rtabmap-46] [33m[ WARN] (2026-07-31 22:20:00.133) Rtabmap.cpp:4488::process() [ROVER] LOOP_EVENT before=129, after=129, new_loops=1[0m
[rtabmap-46] [33m[ WARN] (2026-07-31 22:20:00.133) Rtabmap.cpp:4496::process() [ROVER] Added link 163 -> 28[0m
[rtabmap-46] [0m[INFO] [1785507600.329570896] [rtabmap]: rtabmap (164): Rate=1.00s, Limit=0.000s, Conversion=0.0007s, RTAB-Map=0.2692s, Maps update=0.1538s pub=0.0386s delay=0.1710s (local map=129, WM=129)[0m
[controller_server-48] [INFO] [1785507600.496943044] [local_costmap.local_costmap]: StaticLayer: Resizing static layer to 317 X 270 at 0.050000 m/pix
[planner_server-50] [INFO] [1785507600.736648239] [global_costmap.global_costmap]: StaticLayer: Resizing costmap to 317 X 270 at 0.050000 m/pix
[rtabmap-46] [31m[ERROR] (2026-07-31 22:20:02.843) Rtabmap.cpp:3569::process() [ROVER] TRY_ADD_GLOBAL current=163 target=28[0m
[rtabmap-46] [31m[ERROR] (2026-07-31 22:20:02.843) Rtabmap.cpp:3576::process() [ROVER] ADD_RESULT rejected=0[0m
[rtabmap-46] [33m[ WARN] (2026-07-31 22:20:02.916) Rtabmap.cpp:4334::process() [ROVER_PAIR] valid=1 pairs=129 first=1 last=163[0m
[rtabmap-46] [33m[ WARN] (2026-07-31 22:20:02.916) Rtabmap.cpp:4352::process() [ROVER_POINT] first=(1 0.00 -0.00 -> 0.00 0.00) last=(163 -1.76 -2.27 -> -1.76 -2.27)[0m
[rtabmap-46] [33m[ WARN] (2026-07-31 22:20:02.916) Rtabmap.cpp:4373::process() [ROVER_SET] before=129 after=129[0m
[rtabmap-46] [33m[ WARN] (2026-07-31 22:20:02.916) Rtabmap.cpp:4387::process() [ROVER_CENTER] before=(1.047 -0.805) after=(1.054 -0.826)[0m
[rtabmap-46] [33m[ WARN] (2026-07-31 22:20:02.916) Rtabmap.cpp:4409::process() [ROVER_TRANSFORM] scale=1.00000 yaw=0.728deg tx=-0.017 ty=0.008[0m
[rtabmap-46] [33m[ WARN] (2026-07-31 22:20:02.916) Rtabmap.cpp:4428::process() [ROVER_SET] first_before=(0.00 -0.00) first_after=(0.00 0.00)[0m
[rtabmap-46] [33m[ WARN] (2026-07-31 22:20:02.916) Rtabmap.cpp:4453::process() [ROVER_RESULT] current=163 target=28 rmse=0.12226 mean=0.05215 max=0.72438 max_id=65 pairs=129 suspicious=1[0m
[rtabmap-46] [33m[ WARN] (2026-07-31 22:20:02.916) Rtabmap.cpp:4488::process() [ROVER] LOOP_EVENT before=129, after=129, new_loops=1[0m
[rtabmap-46] [33m[ WARN] (2026-07-31 22:20:02.916) Rtabmap.cpp:4496::process() [ROVER] Added link 163 -> 28[0m
[rtabmap-46] [0m[INFO] [1785507603.115610897] [rtabmap]: rtabmap (165): Rate=1.00s, Limit=0.000s, Conversion=0.0008s, RTAB-Map=0.3095s, Maps update=0.1596s pub=0.0356s delay=0.1770s (local map=129, WM=129)[0m
[controller_server-48] [INFO] [1785507603.296966262] [local_costmap.local_costmap]: StaticLayer: Resizing static layer to 320 X 270 at 0.050000 m/pix
[planner_server-50] [INFO] [1785507603.736659027] [global_costmap.global_costmap]: StaticLayer: Resizing costmap to 320 X 270 at 0.050000 m/pix
[rtabmap-46] [31m[ERROR] (2026-07-31 22:20:05.736) Rtabmap.cpp:3569::process() [ROVER] TRY_ADD_GLOBAL current=163 target=28[0m
[rtabmap-46] [31m[ERROR] (2026-07-31 22:20:05.736) Rtabmap.cpp:3576::process() [ROVER] ADD_RESULT rejected=0[0m
[rtabmap-46] [33m[ WARN] (2026-07-31 22:20:05.808) Rtabmap.cpp:4334::process() [ROVER_PAIR] valid=1 pairs=129 first=1 last=163[0m
[rtabmap-46] [33m[ WARN] (2026-07-31 22:20:05.808) Rtabmap.cpp:4352::process() [ROVER_POINT] first=(1 0.00 0.00 -> 0.00 -0.00) last=(163 -1.76 -2.27 -> -1.76 -2.27)[0m
[rtabmap-46] [33m[ WARN] (2026-07-31 22:20:05.808) Rtabmap.cpp:4373::process() [ROVER_SET] before=129 after=129[0m
[rtabmap-46] [33m[ WARN] (2026-07-31 22:20:05.808) Rtabmap.cpp:4387::process() [ROVER_CENTER] before=(1.054 -0.826) after=(1.072 -0.824)[0m
[rtabmap-46] [33m[ WARN] (2026-07-31 22:20:05.808) Rtabmap.cpp:4409::process() [ROVER_TRANSFORM] scale=1.00000 yaw=0.015deg tx=-0.018 ty=-0.002[0m
[rtabmap-46] [33m[ WARN] (2026-07-31 22:20:05.808) Rtabmap.cpp:4428::process() [ROVER_SET] first_before=(0.00 0.00) first_after=(0.00 -0.00)[0m
[rtabmap-46] [33m[ WARN] (2026-07-31 22:20:05.808) Rtabmap.cpp:4453::process() [ROVER_RESULT] current=163 target=28 rmse=0.10940 mean=0.04517 max=0.51598 max_id=63 pairs=129 suspicious=1[0m
[rtabmap-46] [33m[ WARN] (2026-07-31 22:20:05.808) Rtabmap.cpp:4488::process() [ROVER] LOOP_EVENT before=129, after=129, new_loops=1[0m
[rtabmap-46] [33m[ WARN] (2026-07-31 22:20:05.808) Rtabmap.cpp:4496::process() [ROVER] Added link 163 -> 28[0m
[rtabmap-46] [0m[INFO] [1785507606.015609601] [rtabmap]: rtabmap (166): Rate=1.00s, Limit=0.000s, Conversion=0.0007s, RTAB-Map=0.3028s, Maps update=0.1694s pub=0.0346s delay=0.1800s (local map=129, WM=129)[0m
[controller_server-48] [INFO] [1785507606.097148805] [local_costmap.local_costmap]: StaticLayer: Resizing static layer to 324 X 270 at 0.050000 m/pix
[planner_server-50] [INFO] [1785507606.736659848] [global_costmap.global_costmap]: StaticLayer: Resizing costmap to 324 X 270 at 0.050000 m/pix
[exploration_manager-60] [INFO] [1785507608.396516445] [exploration_manager]: === Exploration Step ===
[exploration_manager-60] [INFO] [1785507608.399085028] [exploration_manager]: Calling compute_next_goal()
[exploration_manager-60] [INFO] [1785507608.399771175] [exploration_manager]: DEBUG: compute_next_goal entered
[exploration_manager-60] [INFO] [1785507608.413090122] [exploration_manager]: Map stats: width=324, height=270, free=52566, occupied=1134, unknown=33780
[rtabmap-46] [31m[ERROR] (2026-07-31 22:20:08.548) Rtabmap.cpp:3569::process() [ROVER] TRY_ADD_GLOBAL current=163 target=28[0m
[rtabmap-46] [31m[ERROR] (2026-07-31 22:20:08.548) Rtabmap.cpp:3576::process() [ROVER] ADD_RESULT rejected=0[0m
[exploration_manager-60] [INFO] [1785507608.565823393] [exploration_manager]: Frontier cluster candidate: size=28, unknown=764, distance=4.77, revisit_penalty=0.0, score=721.90, goal=(-0.51, -6.87)
[exploration_manager-60] [INFO] [1785507608.569054687] [exploration_manager]: Frontier cluster candidate: size=156, unknown=1452, distance=4.94, revisit_penalty=0.0, score=1433.81, goal=(0.99, -6.37)
[exploration_manager-60] [INFO] [1785507608.572008569] [exploration_manager]: Frontier cluster candidate: size=84, unknown=922, distance=4.61, revisit_penalty=0.0, score=892.67, goal=(-1.46, -6.87)
[exploration_manager-60] [INFO] [1785507608.575654659] [exploration_manager]: Frontier cluster candidate: size=88, unknown=1210, distance=4.05, revisit_penalty=0.0, score=1187.07, goal=(-3.16, -6.07)
[exploration_manager-60] [INFO] [1785507608.579559150] [exploration_manager]: Frontier cluster candidate: size=156, unknown=1282, distance=4.43, revisit_penalty=0.0, score=1268.88, goal=(-5.31, -4.92)
[exploration_manager-60] [INFO] [1785507608.584366298] [exploration_manager]: Frontier cluster candidate: size=57, unknown=1120, distance=4.80, revisit_penalty=0.0, score=1083.44, goal=(1.94, -5.32)
[exploration_manager-60] [INFO] [1785507608.587423365] [exploration_manager]: Frontier cluster candidate: size=37, unknown=1161, distance=5.87, revisit_penalty=0.0, score=1109.65, goal=(3.29, -5.27)
[exploration_manager-60] [INFO] [1785507608.590284417] [exploration_manager]: Frontier cluster candidate: size=109, unknown=1223, distance=6.60, revisit_penalty=0.0, score=1178.83, goal=(4.14, -5.22)
[exploration_manager-60] [INFO] [1785507608.593467218] [exploration_manager]: Frontier cluster candidate: size=79, unknown=1382, distance=8.07, revisit_penalty=0.0, score=1317.14, goal=(5.94, -4.67)
[exploration_manager-60] [INFO] [1785507608.595916097] [exploration_manager]: Frontier cluster candidate: size=107, unknown=765, distance=4.75, revisit_penalty=0.0, score=738.88, goal=(-6.51, -2.37)
[exploration_manager-60] [INFO] [1785507608.599316773] [exploration_manager]: Frontier cluster candidate: size=20, unknown=1026, distance=8.76, revisit_penalty=0.0, score=942.43, goal=(6.94, -3.27)
[exploration_manager-60] [INFO] [1785507608.602988980] [exploration_manager]: Frontier cluster candidate: size=21, unknown=1345, distance=9.23, revisit_penalty=0.0, score=1256.86, goal=(7.44, -3.07)
[exploration_manager-60] [INFO] [1785507608.606133104] [exploration_manager]: Frontier cluster candidate: size=169, unknown=925, distance=9.79, revisit_penalty=0.0, score=860.90, goal=(7.99, -1.37)
[exploration_manager-60] [INFO] [1785507608.610064893] [exploration_manager]: Frontier cluster candidate: size=31, unknown=976, distance=4.87, revisit_penalty=0.0, score=933.49, goal=(-6.41, -0.82)
[exploration_manager-60] [INFO] [1785507608.613056882] [exploration_manager]: Frontier cluster candidate: size=162, unknown=1033, distance=10.17, revisit_penalty=0.0, score=963.69, goal=(7.99, 0.63)
[exploration_manager-60] [INFO] [1785507608.617101905] [exploration_manager]: Frontier cluster candidate: size=33, unknown=1282, distance=4.80, revisit_penalty=0.0, score=1240.59, goal=(-5.86, 0.23)
[rtabmap-46] [33m[ WARN] (2026-07-31 22:20:08.619) Rtabmap.cpp:4334::process() [ROVER_PAIR] valid=1 pairs=129 first=1 last=163[0m
[rtabmap-46] [33m[ WARN] (2026-07-31 22:20:08.619) Rtabmap.cpp:4352::process() [ROVER_POINT] first=(1 0.00 -0.00 -> 0.00 0.00) last=(163 -1.76 -2.27 -> -1.76 -2.27)[0m
[rtabmap-46] [33m[ WARN] (2026-07-31 22:20:08.619) Rtabmap.cpp:4373::process() [ROVER_SET] before=129 after=129[0m
[rtabmap-46] [33m[ WARN] (2026-07-31 22:20:08.619) Rtabmap.cpp:4387::process() [ROVER_CENTER] before=(1.072 -0.824) after=(1.076 -0.789)[0m
[rtabmap-46] [33m[ WARN] (2026-07-31 22:20:08.619) Rtabmap.cpp:4409::process() [ROVER_TRANSFORM] scale=1.00000 yaw=-1.581deg tx=0.018 ty=-0.006[0m
[rtabmap-46] [33m[ WARN] (2026-07-31 22:20:08.619) Rtabmap.cpp:4428::process() [ROVER_SET] first_before=(0.00 -0.00) first_after=(0.00 0.00)[0m
[rtabmap-46] [33m[ WARN] (2026-07-31 22:20:08.619) Rtabmap.cpp:4453::process() [ROVER_RESULT] current=163 target=28 rmse=0.14178 mean=0.07619 max=0.74564 max_id=61 pairs=129 suspicious=1[0m
[rtabmap-46] [33m[ WARN] (2026-07-31 22:20:08.620) Rtabmap.cpp:4488::process() [ROVER] LOOP_EVENT before=129, after=129, new_loops=1[0m
[rtabmap-46] [33m[ WARN] (2026-07-31 22:20:08.620) Rtabmap.cpp:4496::process() [ROVER] Added link 163 -> 28[0m
[exploration_manager-60] [INFO] [1785507608.621035846] [exploration_manager]: Frontier cluster candidate: size=175, unknown=1173, distance=5.93, revisit_penalty=0.0, score=1148.73, goal=(-3.56, 3.38)
[exploration_manager-60] [INFO] [1785507608.623282668] [exploration_manager]: Frontier cluster candidate: size=83, unknown=1461, distance=9.96, revisit_penalty=0.0, score=1378.03, goal=(6.64, 3.08)
[exploration_manager-60] [INFO] [1785507608.625761392] [exploration_manager]: Frontier cluster candidate: size=26, unknown=1284, distance=9.46, revisit_penalty=0.0, score=1194.59, goal=(5.39, 3.93)
[exploration_manager-60] [INFO] [1785507608.629369881] [exploration_manager]: Frontier cluster candidate: size=439, unknown=798, distance=8.11, revisit_penalty=500.0, score=304.71, goal=(2.34, 4.73)
[exploration_manager-60] [INFO] [1785507608.631048116] [exploration_manager]: Frontier candidates=2359, clusters=68, valid_clusters=20
[exploration_manager-60] [INFO] [1785507608.632292420] [exploration_manager]: DEBUG: calling visualize_debug()
[rtabmap-46] [0m[INFO] [1785507608.817758604] [rtabmap]: rtabmap (167): Rate=1.00s, Limit=0.000s, Conversion=0.0008s, RTAB-Map=0.3038s, Maps update=0.1589s pub=0.0362s delay=0.1770s (local map=129, WM=129)[0m
[controller_server-48] [INFO] [1785507608.896939629] [local_costmap.local_costmap]: StaticLayer: Resizing static layer to 323 X 270 at 0.050000 m/pix
[exploration_manager-60] [INFO] [1785507609.343026800] [exploration_manager]: Debug map saved to: /home/tsehsun/frontier_debug/frontier_debug_latest.png
[exploration_manager-60] [INFO] [1785507609.344611136] [exploration_manager]: Best frontier cluster selected: cluster_size=156, unknown=1452, score=1433.81, x=0.99, y=-6.37, dist=4.94
[exploration_manager-60] [INFO] [1785507609.346381209] [exploration_manager]: Goal generated successfully.
[exploration_manager-60] [INFO] [1785507609.347299060] [exploration_manager]: Sending frontier goal to Nav2: x=0.99, y=-6.37
[bt_navigator-53] [INFO] [1785507609.348528695] [bt_navigator]: Begin navigating from current location (-1.76, -2.27) to (0.99, -6.37)
[exploration_manager-60] [INFO] [1785507609.350818155] [exploration_manager]: Navigation goal accepted.
[controller_server-48] [INFO] [1785507609.371648268] [controller_server]: Received a goal, begin computing control effort.
[planner_server-50] [INFO] [1785507609.736669250] [global_costmap.global_costmap]: StaticLayer: Resizing costmap to 323 X 270 at 0.050000 m/pix
[controller_server-48] [WARN] [1785507609.922934721] [controller_server]: Control loop missed its desired rate of 20.0000 Hz. Current loop rate is 83.3333 Hz.
[controller_server-48] [WARN] [1785507610.024311879] [controller_server]: Control loop missed its desired rate of 20.0000 Hz. Current loop rate is 111.1111 Hz.
[controller_server-48] [INFO] [1785507610.424474208] [controller_server]: Passing new path to controller.
[controller_server-48] [WARN] [1785507611.175506096] [controller_server]: Control loop missed its desired rate of 20.0000 Hz. Current loop rate is 66.6667 Hz.
[controller_server-48] [INFO] [1785507611.475686886] [controller_server]: Passing new path to controller.
[rtabmap-46] [31m[ERROR] (2026-07-31 22:20:11.674) Rtabmap.cpp:3569::process() [ROVER] TRY_ADD_GLOBAL current=168 target=28[0m
[rtabmap-46] [31m[ERROR] (2026-07-31 22:20:11.674) Rtabmap.cpp:3576::process() [ROVER] ADD_RESULT rejected=0[0m
[controller_server-48] [WARN] [1785507611.676908764] [controller_server]: Control loop missed its desired rate of 20.0000 Hz. Current loop rate is 55.5556 Hz.
[controller_server-48] [WARN] [1785507611.728077625] [controller_server]: Control loop missed its desired rate of 20.0000 Hz. Current loop rate is 83.3333 Hz.
[rtabmap-46] [33m[ WARN] (2026-07-31 22:20:11.746) Rtabmap.cpp:4334::process() [ROVER_PAIR] valid=1 pairs=130 first=1 last=168[0m
[rtabmap-46] [33m[ WARN] (2026-07-31 22:20:11.746) Rtabmap.cpp:4352::process() [ROVER_POINT] first=(1 0.00 0.00 -> 0.00 -0.00) last=(168 -1.76 -2.27 -> -1.77 -2.25)[0m
[rtabmap-46] [33m[ WARN] (2026-07-31 22:20:11.746) Rtabmap.cpp:4373::process() [ROVER_SET] before=130 after=130[0m
[rtabmap-46] [33m[ WARN] (2026-07-31 22:20:11.746) Rtabmap.cpp:4387::process() [ROVER_CENTER] before=(1.054 -0.801) after=(1.062 -0.847)[0m
[rtabmap-46] [33m[ WARN] (2026-07-31 22:20:11.746) Rtabmap.cpp:4409::process() [ROVER_TRANSFORM] scale=1.00000 yaw=2.321deg tx=-0.042 ty=0.003[0m
[rtabmap-46] [33m[ WARN] (2026-07-31 22:20:11.746) Rtabmap.cpp:4428::process() [ROVER_SET] first_before=(0.00 0.00) first_after=(0.00 -0.00)[0m
[rtabmap-46] [33m[ WARN] (2026-07-31 22:20:11.746) Rtabmap.cpp:4453::process() [ROVER_RESULT] current=168 target=28 rmse=0.18877 mean=0.10119 max=1.08786 max_id=62 pairs=130 suspicious=1[0m
[rtabmap-46] [33m[ WARN] (2026-07-31 22:20:11.746) Rtabmap.cpp:4488::process() [ROVER] LOOP_EVENT before=130, after=130, new_loops=1[0m
[rtabmap-46] [33m[ WARN] (2026-07-31 22:20:11.746) Rtabmap.cpp:4496::process() [ROVER] Added link 168 -> 28[0m
[controller_server-48] [WARN] [1785507611.781620674] [controller_server]: Control loop missed its desired rate of 20.0000 Hz. Current loop rate is 66.6667 Hz.
[controller_server-48] [WARN] [1785507611.832633540] [controller_server]: Control loop missed its desired rate of 20.0000 Hz. Current loop rate is 66.6667 Hz.
[controller_server-48] [WARN] [1785507611.884621422] [controller_server]: Control loop missed its desired rate of 20.0000 Hz. Current loop rate is 66.6667 Hz.
[rtabmap-46] [0m[INFO] [1785507611.958333825] [rtabmap]: rtabmap (168): Rate=1.00s, Limit=0.000s, Conversion=0.0009s, RTAB-Map=0.3714s, Maps update=0.1695s pub=0.0398s delay=0.2130s (local map=130, WM=130)[0m
[controller_server-48] [WARN] [1785507612.045984815] [controller_server]: Control loop missed its desired rate of 20.0000 Hz. Current loop rate is 111.1111 Hz.
[controller_server-48] [INFO] [1785507612.157080339] [local_costmap.local_costmap]: StaticLayer: Resizing static layer to 327 X 269 at 0.050000 m/pix
[controller_server-48] [WARN] [1785507612.157240397] [controller_server]: Control loop missed its desired rate of 20.0000 Hz. Current loop rate is 66.6667 Hz.
[controller_server-48] [WARN] [1785507612.518467022] [controller_server]: Control loop missed its desired rate of 20.0000 Hz. Current loop rate is 55.5556 Hz.
[controller_server-48] [INFO] [1785507612.518541934] [controller_server]: Passing new path to controller.
[planner_server-50] [INFO] [1785507612.736709863] [global_costmap.global_costmap]: StaticLayer: Resizing costmap to 327 X 269 at 0.050000 m/pix
[controller_server-48] [INFO] [1785507613.568655232] [controller_server]: Passing new path to controller.
[controller_server-48] [WARN] [1785507613.900673759] [controller_server]: Control loop missed its desired rate of 20.0000 Hz. Current loop rate is 55.5556 Hz.
[controller_server-48] [WARN] [1785507614.012064573] [controller_server]: Control loop missed its desired rate of 20.0000 Hz. Current loop rate is 66.6667 Hz.
[controller_server-48] [WARN] [1785507614.123679309] [controller_server]: Control loop missed its desired rate of 20.0000 Hz. Current loop rate is 66.6667 Hz.
[controller_server-48] [INFO] [1785507614.573873392] [controller_server]: Passing new path to controller.
[rtabmap-46] [31m[ERROR] (2026-07-31 22:20:14.770) Rtabmap.cpp:3569::process() [ROVER] TRY_ADD_GLOBAL current=169 target=27[0m
[rtabmap-46] [31m[ERROR] (2026-07-31 22:20:14.770) Rtabmap.cpp:3576::process() [ROVER] ADD_RESULT rejected=0[0m
[rtabmap-46] [33m[ WARN] (2026-07-31 22:20:14.840) Rtabmap.cpp:4334::process() [ROVER_PAIR] valid=1 pairs=131 first=1 last=169[0m
[rtabmap-46] [33m[ WARN] (2026-07-31 22:20:14.840) Rtabmap.cpp:4352::process() [ROVER_POINT] first=(1 0.00 -0.00 -> 0.00 -0.00) last=(169 -1.77 -2.25 -> -1.76 -2.26)[0m
[rtabmap-46] [33m[ WARN] (2026-07-31 22:20:14.840) Rtabmap.cpp:4373::process() [ROVER_SET] before=131 after=131[0m
[rtabmap-46] [33m[ WARN] (2026-07-31 22:20:14.840) Rtabmap.cpp:4387::process() [ROVER_CENTER] before=(1.041 -0.858) after=(1.003 -0.822)[0m
[rtabmap-46] [33m[ WARN] (2026-07-31 22:20:14.840) Rtabmap.cpp:4409::process() [ROVER_TRANSFORM] scale=1.00000 yaw=-1.733deg tx=0.063 ty=-0.006[0m
[rtabmap-46] [33m[ WARN] (2026-07-31 22:20:14.840) Rtabmap.cpp:4428::process() [ROVER_SET] first_before=(0.00 -0.00) first_after=(0.00 -0.00)[0m
[rtabmap-46] [33m[ WARN] (2026-07-31 22:20:14.840) Rtabmap.cpp:4453::process() [ROVER_RESULT] current=169 target=27 rmse=0.23030 mean=0.10752 max=1.28677 max_id=63 pairs=131 suspicious=1[0m
[rtabmap-46] [33m[ WARN] (2026-07-31 22:20:14.840) Rtabmap.cpp:4488::process() [ROVER] LOOP_EVENT before=131, after=131, new_loops=1[0m
[rtabmap-46] [33m[ WARN] (2026-07-31 22:20:14.840) Rtabmap.cpp:4496::process() [ROVER] Added link 169 -> 27[0m
[rtabmap-46] [0m[INFO] [1785507615.066848705] [rtabmap]: rtabmap (169): Rate=1.00s, Limit=0.000s, Conversion=0.0007s, RTAB-Map=0.3940s, Maps update=0.1814s pub=0.0403s delay=0.2250s (local map=131, WM=131)[0m
[controller_server-48] [INFO] [1785507615.097031307] [local_costmap.local_costmap]: StaticLayer: Resizing static layer to 316 X 270 at 0.050000 m/pix
[controller_server-48] [WARN] [1785507615.245410975] [controller_server]: Control loop missed its desired rate of 20.0000 Hz. Current loop rate is 47.6190 Hz.
[controller_server-48] [WARN] [1785507615.346659802] [controller_server]: Control loop missed its desired rate of 20.0000 Hz. Current loop rate is 47.6190 Hz.
[controller_server-48] [INFO] [1785507615.596843069] [controller_server]: Passing new path to controller.
[planner_server-50] [INFO] [1785507615.736635876] [global_costmap.global_costmap]: StaticLayer: Resizing costmap to 316 X 270 at 0.050000 m/pix
[controller_server-48] [WARN] [1785507615.797930416] [controller_server]: Control loop missed its desired rate of 20.0000 Hz. Current loop rate is 55.5556 Hz.
[controller_server-48] [INFO] [1785507616.648139658] [controller_server]: Passing new path to controller.
[controller_server-48] [WARN] [1785507616.719653554] [controller_server]: Control loop missed its desired rate of 20.0000 Hz. Current loop rate is 55.5556 Hz.
[controller_server-48] [WARN] [1785507617.621358763] [controller_server]: Control loop missed its desired rate of 20.0000 Hz. Current loop rate is 55.5556 Hz.
[rtabmap-46] [31m[ERROR] (2026-07-31 22:20:17.656) Rtabmap.cpp:3569::process() [ROVER] TRY_ADD_GLOBAL current=170 target=154[0m
[rtabmap-46] [31m[ERROR] (2026-07-31 22:20:17.656) Rtabmap.cpp:3576::process() [ROVER] ADD_RESULT rejected=0[0m
[controller_server-48] [INFO] [1785507617.671548594] [controller_server]: Passing new path to controller.
[controller_server-48] [WARN] [1785507617.722951703] [controller_server]: Control loop missed its desired rate of 20.0000 Hz. Current loop rate is 66.6667 Hz.
[rtabmap-46] [33m[ WARN] (2026-07-31 22:20:17.728) Rtabmap.cpp:4334::process() [ROVER_PAIR] valid=1 pairs=132 first=1 last=170[0m
[rtabmap-46] [33m[ WARN] (2026-07-31 22:20:17.728) Rtabmap.cpp:4352::process() [ROVER_POINT] first=(1 0.00 -0.00 -> 0.00 0.00) last=(170 -1.76 -2.26 -> -1.74 -2.26)[0m
[rtabmap-46] [33m[ WARN] (2026-07-31 22:20:17.728) Rtabmap.cpp:4373::process() [ROVER_SET] before=132 after=132[0m
[rtabmap-46] [33m[ WARN] (2026-07-31 22:20:17.728) Rtabmap.cpp:4387::process() [ROVER_CENTER] before=(0.982 -0.833) after=(0.984 -0.871)[0m
[rtabmap-46] [33m[ WARN] (2026-07-31 22:20:17.728) Rtabmap.cpp:4409::process() [ROVER_TRANSFORM] scale=1.00000 yaw=1.225deg tx=-0.021 ty=0.017[0m
[rtabmap-46] [33m[ WARN] (2026-07-31 22:20:17.728) Rtabmap.cpp:4428::process() [ROVER_SET] first_before=(0.00 -0.00) first_after=(0.00 0.00)[0m
[rtabmap-46] [33m[ WARN] (2026-07-31 22:20:17.728) Rtabmap.cpp:4453::process() [ROVER_RESULT] current=170 target=154 rmse=0.16349 mean=0.07469 max=0.99028 max_id=65 pairs=132 suspicious=1[0m
[rtabmap-46] [33m[ WARN] (2026-07-31 22:20:17.728) Rtabmap.cpp:4488::process() [ROVER] LOOP_EVENT before=132, after=132, new_loops=1[0m
[rtabmap-46] [33m[ WARN] (2026-07-31 22:20:17.728) Rtabmap.cpp:4496::process() [ROVER] Added link 170 -> 154[0m
[controller_server-48] [WARN] [1785507617.775513090] [controller_server]: Control loop missed its desired rate of 20.0000 Hz. Current loop rate is 55.5556 Hz.
[rtabmap-46] [0m[INFO] [1785507617.944464772] [rtabmap]: rtabmap (170): Rate=1.00s, Limit=0.000s, Conversion=0.0009s, RTAB-Map=0.3663s, Maps update=0.1763s pub=0.0359s delay=0.2400s (local map=132, WM=132)[0m
[controller_server-48] [INFO] [1785507618.126742927] [local_costmap.local_costmap]: StaticLayer: Resizing static layer to 320 X 270 at 0.050000 m/pix
[controller_server-48] [WARN] [1785507618.127386441] [controller_server]: Control loop missed its desired rate of 20.0000 Hz. Current loop rate is 66.6667 Hz.
[controller_server-48] [WARN] [1785507618.199908712] [controller_server]: Control loop missed its desired rate of 20.0000 Hz. Current loop rate is 66.6667 Hz.
[controller_server-48] [WARN] [1785507618.461080762] [controller_server]: Control loop missed its desired rate of 20.0000 Hz. Current loop rate is 55.5556 Hz.
[controller_server-48] [WARN] [1785507618.612190313] [controller_server]: Control loop missed its desired rate of 20.0000 Hz. Current loop rate is 66.6667 Hz.
[controller_server-48] [INFO] [1785507618.662369179] [controller_server]: Passing new path to controller.
[planner_server-50] [INFO] [1785507618.736646254] [global_costmap.global_costmap]: StaticLayer: Resizing costmap to 320 X 270 at 0.050000 m/pix
[controller_server-48] [WARN] [1785507619.523668581] [controller_server]: Control loop missed its desired rate of 20.0000 Hz. Current loop rate is 66.6667 Hz.
[controller_server-48] [WARN] [1785507619.616266470] [controller_server]: Control loop missed its desired rate of 20.0000 Hz. Current loop rate is 55.5556 Hz.
[controller_server-48] [WARN] [1785507619.728613522] [controller_server]: Control loop missed its desired rate of 20.0000 Hz. Current loop rate is 66.6667 Hz.
[controller_server-48] [INFO] [1785507619.728723361] [controller_server]: Passing new path to controller.
[controller_server-48] [WARN] [1785507619.930107495] [controller_server]: Control loop missed its desired rate of 20.0000 Hz. Current loop rate is 66.6667 Hz.
[controller_server-48] [WARN] [1785507620.031362240] [controller_server]: Control loop missed its desired rate of 20.0000 Hz. Current loop rate is 66.6667 Hz.
[controller_server-48] [WARN] [1785507620.232715470] [controller_server]: Control loop missed its desired rate of 20.0000 Hz. Current loop rate is 83.3333 Hz.
[controller_server-48] [WARN] [1785507620.344472278] [controller_server]: Control loop missed its desired rate of 20.0000 Hz. Current loop rate is 111.1111 Hz.
[controller_server-48] [WARN] [1785507620.455873649] [controller_server]: Control loop missed its desired rate of 20.0000 Hz. Current loop rate is 66.6667 Hz.
[rtabmap-46] [31m[ERROR] (2026-07-31 22:20:20.535) Rtabmap.cpp:3569::process() [ROVER] TRY_ADD_GLOBAL current=171 target=155[0m
[rtabmap-46] [31m[ERROR] (2026-07-31 22:20:20.535) Rtabmap.cpp:3576::process() [ROVER] ADD_RESULT rejected=0[0m
[controller_server-48] [WARN] [1785507620.557331297] [controller_server]: Control loop missed its desired rate of 20.0000 Hz. Current loop rate is 83.3333 Hz.
[rtabmap-46] [33m[ WARN] (2026-07-31 22:20:20.609) Rtabmap.cpp:4334::process() [ROVER_PAIR] valid=1 pairs=133 first=1 last=171[0m
[rtabmap-46] [33m[ WARN] (2026-07-31 22:20:20.609) Rtabmap.cpp:4352::process() [ROVER_POINT] first=(1 0.00 0.00 -> 0.00 -0.00) last=(171 -1.74 -2.26 -> -1.74 -2.24)[0m
[rtabmap-46] [33m[ WARN] (2026-07-31 22:20:20.609) Rtabmap.cpp:4373::process() [ROVER_SET] before=133 after=133[0m
[rtabmap-46] [33m[ WARN] (2026-07-31 22:20:20.609) Rtabmap.cpp:4387::process() [ROVER_CENTER] before=(0.963 -0.881) after=(0.951 -0.877)[0m
[rtabmap-46] [33m[ WARN] (2026-07-31 22:20:20.609) Rtabmap.cpp:4409::process() [ROVER_TRANSFORM] scale=1.00000 yaw=0.125deg tx=0.010 ty=-0.006[0m
[rtabmap-46] [33m[ WARN] (2026-07-31 22:20:20.609) Rtabmap.cpp:4428::process() [ROVER_SET] first_before=(0.00 0.00) first_after=(0.00 -0.00)[0m
[rtabmap-46] [33m[ WARN] (2026-07-31 22:20:20.609) Rtabmap.cpp:4453::process() [ROVER_RESULT] current=171 target=155 rmse=0.11540 mean=0.05209 max=0.54065 max_id=63 pairs=133 suspicious=1[0m
[rtabmap-46] [33m[ WARN] (2026-07-31 22:20:20.609) Rtabmap.cpp:4488::process() [ROVER] LOOP_EVENT before=133, after=133, new_loops=1[0m
[rtabmap-46] [33m[ WARN] (2026-07-31 22:20:20.609) Rtabmap.cpp:4496::process() [ROVER] Added link 171 -> 155[0m
